# This file uses centimeters as units for non-parametric coordinates.

mtllib Jeep.mtl
g default
v 1.053031 1.585018 4.510072
v 1.919073 1.596623 4.510072
v 1.237288 0.160602 4.046491
v 1.154105 0.173110 4.050917
v 1.078695 0.211633 4.063761
v 1.018448 0.272402 4.083766
v 0.979251 0.349467 4.108974
v 1.068402 0.438162 4.136918
v 1.234437 0.373668 3.628287
v 1.151275 0.384141 3.636706
v 1.075950 0.416762 3.661138
v 1.015825 0.468336 3.699190
v 0.976786 0.533814 3.747139
v 1.066106 0.609667 3.800291
v 1.229986 0.705526 3.296401
v 1.146873 0.712831 3.307988
v 1.071667 0.736258 3.341613
v 1.011732 0.773510 3.393988
v 0.972938 0.820944 3.459984
v 1.062521 0.876792 3.533141
v 1.224383 1.123692 3.083314
v 1.141319 1.127004 3.096936
v 1.066273 1.138845 3.136467
v 1.006577 1.158052 3.198037
v 0.968090 1.182747 3.275621
v 1.058011 1.213389 3.361621
v 1.218176 1.587231 3.009891
v 1.135173 1.586119 3.024213
v 1.060291 1.585116 3.065778
v 1.000867 1.584319 3.130516
v 0.962714 1.583808 3.212092
v 1.053031 1.585018 3.302519
v 1.211961 2.050771 3.083316
v 1.129017 2.045234 3.096937
v 1.054311 2.031388 3.136468
v 0.995158 2.010588 3.198037
v 0.957340 1.984871 3.275621
v 1.048051 1.956648 3.361622
v 1.206362 2.468937 3.296401
v 1.123467 2.459407 3.307988
v 1.048916 2.433975 3.341613
v 0.990003 2.395129 3.393988
v 0.952492 2.346673 3.459985
v 1.043543 2.293244 3.533141
v 1.201915 2.800794 3.628289
v 1.119063 2.788096 3.636707
v 1.044635 2.753469 3.661139
v 0.985916 2.700303 3.699190
v 0.948647 2.633802 3.747139
v 1.039962 2.560370 3.800291
v 1.199056 3.013860 4.046491
v 1.116234 2.999128 4.050919
v 1.041885 2.958597 4.063762
v 0.983286 2.896236 4.083766
v 0.946178 2.818149 4.108976
v 1.037668 2.731875 4.136919
v 1.198072 3.087277 4.510072
v 1.115263 3.071844 4.510072
v 1.040937 3.029280 4.510072
v 0.982382 2.963751 4.510072
v 0.945325 2.881672 4.510072
v 1.036872 2.790971 4.510072
v 1.199056 3.013860 4.973654
v 1.116234 2.999128 4.969227
v 1.041885 2.958597 4.956382
v 0.983286 2.896237 4.936380
v 0.946178 2.818150 4.911170
v 1.037668 2.731875 4.883226
v 1.201915 2.800794 5.391857
v 1.119063 2.788096 5.383438
v 1.044635 2.753469 5.359006
v 0.985916 2.700303 5.320954
v 0.948647 2.633802 5.273005
v 1.039962 2.560370 5.219853
v 1.206362 2.468937 5.723744
v 1.123467 2.459407 5.712156
v 1.048916 2.433975 5.678530
v 0.990003 2.395129 5.626155
v 0.952492 2.346673 5.560159
v 1.043543 2.293244 5.487003
v 1.211961 2.050771 5.936829
v 1.129017 2.045233 5.923210
v 1.054311 2.031388 5.883678
v 0.995158 2.010587 5.822109
v 0.957340 1.984870 5.744524
v 1.048051 1.956648 5.658523
v 1.218176 1.587231 6.010254
v 1.135173 1.586119 5.995931
v 1.060291 1.585116 5.954366
v 1.000867 1.584320 5.889628
v 0.962714 1.583808 5.808052
v 1.053031 1.585018 5.717624
v 1.224383 1.123692 5.936829
v 1.141319 1.127005 5.923210
v 1.066273 1.138845 5.883678
v 1.006577 1.158052 5.822109
v 0.968090 1.182747 5.744524
v 1.058011 1.213390 5.658523
v 1.229986 0.705526 5.723744
v 1.146873 0.712832 5.712156
v 1.071667 0.736258 5.678530
v 1.011732 0.773510 5.626155
v 0.972938 0.820944 5.560159
v 1.062521 0.876793 5.487003
v 1.234437 0.373668 5.391857
v 1.151275 0.384142 5.383438
v 1.075950 0.416763 5.359006
v 1.015825 0.468337 5.320954
v 0.976786 0.533815 5.273005
v 1.066106 0.609668 5.219853
v 1.237288 0.160603 4.973654
v 1.154103 0.173111 4.969227
v 1.078695 0.211634 4.956382
v 1.018448 0.272403 4.936380
v 0.979251 0.349468 4.911170
v 1.068402 0.438163 4.883226
v 1.238272 0.087185 4.510072
v 1.155079 0.100394 4.510072
v 1.079639 0.140952 4.510072
v 1.019351 0.204889 4.510072
v 0.980104 0.285946 4.510072
v 1.069194 0.379067 4.510072
v 1.774606 0.167801 4.046491
v 1.857428 0.182534 4.050917
v 1.931777 0.223064 4.063761
v 1.990375 0.285425 4.083766
v 2.027487 0.363513 4.108974
v 1.934483 0.446761 4.136918
v 1.771750 0.380867 3.628287
v 1.854602 0.393566 3.636706
v 1.929026 0.428192 3.661138
v 1.987750 0.481359 3.699190
v 2.025021 0.547860 3.747139
v 1.932186 0.618266 3.800291
v 1.767304 0.712726 3.296401
v 1.850198 0.722256 3.307988
v 1.924745 0.747688 3.341613
v 1.983663 0.786533 3.393988
v 2.021170 0.834989 3.459985
v 1.928605 0.885391 3.533141
v 1.761705 1.130892 3.083314
v 1.844648 1.136428 3.096936
v 1.919351 1.150275 3.136467
v 1.978512 1.171075 3.198037
v 2.016325 1.196792 3.275621
v 1.924097 1.221988 3.361621
v 1.755489 1.594431 3.009891
v 1.838492 1.595544 3.024213
v 1.913375 1.596546 3.065778
v 1.972798 1.597343 3.130516
v 2.010947 1.597854 3.212092
v 1.919073 1.596623 3.302519
v 1.749282 2.057971 3.083316
v 1.832342 2.054658 3.096937
v 1.907393 2.042818 3.136468
v 1.967088 2.023611 3.198037
v 2.005576 1.998916 3.275621
v 1.914055 1.971258 3.361622
v 1.743679 2.476136 3.296401
v 1.826793 2.468831 3.307988
v 1.901999 2.445405 3.341613
v 1.961936 2.408153 3.393988
v 2.000728 2.360719 3.459984
v 1.909543 2.307855 3.533141
v 1.739228 2.807995 3.628289
v 1.822391 2.797520 3.636707
v 1.897717 2.764900 3.661139
v 1.957840 2.713327 3.699190
v 1.996878 2.647847 3.747139
v 1.905963 2.574980 3.800291
v 1.736373 3.021060 4.046491
v 1.819563 3.008553 4.050919
v 1.894969 2.970029 4.063762
v 1.955217 2.909261 4.083766
v 1.994410 2.832196 4.108976
v 1.903665 2.746485 4.136919
v 1.735390 3.094477 4.510072
v 1.818591 3.081269 4.510072
v 1.894026 3.040711 4.510072
v 1.954314 2.976774 4.510072
v 1.993559 2.895717 4.510072
v 1.902875 2.805581 4.510072
v 1.736373 3.021060 4.973654
v 1.819563 3.008553 4.969227
v 1.894969 2.970029 4.956382
v 1.955217 2.909261 4.936380
v 1.994410 2.832196 4.911170
v 1.903665 2.746485 4.883226
v 1.739228 2.807995 5.391857
v 1.822391 2.797520 5.383438
v 1.897717 2.764900 5.359006
v 1.957840 2.713327 5.320954
v 1.996878 2.647847 5.273005
v 1.905963 2.574980 5.219853
v 1.743679 2.476136 5.723744
v 1.826793 2.468831 5.712156
v 1.901999 2.445405 5.678530
v 1.961936 2.408152 5.626155
v 2.000728 2.360719 5.560159
v 1.909543 2.307855 5.487003
v 1.749282 2.057971 5.936829
v 1.832342 2.054657 5.923210
v 1.907393 2.042818 5.883678
v 1.967088 2.023610 5.822109
v 2.005576 1.998915 5.744524
v 1.914055 1.971258 5.658523
v 1.755489 1.594431 6.010254
v 1.838492 1.595544 5.995931
v 1.913375 1.596546 5.954366
v 1.972798 1.597343 5.889628
v 2.010947 1.597854 5.808052
v 1.919073 1.596623 5.717624
v 1.761705 1.130892 5.936829
v 1.844648 1.136429 5.923210
v 1.919351 1.150275 5.883678
v 1.978512 1.171075 5.822109
v 2.016325 1.196793 5.744524
v 1.924097 1.221988 5.658523
v 1.767304 0.712726 5.723744
v 1.850198 0.722256 5.712156
v 1.924749 0.747689 5.678530
v 1.983663 0.786533 5.626155
v 2.021170 0.834989 5.560159
v 1.928605 0.885391 5.487003
v 1.771750 0.380869 5.391857
v 1.854602 0.393566 5.383438
v 1.929026 0.428193 5.359006
v 1.987750 0.481360 5.320954
v 2.025021 0.547861 5.273005
v 1.932186 0.618266 5.219853
v 1.774606 0.167802 4.973654
v 1.857428 0.182534 4.969227
v 1.931777 0.223065 4.956382
v 1.990375 0.285426 4.936380
v 2.027487 0.363513 4.911170
v 1.934483 0.446762 4.883226
v 1.775589 0.094385 4.510072
v 1.858404 0.109819 4.510072
v 1.932728 0.152383 4.510072
v 1.991280 0.217912 4.510072
v 2.028342 0.299992 4.510072
v 1.935276 0.387666 4.510072
v -3.900871 1.585018 4.510072
v -3.034829 1.596623 4.510072
v -3.716615 0.160602 4.046491
v -3.799797 0.173110 4.050917
v -3.875208 0.211633 4.063761
v -3.935453 0.272402 4.083766
v -3.974650 0.349467 4.108974
v -3.885500 0.438162 4.136918
v -3.719465 0.373668 3.628287
v -3.802628 0.384141 3.636706
v -3.877952 0.416762 3.661138
v -3.938077 0.468336 3.699190
v -3.977117 0.533814 3.747139
v -3.887796 0.609667 3.800291
v -3.723916 0.705526 3.296401
v -3.807030 0.712831 3.307988
v -3.882236 0.736258 3.341613
v -3.942170 0.773510 3.393988
v -3.980965 0.820944 3.459984
v -3.891381 0.876792 3.533141
v -3.729519 1.123692 3.083314
v -3.812583 1.127004 3.096936
v -3.887630 1.138845 3.136467
v -3.947325 1.158052 3.198037
v -3.985812 1.182747 3.275621
v -3.895892 1.213389 3.361621
v -3.735726 1.587231 3.009891
v -3.818729 1.586119 3.024213
v -3.893612 1.585116 3.065778
v -3.953034 1.584319 3.130516
v -3.991188 1.583808 3.212092
v -3.900871 1.585018 3.302519
v -3.741941 2.050771 3.083316
v -3.824885 2.045234 3.096937
v -3.899591 2.031388 3.136468
v -3.958744 2.010588 3.198037
v -3.996562 1.984871 3.275621
v -3.905851 1.956648 3.361622
v -3.747540 2.468937 3.296401
v -3.830435 2.459407 3.307988
v -3.904985 2.433975 3.341613
v -3.963900 2.395129 3.393988
v -4.001410 2.346673 3.459985
v -3.910359 2.293244 3.533141
v -3.751987 2.800794 3.628289
v -3.834839 2.788096 3.636707
v -3.909266 2.753469 3.661139
v -3.967986 2.700303 3.699190
v -4.005256 2.633802 3.747139
v -3.913940 2.560370 3.800291
v -3.754847 3.013860 4.046491
v -3.837668 2.999128 4.050919
v -3.912018 2.958597 4.063762
v -3.970615 2.896236 4.083766
v -4.007724 2.818149 4.108976
v -3.916235 2.731875 4.136919
v -3.755830 3.087277 4.510072
v -3.838639 3.071844 4.510072
v -3.912965 3.029280 4.510072
v -3.971520 2.963751 4.510072
v -4.008576 2.881672 4.510072
v -3.917030 2.790971 4.510072
v -3.754847 3.013860 4.973654
v -3.837668 2.999128 4.969227
v -3.912018 2.958597 4.956382
v -3.970615 2.896237 4.936380
v -4.007724 2.818150 4.911170
v -3.916235 2.731875 4.883226
v -3.751987 2.800794 5.391857
v -3.834839 2.788096 5.383438
v -3.909266 2.753469 5.359006
v -3.967986 2.700303 5.320954
v -4.005256 2.633802 5.273005
v -3.913940 2.560370 5.219853
v -3.747540 2.468937 5.723744
v -3.830435 2.459407 5.712156
v -3.904985 2.433975 5.678530
v -3.963900 2.395129 5.626155
v -4.001410 2.346673 5.560159
v -3.910359 2.293244 5.487003
v -3.741941 2.050771 5.936829
v -3.824885 2.045233 5.923210
v -3.899591 2.031388 5.883678
v -3.958744 2.010587 5.822109
v -3.996562 1.984870 5.744524
v -3.905851 1.956648 5.658523
v -3.735726 1.587231 6.010254
v -3.818729 1.586119 5.995931
v -3.893612 1.585116 5.954366
v -3.953034 1.584320 5.889628
v -3.991188 1.583808 5.808052
v -3.900871 1.585018 5.717624
v -3.729519 1.123692 5.936829
v -3.812583 1.127005 5.923210
v -3.887630 1.138845 5.883678
v -3.947325 1.158052 5.822109
v -3.985812 1.182747 5.744524
v -3.895892 1.213390 5.658523
v -3.723916 0.705526 5.723744
v -3.807030 0.712832 5.712156
v -3.882236 0.736258 5.678530
v -3.942170 0.773510 5.626155
v -3.980965 0.820944 5.560159
v -3.891381 0.876793 5.487003
v -3.719465 0.373668 5.391857
v -3.802628 0.384142 5.383438
v -3.877953 0.416763 5.359006
v -3.938077 0.468337 5.320954
v -3.977117 0.533815 5.273005
v -3.887796 0.609668 5.219853
v -3.716615 0.160603 4.973654
v -3.799800 0.173111 4.969227
v -3.875208 0.211634 4.956382
v -3.935453 0.272403 4.936380
v -3.974650 0.349468 4.911170
v -3.885500 0.438163 4.883226
v -3.715631 0.087185 4.510072
v -3.798823 0.100394 4.510072
v -3.874263 0.140952 4.510072
v -3.934551 0.204889 4.510072
v -3.973798 0.285946 4.510072
v -3.884708 0.379067 4.510072
v -3.179296 0.167801 4.046491
v -3.096475 0.182534 4.050917
v -3.022125 0.223064 4.063761
v -2.963528 0.285425 4.083766
v -2.926415 0.363513 4.108974
v -3.019420 0.446761 4.136918
v -3.182152 0.380867 3.628287
v -3.099300 0.393566 3.636706
v -3.024877 0.428192 3.661138
v -2.966153 0.481359 3.699190
v -2.928882 0.547860 3.747139
v -3.021716 0.618266 3.800291
v -3.186599 0.712726 3.296401
v -3.103704 0.722256 3.307988
v -3.029158 0.747688 3.341613
v -2.970240 0.786533 3.393988
v -2.932733 0.834989 3.459985
v -3.025297 0.885391 3.533141
v -3.192198 1.130892 3.083314
v -3.109254 1.136428 3.096936
v -3.034552 1.150275 3.136467
v -2.975390 1.171075 3.198037
v -2.937576 1.196792 3.275621
v -3.029805 1.221988 3.361621
v -3.198413 1.594431 3.009891
v -3.115410 1.595544 3.024213
v -3.040527 1.596546 3.065778
v -2.981104 1.597343 3.130516
v -2.942955 1.597854 3.212092
v -3.034829 1.596623 3.302519
v -3.204619 2.057971 3.083316
v -3.121560 2.054658 3.096937
v -3.046509 2.042818 3.136468
v -2.986814 2.023611 3.198037
v -2.948327 1.998916 3.275621
v -3.039847 1.971258 3.361622
v -3.210223 2.476136 3.296401
v -3.127110 2.468831 3.307988
v -3.051904 2.445405 3.341613
v -2.991966 2.408153 3.393988
v -2.953175 2.360719 3.459984
v -3.044359 2.307855 3.533141
v -3.214674 2.807995 3.628289
v -3.131512 2.797520 3.636707
v -3.056185 2.764900 3.661139
v -2.996062 2.713327 3.699190
v -2.957025 2.647847 3.747139
v -3.047939 2.574980 3.800291
v -3.217528 3.021060 4.046491
v -3.134339 3.008553 4.050919
v -3.058933 2.970029 4.063762
v -2.998685 2.909261 4.083766
v -2.959493 2.832196 4.108976
v -3.050237 2.746485 4.136919
v -3.218513 3.094477 4.510072
v -3.135312 3.081269 4.510072
v -3.059876 3.040711 4.510072
v -2.999588 2.976774 4.510072
v -2.960343 2.895717 4.510072
v -3.051026 2.805581 4.510072
v -3.217528 3.021060 4.973654
v -3.134339 3.008553 4.969227
v -3.058933 2.970029 4.956382
v -2.998685 2.909261 4.936380
v -2.959493 2.832196 4.911170
v -3.050237 2.746485 4.883226
v -3.214674 2.807995 5.391857
v -3.131512 2.797520 5.383438
v -3.056185 2.764900 5.359006
v -2.996062 2.713327 5.320954
v -2.957025 2.647847 5.273005
v -3.047939 2.574980 5.219853
v -3.210223 2.476136 5.723744
v -3.127110 2.468831 5.712156
v -3.051904 2.445405 5.678530
v -2.991966 2.408152 5.626155
v -2.953175 2.360719 5.560159
v -3.044359 2.307855 5.487003
v -3.204619 2.057971 5.936829
v -3.121560 2.054657 5.923210
v -3.046509 2.042818 5.883678
v -2.986814 2.023610 5.822109
v -2.948327 1.998915 5.744524
v -3.039847 1.971258 5.658523
v -3.198413 1.594431 6.010254
v -3.115410 1.595544 5.995931
v -3.040527 1.596546 5.954366
v -2.981104 1.597343 5.889628
v -2.942955 1.597854 5.808052
v -3.034829 1.596623 5.717624
v -3.192198 1.130892 5.936829
v -3.109254 1.136429 5.923210
v -3.034552 1.150275 5.883678
v -2.975390 1.171075 5.822109
v -2.937576 1.196793 5.744524
v -3.029805 1.221988 5.658523
v -3.186599 0.712726 5.723744
v -3.103704 0.722256 5.712156
v -3.029153 0.747689 5.678530
v -2.970240 0.786533 5.626155
v -2.932733 0.834989 5.560159
v -3.025297 0.885391 5.487003
v -3.182152 0.380869 5.391857
v -3.099300 0.393566 5.383438
v -3.024877 0.428193 5.359006
v -2.966153 0.481360 5.320954
v -2.928882 0.547861 5.273005
v -3.021716 0.618266 5.219853
v -3.179296 0.167802 4.973654
v -3.096475 0.182534 4.969227
v -3.022125 0.223065 4.956382
v -2.963528 0.285426 4.936380
v -2.926415 0.363513 4.911170
v -3.019420 0.446762 4.883226
v -3.178313 0.094385 4.510072
v -3.095498 0.109819 4.510072
v -3.021174 0.152383 4.510072
v -2.962623 0.217912 4.510072
v -2.925560 0.299992 4.510072
v -3.018626 0.387666 4.510072
v -1.180536 1.898262 -4.219480
v -1.091146 1.876903 -4.222190
v -1.020205 1.843637 -4.224341
v -0.974657 1.801719 -4.225721
v -0.958962 1.755252 -4.226197
v -0.974657 1.708785 -4.225721
v -1.020205 1.666867 -4.224341
v -1.091146 1.633601 -4.222190
v -1.180536 1.612242 -4.219480
v -1.279627 1.604883 -4.216476
v -1.378717 1.612242 -4.213472
v -1.468108 1.633601 -4.210762
v -1.539050 1.666867 -4.208611
v -1.584597 1.708785 -4.207231
v -1.600291 1.755252 -4.206755
v -1.584597 1.801719 -4.207231
v -1.539049 1.843637 -4.208611
v -1.468108 1.876903 -4.210762
v -1.378717 1.898262 -4.213472
v -1.279627 1.905621 -4.216476
v -0.910328 1.898262 4.693495
v -0.820937 1.876903 4.690786
v -0.749995 1.843637 4.688634
v -0.704449 1.801719 4.687253
v -0.688754 1.755252 4.686779
v -0.704449 1.708785 4.687253
v -0.749995 1.666867 4.688634
v -0.820937 1.633601 4.690786
v -0.910328 1.612242 4.693495
v -1.009418 1.604883 4.696499
v -1.108509 1.612242 4.699503
v -1.197900 1.633601 4.702213
v -1.268841 1.666867 4.704364
v -1.314388 1.708785 4.705745
v -1.330083 1.755252 4.706220
v -1.314388 1.801719 4.705745
v -1.268841 1.843637 4.704364
v -1.197900 1.876903 4.702213
v -1.108509 1.898262 4.699503
v -1.009418 1.905621 4.696499
v -1.279627 1.755252 -4.216476
v -1.009418 1.755252 4.696499
v 1.020518 1.871263 4.642637
v 1.020518 1.849838 4.600588
v 1.020518 1.816468 4.567219
v 1.020518 1.774420 4.545794
v 1.020518 1.727810 4.538412
v 1.020518 1.681199 4.545794
v 1.020518 1.639151 4.567219
v 1.020518 1.605781 4.600588
v 1.020518 1.584357 4.642637
v 1.020518 1.576974 4.689248
v 1.020518 1.584357 4.735858
v 1.020518 1.605781 4.777907
v 1.020518 1.639151 4.811276
v 1.020518 1.681199 4.832701
v 1.020518 1.727810 4.840084
v 1.020518 1.774420 4.832701
v 1.020518 1.816468 4.811276
v 1.020518 1.849838 4.777907
v 1.020518 1.871263 4.735858
v 1.020518 1.878645 4.689248
v -3.879483 1.871263 4.642637
v -3.879483 1.849838 4.600588
v -3.879483 1.816468 4.567219
v -3.879483 1.774420 4.545794
v -3.879483 1.727810 4.538412
v -3.879483 1.681199 4.545794
v -3.879483 1.639151 4.567219
v -3.879483 1.605781 4.600588
v -3.879483 1.584357 4.642637
v -3.879483 1.576974 4.689248
v -3.879483 1.584357 4.735858
v -3.879483 1.605781 4.777907
v -3.879483 1.639151 4.811276
v -3.879483 1.681199 4.832701
v -3.879483 1.727810 4.840084
v -3.879483 1.774420 4.832701
v -3.879483 1.816468 4.811276
v -3.879483 1.849838 4.777907
v -3.879483 1.871263 4.735858
v -3.879483 1.878645 4.689248
v 1.020518 1.727810 4.689248
v -3.879483 1.727810 4.689248
v -1.152113 3.168903 -7.109357
v -1.152113 3.168903 -6.266690
v 0.236010 3.619931 -6.948673
v 0.222756 3.615625 -7.029433
v 0.184297 3.603128 -7.102293
v 0.124393 3.583666 -7.160110
v 0.048912 3.559139 -7.197238
v -0.036212 3.531953 -7.109353
v 0.028694 4.026810 -6.948669
v 0.017421 4.018620 -7.029435
v -0.015295 3.994849 -7.102289
v -0.066252 3.957827 -7.160108
v -0.130460 3.911177 -7.197234
v -0.203088 3.859464 -7.109351
v -0.294207 4.349710 -6.948673
v -0.302397 4.338437 -7.029433
v -0.326167 4.305721 -7.102291
v -0.363189 4.254765 -7.160112
v -0.409840 4.190556 -7.197234
v -0.463003 4.119380 -7.109357
v -0.701085 4.557026 -6.948673
v -0.705391 4.543774 -7.029437
v -0.717888 4.505313 -7.102291
v -0.737351 4.445410 -7.160114
v -0.761877 4.369926 -7.197234
v -0.790515 4.286256 -7.109357
v -1.152113 4.628461 -6.948669
v -1.152114 4.614527 -7.029431
v -1.152114 4.574088 -7.102293
v -1.152114 4.511103 -7.160112
v -1.152113 4.431735 -7.197236
v -1.152113 4.343757 -7.109357
v -1.603143 4.557025 -6.948673
v -1.598836 4.543773 -7.029435
v -1.586340 4.505312 -7.102293
v -1.566876 4.445410 -7.160110
v -1.542351 4.369926 -7.197236
v -1.513713 4.286254 -7.109357
v -2.010020 4.349710 -6.948669
v -2.001830 4.338437 -7.029435
v -1.978061 4.305721 -7.102293
v -1.941038 4.254765 -7.160112
v -1.894388 4.190556 -7.197236
v -1.841223 4.119380 -7.109355
v -2.332921 4.026809 -6.948669
v -2.321648 4.018619 -7.029435
v -2.288931 3.994848 -7.102293
v -2.237975 3.957827 -7.160110
v -2.173766 3.911176 -7.197234
v -2.101139 3.859464 -7.109357
v -2.540236 3.619931 -6.948673
v -2.526983 3.615623 -7.029437
v -2.488523 3.603128 -7.102295
v -2.428620 3.583665 -7.160114
v -2.353138 3.559138 -7.197232
v -2.268014 3.531952 -7.109353
v -2.611671 3.168903 -6.948673
v -2.597737 3.168903 -7.029433
v -2.557299 3.168903 -7.102295
v -2.494312 3.168903 -7.160114
v -2.414947 3.168903 -7.197234
v -2.325516 3.168903 -7.109357
v -2.540236 2.717873 -6.948673
v -2.526983 2.722181 -7.029437
v -2.488523 2.734678 -7.102295
v -2.428620 2.754139 -7.160114
v -2.353139 2.778667 -7.197232
v -2.268015 2.805853 -7.109353
v -2.332921 2.310996 -6.948669
v -2.321648 2.319186 -7.029435
v -2.288931 2.342956 -7.102293
v -2.237975 2.379978 -7.160110
v -2.173766 2.426629 -7.197234
v -2.101139 2.478342 -7.109357
v -2.010020 1.988096 -6.948669
v -2.001830 1.999369 -7.029435
v -1.978061 2.032085 -7.102293
v -1.941038 2.083041 -7.160112
v -1.894388 2.147250 -7.197236
v -1.841223 2.218426 -7.109355
v -1.603142 1.780780 -6.948673
v -1.598836 1.794031 -7.029435
v -1.586340 1.832492 -7.102293
v -1.566876 1.892394 -7.160110
v -1.542351 1.967878 -7.197236
v -1.513712 2.051550 -7.109357
v -1.152113 1.709343 -6.948669
v -1.152114 1.723279 -7.029431
v -1.152114 1.763718 -7.102293
v -1.152114 1.826704 -7.160112
v -1.152113 1.906071 -7.197236
v -1.152113 1.994049 -7.109357
v -0.701086 1.780780 -6.948673
v -0.705392 1.794031 -7.029437
v -0.717888 1.832492 -7.102291
v -0.737351 1.892394 -7.160114
v -0.761877 1.967878 -7.197234
v -0.790516 2.051550 -7.109357
v -0.294207 1.988096 -6.948673
v -0.302398 1.999369 -7.029433
v -0.326167 2.032085 -7.102291
v -0.363189 2.083041 -7.160112
v -0.409840 2.147250 -7.197234
v -0.463004 2.218426 -7.109357
v 0.028694 2.310996 -6.948669
v 0.017421 2.319186 -7.029435
v -0.015296 2.342956 -7.102289
v -0.066253 2.379978 -7.160108
v -0.130461 2.426629 -7.197234
v -0.203089 2.478342 -7.109351
v 0.236009 2.717873 -6.948673
v 0.222756 2.722181 -7.029435
v 0.184296 2.734678 -7.102293
v 0.124393 2.754139 -7.160110
v 0.048911 2.778667 -7.197238
v -0.036213 2.805853 -7.109353
v 0.307445 3.168903 -6.948673
v 0.293509 3.168903 -7.029433
v 0.253070 3.168903 -7.102295
v 0.190084 3.168903 -7.160112
v 0.110719 3.168903 -7.197236
v 0.021288 3.168903 -7.109353
v 0.236010 3.619931 -6.425858
v 0.222757 3.615625 -6.345094
v 0.184297 3.603128 -6.272237
v 0.124393 3.583666 -6.214417
v 0.048911 3.559139 -6.177296
v -0.033288 3.531953 -6.266688
v 0.028694 4.026810 -6.425858
v 0.017421 4.018620 -6.345092
v -0.015295 3.994849 -6.272239
v -0.066252 3.957827 -6.214417
v -0.130461 3.911177 -6.177291
v -0.200164 3.859464 -6.266686
v -0.294207 4.349710 -6.425858
v -0.302397 4.338437 -6.345092
v -0.326166 4.305721 -6.272239
v -0.363189 4.254765 -6.214415
v -0.409839 4.190556 -6.177296
v -0.460078 4.119380 -6.266688
v -0.701085 4.557026 -6.425854
v -0.705391 4.543774 -6.345092
v -0.717888 4.505313 -6.272239
v -0.737351 4.445410 -6.214413
v -0.761877 4.369926 -6.177291
v -0.787591 4.286256 -6.266686
v -1.152113 4.628461 -6.425858
v -1.152114 4.614527 -6.345096
v -1.152114 4.574088 -6.272234
v -1.152114 4.511103 -6.214415
v -1.152113 4.431735 -6.177296
v -1.152113 4.343757 -6.266690
v -1.603142 4.557025 -6.425854
v -1.598836 4.543773 -6.345094
v -1.586339 4.505312 -6.272237
v -1.566876 4.445410 -6.214413
v -1.542351 4.369926 -6.177294
v -1.516637 4.286254 -6.266688
v -2.010020 4.349710 -6.425854
v -2.001830 4.338437 -6.345094
v -1.978060 4.305721 -6.272237
v -1.941039 4.254765 -6.214413
v -1.894388 4.190556 -6.177294
v -1.844149 4.119380 -6.266690
v -2.332922 4.026809 -6.425858
v -2.321648 4.018619 -6.345092
v -2.288932 3.994848 -6.272237
v -2.237975 3.957827 -6.214419
v -2.173766 3.911176 -6.177296
v -2.104063 3.859464 -6.266690
v -2.540236 3.619931 -6.425858
v -2.526984 3.615623 -6.345092
v -2.488523 3.603128 -6.272237
v -2.428621 3.583665 -6.214417
v -2.353139 3.559138 -6.177294
v -2.270940 3.531952 -6.266690
v -2.611671 3.168903 -6.425858
v -2.597737 3.168903 -6.345090
v -2.557299 3.168903 -6.272233
v -2.494312 3.168903 -6.214415
v -2.414947 3.168903 -6.177294
v -2.328441 3.168903 -6.266688
v -2.540236 2.717873 -6.425858
v -2.526984 2.722181 -6.345092
v -2.488523 2.734678 -6.272237
v -2.428621 2.754139 -6.214417
v -2.353139 2.778667 -6.177294
v -2.270939 2.805853 -6.266690
v -2.332922 2.310996 -6.425858
v -2.321648 2.319186 -6.345092
v -2.288932 2.342956 -6.272237
v -2.237975 2.379978 -6.214419
v -2.173766 2.426629 -6.177296
v -2.104063 2.478342 -6.266690
v -2.010020 1.988096 -6.425854
v -2.001830 1.999369 -6.345094
v -1.978060 2.032085 -6.272237
v -1.941038 2.083041 -6.214413
v -1.894387 2.147250 -6.177294
v -1.844149 2.218426 -6.266690
v -1.603142 1.780780 -6.425854
v -1.598835 1.794031 -6.345094
v -1.586339 1.832492 -6.272237
v -1.566875 1.892394 -6.214413
v -1.542350 1.967878 -6.177294
v -1.516637 2.051550 -6.266688
v -1.152113 1.709343 -6.425858
v -1.152114 1.723279 -6.345096
v -1.152114 1.763718 -6.272234
v -1.152114 1.826704 -6.214415
v -1.152113 1.906071 -6.177296
v -1.152113 1.994049 -6.266690
v -0.701086 1.780780 -6.425854
v -0.705392 1.794031 -6.345092
v -0.717888 1.832492 -6.272239
v -0.737351 1.892394 -6.214413
v -0.761877 1.967878 -6.177291
v -0.787591 2.051550 -6.266686
v -0.294207 1.988096 -6.425858
v -0.302398 1.999369 -6.345092
v -0.326167 2.032085 -6.272234
v -0.363189 2.083041 -6.214415
v -0.409839 2.147250 -6.177296
v -0.460078 2.218426 -6.266688
v 0.028693 2.310996 -6.425858
v 0.017421 2.319186 -6.345092
v -0.015296 2.342956 -6.272239
v -0.066253 2.379978 -6.214417
v -0.130462 2.426629 -6.177291
v -0.200164 2.478342 -6.266686
v 0.236009 2.717873 -6.425858
v 0.222756 2.722181 -6.345094
v 0.184296 2.734678 -6.272237
v 0.124393 2.754139 -6.214417
v 0.048911 2.778667 -6.177296
v -0.033288 2.805853 -6.266688
v 0.307445 3.168903 -6.425858
v 0.293509 3.168903 -6.345092
v 0.253070 3.168903 -6.272233
v 0.190084 3.168903 -6.214417
v 0.110718 3.168903 -6.177291
v 0.024213 3.168903 -6.266686
v 0.785327 1.585018 -4.001464
v 1.651369 1.596623 -4.001464
v 0.969584 0.160602 -4.465045
v 0.886401 0.173110 -4.460620
v 0.810991 0.211633 -4.447775
v 0.750745 0.272402 -4.427771
v 0.711548 0.349467 -4.402562
v 0.800698 0.438162 -4.374619
v 0.966733 0.373668 -4.883249
v 0.883572 0.384141 -4.874831
v 0.808247 0.416762 -4.850399
v 0.748121 0.468336 -4.812346
v 0.709082 0.533814 -4.764398
v 0.798403 0.609667 -4.711246
v 0.962283 0.705526 -5.215135
v 0.879169 0.712831 -5.203548
v 0.803964 0.736258 -5.169923
v 0.744028 0.773510 -5.117548
v 0.705235 0.820944 -5.051552
v 0.794817 0.876792 -4.978395
v 0.956679 1.123692 -5.428222
v 0.873615 1.127004 -5.414600
v 0.798569 1.138845 -5.375069
v 0.738873 1.158052 -5.313499
v 0.700387 1.182747 -5.235915
v 0.790307 1.213389 -5.149915
v 0.950473 1.587231 -5.501645
v 0.867470 1.586119 -5.487323
v 0.792587 1.585116 -5.445758
v 0.733164 1.584319 -5.381020
v 0.695010 1.583808 -5.299444
v 0.785327 1.585018 -5.209017
v 0.944257 2.050771 -5.428220
v 0.861314 2.045234 -5.414599
v 0.786608 2.031388 -5.375068
v 0.727454 2.010588 -5.313499
v 0.689636 1.984871 -5.235915
v 0.780348 1.956648 -5.149914
v 0.938658 2.468937 -5.215135
v 0.855764 2.459407 -5.203548
v 0.781213 2.433975 -5.169923
v 0.722300 2.395129 -5.117548
v 0.684789 2.346673 -5.051551
v 0.775840 2.293244 -4.978395
v 0.934212 2.800794 -4.883247
v 0.851359 2.788096 -4.874829
v 0.776932 2.753469 -4.850397
v 0.718212 2.700303 -4.812346
v 0.680943 2.633802 -4.764397
v 0.772258 2.560370 -4.711246
v 0.931353 3.013860 -4.465045
v 0.848530 2.999128 -4.460618
v 0.774181 2.958597 -4.447774
v 0.715583 2.896236 -4.427770
v 0.678475 2.818149 -4.402560
v 0.769964 2.731875 -4.374618
v 0.930368 3.087277 -4.001464
v 0.847560 3.071844 -4.001464
v 0.773234 3.029280 -4.001464
v 0.714678 2.963751 -4.001464
v 0.677622 2.881672 -4.001464
v 0.769168 2.790971 -4.001464
v 0.931353 3.013860 -3.537882
v 0.848530 2.999128 -3.542309
v 0.774181 2.958597 -3.555154
v 0.715583 2.896237 -3.575157
v 0.678475 2.818150 -3.600367
v 0.769964 2.731875 -3.628310
v 0.934212 2.800794 -3.119680
v 0.851359 2.788096 -3.128098
v 0.776932 2.753469 -3.152530
v 0.718212 2.700303 -3.190583
v 0.680943 2.633802 -3.238531
v 0.772258 2.560370 -3.291683
v 0.938658 2.468937 -2.787792
v 0.855764 2.459407 -2.799380
v 0.781213 2.433975 -2.833006
v 0.722300 2.395129 -2.885380
v 0.684789 2.346673 -2.951377
v 0.775840 2.293244 -3.024534
v 0.944257 2.050771 -2.574707
v 0.861314 2.045233 -2.588327
v 0.786608 2.031388 -2.627858
v 0.727454 2.010587 -2.689427
v 0.689636 1.984870 -2.767012
v 0.780348 1.956648 -2.853013
v 0.950473 1.587231 -2.501282
v 0.867470 1.586119 -2.515605
v 0.792587 1.585116 -2.557170
v 0.733164 1.584320 -2.621909
v 0.695010 1.583808 -2.703485
v 0.785327 1.585018 -2.793912
v 0.956679 1.123692 -2.574707
v 0.873615 1.127005 -2.588327
v 0.798569 1.138845 -2.627858
v 0.738873 1.158052 -2.689427
v 0.700387 1.182747 -2.767012
v 0.790307 1.213390 -2.853013
v 0.962283 0.705526 -2.787792
v 0.879169 0.712832 -2.799380
v 0.803964 0.736258 -2.833006
v 0.744028 0.773510 -2.885380
v 0.705235 0.820944 -2.951376
v 0.794817 0.876793 -3.024534
v 0.966733 0.373668 -3.119680
v 0.883572 0.384142 -3.128098
v 0.808247 0.416763 -3.152530
v 0.748121 0.468337 -3.190583
v 0.709082 0.533815 -3.238531
v 0.798403 0.609668 -3.291683
v 0.969584 0.160603 -3.537882
v 0.886399 0.173111 -3.542309
v 0.810991 0.211634 -3.555154
v 0.750745 0.272403 -3.575157
v 0.711548 0.349468 -3.600367
v 0.800698 0.438163 -3.628310
v 0.970568 0.087185 -4.001464
v 0.887376 0.100394 -4.001464
v 0.811936 0.140952 -4.001464
v 0.751648 0.204889 -4.001464
v 0.712401 0.285946 -4.001464
v 0.801491 0.379067 -4.001464
v 1.506902 0.167801 -4.465045
v 1.589725 0.182534 -4.460620
v 1.664073 0.223064 -4.447775
v 1.722672 0.285425 -4.427771
v 1.759783 0.363513 -4.402562
v 1.666779 0.446761 -4.374619
v 1.504047 0.380867 -4.883249
v 1.586899 0.393566 -4.874831
v 1.661323 0.428192 -4.850399
v 1.720046 0.481359 -4.812346
v 1.757318 0.547860 -4.764398
v 1.664483 0.618266 -4.711246
v 1.499600 0.712726 -5.215135
v 1.582494 0.722256 -5.203548
v 1.657042 0.747688 -5.169923
v 1.715959 0.786533 -5.117548
v 1.753466 0.834989 -5.051551
v 1.660902 0.885391 -4.978395
v 1.494001 1.130892 -5.428222
v 1.576945 1.136428 -5.414600
v 1.651647 1.150275 -5.375069
v 1.710808 1.171075 -5.313499
v 1.748622 1.196792 -5.235915
v 1.656393 1.221988 -5.149915
v 1.487786 1.594431 -5.501645
v 1.570789 1.595544 -5.487323
v 1.645671 1.596546 -5.445758
v 1.705094 1.597343 -5.381020
v 1.743244 1.597854 -5.299444
v 1.651369 1.596623 -5.209017
v 1.481579 2.057971 -5.428220
v 1.564639 2.054658 -5.414599
v 1.639689 2.042818 -5.375068
v 1.699385 2.023611 -5.313499
v 1.737872 1.998916 -5.235915
v 1.646351 1.971258 -5.149914
v 1.475976 2.476136 -5.215135
v 1.559089 2.468831 -5.203548
v 1.634295 2.445405 -5.169923
v 1.694232 2.408153 -5.117548
v 1.733024 2.360719 -5.051552
v 1.641839 2.307855 -4.978395
v 1.471525 2.807995 -4.883247
v 1.554687 2.797520 -4.874829
v 1.630014 2.764900 -4.850397
v 1.690137 2.713327 -4.812346
v 1.729175 2.647847 -4.764397
v 1.638260 2.574980 -4.711246
v 1.468670 3.021060 -4.465045
v 1.551859 3.008553 -4.460618
v 1.627265 2.970029 -4.447774
v 1.687513 2.909261 -4.427770
v 1.726707 2.832196 -4.402560
v 1.635962 2.746485 -4.374618
v 1.467686 3.094477 -4.001464
v 1.550887 3.081269 -4.001464
v 1.626322 3.040711 -4.001464
v 1.686611 2.976774 -4.001464
v 1.725855 2.895717 -4.001464
v 1.635172 2.805581 -4.001464
v 1.468670 3.021060 -3.537882
v 1.551859 3.008553 -3.542309
v 1.627265 2.970029 -3.555154
v 1.687513 2.909261 -3.575157
v 1.726707 2.832196 -3.600367
v 1.635962 2.746485 -3.628310
v 1.471525 2.807995 -3.119680
v 1.554687 2.797520 -3.128098
v 1.630014 2.764900 -3.152530
v 1.690137 2.713327 -3.190583
v 1.729175 2.647847 -3.238531
v 1.638260 2.574980 -3.291683
v 1.475976 2.476136 -2.787792
v 1.559089 2.468831 -2.799380
v 1.634295 2.445405 -2.833006
v 1.694232 2.408152 -2.885380
v 1.733024 2.360719 -2.951376
v 1.641839 2.307855 -3.024534
v 1.481579 2.057971 -2.574707
v 1.564639 2.054657 -2.588327
v 1.639689 2.042818 -2.627858
v 1.699385 2.023610 -2.689427
v 1.737872 1.998915 -2.767012
v 1.646351 1.971258 -2.853013
v 1.487786 1.594431 -2.501282
v 1.570789 1.595544 -2.515605
v 1.645671 1.596546 -2.557170
v 1.705094 1.597343 -2.621909
v 1.743244 1.597854 -2.703485
v 1.651369 1.596623 -2.793912
v 1.494001 1.130892 -2.574707
v 1.576945 1.136429 -2.588327
v 1.651647 1.150275 -2.627858
v 1.710808 1.171075 -2.689427
v 1.748622 1.196793 -2.767012
v 1.656393 1.221988 -2.853013
v 1.499600 0.712726 -2.787792
v 1.582494 0.722256 -2.799380
v 1.657045 0.747689 -2.833006
v 1.715959 0.786533 -2.885380
v 1.753466 0.834989 -2.951377
v 1.660902 0.885391 -3.024534
v 1.504047 0.380869 -3.119680
v 1.586899 0.393566 -3.128098
v 1.661323 0.428193 -3.152530
v 1.720046 0.481360 -3.190583
v 1.757318 0.547861 -3.238531
v 1.664483 0.618266 -3.291683
v 1.506902 0.167802 -3.537882
v 1.589725 0.182534 -3.542309
v 1.664073 0.223065 -3.555154
v 1.722672 0.285426 -3.575157
v 1.759783 0.363513 -3.600367
v 1.666779 0.446762 -3.628310
v 1.507886 0.094385 -4.001464
v 1.590701 0.109819 -4.001464
v 1.665024 0.152383 -4.001464
v 1.723576 0.217912 -4.001464
v 1.760639 0.299992 -4.001464
v 1.667572 0.387666 -4.001464
v 1.020518 1.871263 -4.314670
v 1.020518 1.849838 -4.356718
v 1.020518 1.816468 -4.390088
v 1.020518 1.774420 -4.411512
v 1.020518 1.727810 -4.418895
v 1.020518 1.681199 -4.411512
v 1.020518 1.639151 -4.390088
v 1.020518 1.605781 -4.356718
v 1.020518 1.584357 -4.314670
v 1.020518 1.576974 -4.268059
v 1.020518 1.584357 -4.221448
v 1.020518 1.605781 -4.179400
v 1.020518 1.639151 -4.146030
v 1.020518 1.681199 -4.124606
v 1.020518 1.727810 -4.117224
v 1.020518 1.774420 -4.124606
v 1.020518 1.816468 -4.146030
v 1.020518 1.849838 -4.179400
v 1.020518 1.871263 -4.221448
v 1.020518 1.878645 -4.268059
v -3.879483 1.871263 -4.314670
v -3.879483 1.849838 -4.356718
v -3.879483 1.816468 -4.390088
v -3.879483 1.774420 -4.411512
v -3.879483 1.727810 -4.418895
v -3.879483 1.681199 -4.411512
v -3.879483 1.639151 -4.390088
v -3.879483 1.605781 -4.356718
v -3.879483 1.584357 -4.314670
v -3.879483 1.576974 -4.268059
v -3.879483 1.584357 -4.221448
v -3.879483 1.605781 -4.179400
v -3.879483 1.639151 -4.146030
v -3.879483 1.681199 -4.124606
v -3.879483 1.727810 -4.117224
v -3.879483 1.774420 -4.124606
v -3.879483 1.816468 -4.146030
v -3.879483 1.849838 -4.179400
v -3.879483 1.871263 -4.221448
v -3.879483 1.878645 -4.268059
v 1.020518 1.727810 -4.268059
v -3.879483 1.727810 -4.268059
v -3.920426 1.585018 -4.001464
v -3.054384 1.596623 -4.001464
v -3.736169 0.160602 -4.465045
v -3.819352 0.173110 -4.460620
v -3.894763 0.211633 -4.447775
v -3.955009 0.272402 -4.427771
v -3.994205 0.349467 -4.402562
v -3.905055 0.438162 -4.374619
v -3.739020 0.373668 -4.883249
v -3.822183 0.384141 -4.874831
v -3.897508 0.416762 -4.850399
v -3.957632 0.468336 -4.812346
v -3.996672 0.533814 -4.764398
v -3.907351 0.609667 -4.711246
v -3.743471 0.705526 -5.215135
v -3.826585 0.712831 -5.203548
v -3.901791 0.736258 -5.169923
v -3.961725 0.773510 -5.117548
v -4.000520 0.820944 -5.051552
v -3.910936 0.876792 -4.978395
v -3.749074 1.123692 -5.428222
v -3.832138 1.127004 -5.414600
v -3.907185 1.138845 -5.375069
v -3.966880 1.158052 -5.313499
v -4.005367 1.182747 -5.235915
v -3.915447 1.213389 -5.149915
v -3.755281 1.587231 -5.501645
v -3.838284 1.586119 -5.487323
v -3.913167 1.585116 -5.445758
v -3.972589 1.584319 -5.381020
v -4.010743 1.583808 -5.299444
v -3.920426 1.585018 -5.209017
v -3.761497 2.050771 -5.428220
v -3.844440 2.045234 -5.414599
v -3.919147 2.031388 -5.375068
v -3.978299 2.010588 -5.313499
v -4.016117 1.984871 -5.235915
v -3.925406 1.956648 -5.149914
v -3.767096 2.468937 -5.215135
v -3.849990 2.459407 -5.203548
v -3.924541 2.433975 -5.169923
v -3.983455 2.395129 -5.117548
v -4.020966 2.346673 -5.051551
v -3.929914 2.293244 -4.978395
v -3.771543 2.800794 -4.883247
v -3.854394 2.788096 -4.874829
v -3.928822 2.753469 -4.850397
v -3.987541 2.700303 -4.812346
v -4.024811 2.633802 -4.764397
v -3.933496 2.560370 -4.711246
v -3.774402 3.013860 -4.465045
v -3.857224 2.999128 -4.460618
v -3.931573 2.958597 -4.447774
v -3.990170 2.896236 -4.427770
v -4.027279 2.818149 -4.402560
v -3.935790 2.731875 -4.374618
v -3.775385 3.087277 -4.001464
v -3.858194 3.071844 -4.001464
v -3.932520 3.029280 -4.001464
v -3.991076 2.963751 -4.001464
v -4.028132 2.881672 -4.001464
v -3.936585 2.790971 -4.001464
v -3.774402 3.013860 -3.537882
v -3.857224 2.999128 -3.542309
v -3.931573 2.958597 -3.555154
v -3.990170 2.896237 -3.575157
v -4.027279 2.818150 -3.600367
v -3.935790 2.731875 -3.628310
v -3.771543 2.800794 -3.119680
v -3.854394 2.788096 -3.128098
v -3.928822 2.753469 -3.152530
v -3.987541 2.700303 -3.190583
v -4.024811 2.633802 -3.238531
v -3.933496 2.560370 -3.291683
v -3.767096 2.468937 -2.787792
v -3.849990 2.459407 -2.799380
v -3.924541 2.433975 -2.833006
v -3.983455 2.395129 -2.885380
v -4.020966 2.346673 -2.951377
v -3.929914 2.293244 -3.024534
v -3.761497 2.050771 -2.574707
v -3.844440 2.045233 -2.588327
v -3.919147 2.031388 -2.627858
v -3.978299 2.010587 -2.689427
v -4.016117 1.984870 -2.767012
v -3.925406 1.956648 -2.853013
v -3.755281 1.587231 -2.501282
v -3.838284 1.586119 -2.515605
v -3.913167 1.585116 -2.557170
v -3.972589 1.584320 -2.621909
v -4.010743 1.583808 -2.703485
v -3.920426 1.585018 -2.793912
v -3.749074 1.123692 -2.574707
v -3.832138 1.127005 -2.588327
v -3.907185 1.138845 -2.627858
v -3.966880 1.158052 -2.689427
v -4.005367 1.182747 -2.767012
v -3.915447 1.213390 -2.853013
v -3.743471 0.705526 -2.787792
v -3.826585 0.712832 -2.799380
v -3.901791 0.736258 -2.833006
v -3.961725 0.773510 -2.885380
v -4.000520 0.820944 -2.951376
v -3.910936 0.876793 -3.024534
v -3.739020 0.373668 -3.119680
v -3.822183 0.384142 -3.128098
v -3.897508 0.416763 -3.152530
v -3.957632 0.468337 -3.190583
v -3.996672 0.533815 -3.238531
v -3.907351 0.609668 -3.291683
v -3.736170 0.160603 -3.537882
v -3.819355 0.173111 -3.542309
v -3.894763 0.211634 -3.555154
v -3.955009 0.272403 -3.575157
v -3.994205 0.349468 -3.600367
v -3.905055 0.438163 -3.628310
v -3.735186 0.087185 -4.001464
v -3.818378 0.100394 -4.001464
v -3.893818 0.140952 -4.001464
v -3.954106 0.204889 -4.001464
v -3.993353 0.285946 -4.001464
v -3.904263 0.379067 -4.001464
v -3.198852 0.167801 -4.465045
v -3.116030 0.182534 -4.460620
v -3.041680 0.223064 -4.447775
v -2.983083 0.285425 -4.427771
v -2.945971 0.363513 -4.402562
v -3.038975 0.446761 -4.374619
v -3.201707 0.380867 -4.883249
v -3.118855 0.393566 -4.874831
v -3.044432 0.428192 -4.850399
v -2.985707 0.481359 -4.812346
v -2.948437 0.547860 -4.764398
v -3.041271 0.618266 -4.711246
v -3.206154 0.712726 -5.215135
v -3.123260 0.722256 -5.203548
v -3.048713 0.747688 -5.169923
v -2.989795 0.786533 -5.117548
v -2.952288 0.834989 -5.051551
v -3.044852 0.885391 -4.978395
v -3.211753 1.130892 -5.428222
v -3.128809 1.136428 -5.414600
v -3.054107 1.150275 -5.375069
v -2.994946 1.171075 -5.313499
v -2.957131 1.196792 -5.235915
v -3.049360 1.221988 -5.149915
v -3.217968 1.594431 -5.501645
v -3.134965 1.595544 -5.487323
v -3.060082 1.596546 -5.445758
v -3.000659 1.597343 -5.381020
v -2.962510 1.597854 -5.299444
v -3.054384 1.596623 -5.209017
v -3.224174 2.057971 -5.428220
v -3.141115 2.054658 -5.414599
v -3.066064 2.042818 -5.375068
v -3.006369 2.023611 -5.313499
v -2.967882 1.998916 -5.235915
v -3.059402 1.971258 -5.149914
v -3.229778 2.476136 -5.215135
v -3.146665 2.468831 -5.203548
v -3.071459 2.445405 -5.169923
v -3.011521 2.408153 -5.117548
v -2.972730 2.360719 -5.051552
v -3.063914 2.307855 -4.978395
v -3.234229 2.807995 -4.883247
v -3.151067 2.797520 -4.874829
v -3.075740 2.764900 -4.850397
v -3.015617 2.713327 -4.812346
v -2.976579 2.647847 -4.764397
v -3.067494 2.574980 -4.711246
v -3.237083 3.021060 -4.465045
v -3.153894 3.008553 -4.460618
v -3.078488 2.970029 -4.447774
v -3.018240 2.909261 -4.427770
v -2.979048 2.832196 -4.402560
v -3.069792 2.746485 -4.374618
v -3.238068 3.094477 -4.001464
v -3.154867 3.081269 -4.001464
v -3.079432 3.040711 -4.001464
v -3.019143 2.976774 -4.001464
v -2.979898 2.895717 -4.001464
v -3.070582 2.805581 -4.001464
v -3.237083 3.021060 -3.537882
v -3.153894 3.008553 -3.542309
v -3.078488 2.970029 -3.555154
v -3.018240 2.909261 -3.575157
v -2.979048 2.832196 -3.600367
v -3.069792 2.746485 -3.628310
v -3.234229 2.807995 -3.119680
v -3.151067 2.797520 -3.128098
v -3.075740 2.764900 -3.152530
v -3.015617 2.713327 -3.190583
v -2.976579 2.647847 -3.238531
v -3.067494 2.574980 -3.291683
v -3.229778 2.476136 -2.787792
v -3.146665 2.468831 -2.799380
v -3.071459 2.445405 -2.833006
v -3.011521 2.408152 -2.885380
v -2.972730 2.360719 -2.951376
v -3.063914 2.307855 -3.024534
v -3.224174 2.057971 -2.574707
v -3.141115 2.054657 -2.588327
v -3.066064 2.042818 -2.627858
v -3.006369 2.023610 -2.689427
v -2.967882 1.998915 -2.767012
v -3.059402 1.971258 -2.853013
v -3.217968 1.594431 -2.501282
v -3.134965 1.595544 -2.515605
v -3.060082 1.596546 -2.557170
v -3.000659 1.597343 -2.621909
v -2.962510 1.597854 -2.703485
v -3.054384 1.596623 -2.793912
v -3.211753 1.130892 -2.574707
v -3.128809 1.136429 -2.588327
v -3.054107 1.150275 -2.627858
v -2.994946 1.171075 -2.689427
v -2.957131 1.196793 -2.767012
v -3.049360 1.221988 -2.853013
v -3.206154 0.712726 -2.787792
v -3.123260 0.722256 -2.799380
v -3.048708 0.747689 -2.833006
v -2.989795 0.786533 -2.885380
v -2.952288 0.834989 -2.951377
v -3.044852 0.885391 -3.024534
v -3.201707 0.380869 -3.119680
v -3.118855 0.393566 -3.128098
v -3.044432 0.428193 -3.152530
v -2.985707 0.481360 -3.190583
v -2.948437 0.547861 -3.238531
v -3.041271 0.618266 -3.291683
v -3.198852 0.167802 -3.537882
v -3.116030 0.182534 -3.542309
v -3.041680 0.223065 -3.555154
v -2.983083 0.285426 -3.575157
v -2.945971 0.363513 -3.600367
v -3.038975 0.446762 -3.628310
v -3.197868 0.094385 -4.001464
v -3.115053 0.109819 -4.001464
v -3.040730 0.152383 -4.001464
v -2.982178 0.217912 -4.001464
v -2.945115 0.299992 -4.001464
v -3.038181 0.387666 -4.001464
v -3.964261 1.736064 6.804115
v 2.341931 1.736064 6.654065
v -3.964261 2.194116 6.804115
v 2.341931 2.194116 6.654065
v -3.969172 2.194116 6.597664
v 2.337017 2.194116 6.447616
v -3.969172 1.736064 6.597664
v 2.337017 1.736064 6.447616
v -2.042248 2.194116 6.758380
v -2.047157 2.194116 6.551933
v -2.047157 1.736064 6.551933
v -2.042248 1.736064 6.758380
v -1.792844 2.194116 6.752448
v -1.797756 2.194116 6.545998
v -1.797756 1.736064 6.545998
v -1.792844 1.736064 6.752448
v -0.496208 2.194116 6.721594
v -0.501120 2.194116 6.515147
v -0.501120 1.736064 6.515147
v -0.496208 1.736064 6.721594
v -0.225311 2.194116 6.715148
v -0.230224 2.194116 6.508701
v -0.230224 1.736064 6.508701
v -0.225311 1.736064 6.715148
v -2.042248 2.690543 6.758380
v -1.792844 2.690543 6.752448
v -1.797756 2.690543 6.545998
v -2.047157 2.690543 6.551933
v -0.496208 2.690543 6.721594
v -0.225311 2.690543 6.715148
v -0.230224 2.690543 6.508701
v -0.501120 2.690543 6.515147
v -0.496208 2.821194 6.721594
v -0.225311 2.821194 6.715148
v -0.230224 2.821194 6.508701
v -0.501120 2.821194 6.515147
v -2.039645 2.690543 6.758317
v -2.044556 2.690543 6.551869
v -2.039645 2.821194 6.758317
v -2.044556 2.821194 6.551869
v -2.042248 1.736064 6.758380
v -2.042248 2.194116 6.758380
v -1.792844 1.736064 6.752448
v -1.792844 2.194116 6.752448
v -1.792844 2.690543 6.752448
v -2.042248 2.690543 6.758380
v -0.496208 1.736064 6.721594
v -0.496208 2.194116 6.721594
v -0.225311 1.736064 6.715148
v -0.225311 2.194116 6.715148
v -0.225311 2.690543 6.715148
v -0.496208 2.690543 6.721594
v -0.225311 2.821194 6.715148
v -0.496208 2.821194 6.721594
v -2.039645 2.821194 6.758317
v -2.039645 2.690543 6.758317
v -0.501120 2.690543 6.515147
v -0.501120 2.821194 6.515147
v -2.044556 2.690543 6.551869
v -2.044556 2.821194 6.551869
v -2.041211 1.736064 6.986494
v -2.041211 2.194116 6.918338
v -1.791807 1.736064 6.980561
v -1.791807 2.194116 6.912406
v -1.791807 2.690543 6.796019
v -2.041211 2.690543 6.801952
v -0.495172 1.736064 6.949708
v -0.495172 2.194116 6.881552
v -0.224275 1.736064 6.943262
v -0.224275 2.194116 6.875106
v -0.224275 2.690543 6.758720
v -0.495172 2.690543 6.765166
v -0.224275 2.821194 6.758720
v -0.495172 2.821194 6.765166
v -2.038609 2.821194 6.801888
v -2.038609 2.690543 6.801888
v -2.048194 2.194116 6.508361
v -1.798793 2.194116 6.502427
v -2.048194 2.690543 6.508361
v -1.798793 2.690543 6.502427
v -0.352310 2.473750 6.642391
v -0.352048 2.503171 6.621189
v -0.351507 2.523939 6.595319
v -0.350742 2.534022 6.567317
v -0.349827 2.532431 6.539920
v -0.348851 2.519325 6.515813
v -0.347911 2.495983 6.497354
v -0.347097 2.464693 6.486351
v -0.346491 2.428517 6.483880
v -0.346150 2.390995 6.490183
v -0.346109 2.355801 6.504644
v -0.346372 2.326380 6.525847
v -0.346912 2.305612 6.551715
v -0.347678 2.295530 6.579719
v -0.348593 2.297120 6.607115
v -0.349568 2.310227 6.631222
v -0.350510 2.333568 6.649681
v -0.351323 2.364858 6.660684
v -0.351930 2.401035 6.663155
v -0.352269 2.438556 6.656852
v -1.843697 2.452061 6.593824
v -1.843434 2.481482 6.572621
v -1.842894 2.502250 6.546752
v -1.842128 2.512333 6.518749
v -1.841213 2.510743 6.491353
v -1.840238 2.497636 6.467246
v -1.839296 2.474295 6.448787
v -1.838483 2.443004 6.437784
v -1.837876 2.406828 6.435313
v -1.837537 2.369306 6.441616
v -1.837496 2.334113 6.456077
v -1.837758 2.304692 6.477279
v -1.838299 2.283924 6.503149
v -1.839064 2.273841 6.531151
v -1.839979 2.275431 6.558547
v -1.840955 2.288538 6.582654
v -1.841895 2.311879 6.601114
v -1.842709 2.343169 6.612117
v -1.843315 2.379346 6.614588
v -1.843656 2.416867 6.608284
v -0.349210 2.414776 6.573517
v -1.840596 2.393087 6.524951
v -3.245555 3.745757 1.924387
v 0.989151 3.745757 1.924387
v -3.222520 5.950304 1.074833
v 1.012187 5.950304 1.074833
v -3.245019 5.924076 -6.112006
v 0.988615 5.924076 -6.112001
v 0.627213 6.368780 0.875052
v 0.603642 6.351744 -6.020646
v 0.604177 3.745757 1.924387
v 0.242240 6.368780 0.875052
v 0.218668 6.351744 -6.020646
v 0.219204 3.745757 -6.294717
v 0.219204 3.745757 1.924387
v -0.142735 6.368780 0.875052
v -0.166306 6.351744 -6.020646
v -0.165769 3.745757 -6.294717
v -0.165770 3.745757 1.924384
v -0.527706 6.368780 0.875052
v -0.551279 6.351744 -6.020646
v -0.550742 3.745757 -6.294717
v -0.550742 3.745757 1.924386
v -0.912682 6.368780 0.875054
v -0.936252 6.351744 -6.020643
v -0.935716 3.745757 -6.294713
v -0.935716 3.745757 1.924387
v -1.297654 6.368780 0.875052
v -1.320153 6.351744 -6.020648
v -1.320688 3.745757 -6.294719
v -1.320688 3.745757 1.924384
v -1.682627 6.368780 0.875052
v -1.705126 6.351744 -6.020648
v -1.705662 3.745757 -6.294719
v -1.705664 3.745757 1.924384
v -2.067599 6.368780 0.875052
v -2.090100 6.351744 -6.020648
v -2.090635 3.745757 -6.294719
v -2.090635 3.745757 1.924387
v -2.452573 6.368780 0.875052
v -2.475072 6.351744 -6.020648
v -2.475608 3.745757 -6.294719
v -2.475611 3.745757 1.924387
v -2.837545 6.368780 0.875052
v -2.860047 6.351744 -6.020646
v -2.860583 3.745757 1.924387
v 0.779922 6.358637 0.882296
v 0.752163 6.332243 -6.028127
v 0.752698 3.745757 1.921137
v -3.057718 6.358637 0.951403
v -3.008567 6.332243 -6.028128
v -3.079244 3.745757 1.924387
v 1.011662 5.950092 0.906914
v 0.778786 6.358608 0.731394
v 0.626689 6.368988 0.711684
v 0.241715 6.368988 0.711684
v -0.143258 6.368988 0.711684
v -0.528232 6.368988 0.711684
v -0.913206 6.368988 0.711684
v -1.298178 6.368988 0.711684
v -1.683151 6.368988 0.711684
v -2.068126 6.368988 0.711684
v -2.453098 6.368988 0.711684
v -2.838073 6.368988 0.711684
v -3.056733 6.358608 0.822573
v -3.223044 5.950092 0.906914
v -3.245556 3.745757 1.737111
v -3.079245 3.745757 1.737109
v -2.860583 3.745757 1.737111
v -2.475609 3.745757 1.737111
v -2.090636 3.745757 1.737111
v -1.705662 3.745757 1.737111
v -1.320688 3.745757 1.737109
v -0.935716 3.745757 1.737109
v -0.550742 3.745757 1.737111
v -0.165768 3.745757 1.737111
v 0.219204 3.745757 1.737105
v 0.604177 3.745757 1.737111
v 0.752698 3.745757 1.733864
v 0.989151 3.745757 1.737111
v -3.009104 3.745757 1.733864
v -3.009104 3.745757 1.921143
v 0.630404 6.518200 0.875180
v 0.631700 6.549437 0.843186
v 0.827506 6.540546 0.852166
v 0.856421 6.507996 0.885596
v 0.826869 6.540565 0.763833
v 0.855287 6.507996 0.734694
v 0.629117 6.549597 0.743855
v 0.629868 6.518412 0.711813
v 0.242240 6.518299 0.875254
v 0.242137 6.549559 0.843289
v 0.241817 6.549686 0.743939
v 0.241715 6.518509 0.711886
v -0.142734 6.518297 0.875256
v -0.142838 6.549559 0.843287
v -0.143156 6.549686 0.743937
v -0.143259 6.518507 0.711886
v -0.527707 6.518297 0.875254
v -0.527810 6.549559 0.843285
v -0.528129 6.549686 0.743937
v -0.528231 6.518507 0.711886
v -0.912680 6.518299 0.875256
v -0.912783 6.549559 0.843287
v -0.913103 6.549686 0.743937
v -0.913206 6.518509 0.711886
v -1.297653 6.518297 0.875254
v -1.297756 6.549559 0.843287
v -1.298076 6.549686 0.743937
v -1.298178 6.518507 0.711884
v -1.682627 6.518297 0.875254
v -1.682730 6.549559 0.843285
v -1.683047 6.549686 0.743937
v -1.683151 6.518507 0.711884
v -2.067599 6.518297 0.875254
v -2.067701 6.549559 0.843287
v -2.068023 6.549686 0.743937
v -2.068125 6.518507 0.711884
v -2.452575 6.518299 0.875254
v -2.452678 6.549559 0.843287
v -2.452994 6.549686 0.743937
v -2.453098 6.518509 0.711886
v -2.840755 6.518116 0.875195
v -2.846105 6.549257 0.843117
v -2.835299 6.549597 0.743882
v -2.841281 6.518408 0.711827
v -3.064140 6.507996 0.951491
v -3.035156 6.540560 0.907572
v -3.034686 6.540588 0.843140
v -3.063155 6.507990 0.822659
v 1.032133 3.765912 1.751845
v 1.012079 3.745486 1.737071
v 1.012102 3.745485 1.924349
v 1.032137 3.765872 1.893826
v 1.052914 5.958336 0.929339
v 1.032254 5.954201 0.906834
v 1.034138 5.954681 1.074751
v 1.053296 5.958488 1.051999
v 0.871238 6.367695 0.885411
v 0.896996 6.356380 0.871043
v 0.896217 6.356386 0.764962
v 0.870149 6.367687 0.734507
v -3.271877 5.960978 1.074828
v -3.311446 5.969458 1.032694
v -3.157003 6.359413 0.919949
v -3.107948 6.380646 0.951294
v -3.156623 6.359781 0.870324
v -3.107128 6.380692 0.822464
v -3.311711 5.969351 0.947993
v -3.274065 5.961130 0.906905
v -3.300241 3.746400 1.737202
v -3.337510 3.786079 1.765423
v -3.337502 3.786123 1.866545
v -3.300220 3.746400 1.924479
v 0.990557 5.941677 -5.844612
v 0.754329 6.357464 -5.858629
v 0.605584 6.377407 -5.856818
v 0.220612 6.377407 -5.856818
v -0.164362 6.377407 -5.856818
v -0.549335 6.377407 -5.856818
v -0.934309 6.377407 -5.856815
v -1.319283 6.377407 -5.856820
v -1.704255 6.377407 -5.856820
v -2.089229 6.377407 -5.856820
v -2.474202 6.377407 -5.856820
v -2.859177 6.377407 -5.856818
v -3.007697 6.357464 -5.853133
v -3.244149 5.941677 -5.844617
v -1.705663 3.745757 -5.792730
v -1.320689 3.745757 -5.792730
v -0.935717 3.745757 -5.792725
v -0.550743 3.745757 -5.792728
v 0.991964 5.942240 -5.394510
v 0.755960 6.357542 -5.419293
v 0.606991 6.376844 -5.418917
v 0.222017 6.376844 -5.418917
v -0.162955 6.376844 -5.418917
v -0.547930 6.376844 -5.418917
v -0.932902 6.376844 -5.418914
v -1.317875 6.376844 -5.418919
v -1.702847 6.376844 -5.418919
v -2.087822 6.376844 -5.418919
v -2.472795 6.376844 -5.418919
v -2.857770 6.376844 -5.418917
v -3.006289 6.357542 -5.408303
v -3.242742 5.942240 -5.394516
v -3.245555 3.745757 -5.290741
v -3.009104 3.745757 -5.293986
v -2.860583 3.745757 -5.290739
v -2.475609 3.745757 -5.290741
v -2.090635 3.745757 -5.290741
v -1.705662 3.745757 -5.290740
v -1.320688 3.745757 -5.290741
v -0.935716 3.745757 -5.290736
v -0.550743 3.745757 -5.290739
v -0.165770 3.745757 -5.290739
v 0.219204 3.745757 -5.290739
v 0.604177 3.745757 -5.290739
v 0.752698 3.745757 -5.293985
v 0.989151 3.745757 -5.290736
v 0.993371 5.942801 -4.944409
v 0.757589 6.357616 -4.979958
v 0.608398 6.376282 -4.981018
v 0.223425 6.376284 -4.981017
v -0.161548 6.376282 -4.981018
v -0.546521 6.376282 -4.981018
v -0.931496 6.376284 -4.981015
v -1.316468 6.376282 -4.981019
v -1.701441 6.376282 -4.981019
v -2.086414 6.376282 -4.981019
v -2.471388 6.376284 -4.981019
v -2.856362 6.376282 -4.981018
v -3.004883 6.357616 -4.963472
v -3.241336 5.942801 -4.944414
v -3.245555 3.745757 -4.788751
v -3.009104 3.745757 -4.791996
v -2.860583 3.745757 -4.788749
v -2.475609 3.745757 -4.788751
v -2.090636 3.745757 -4.788751
v -1.705662 3.745757 -4.788751
v -1.320689 3.745757 -4.788751
v -0.935716 3.745757 -4.788747
v -0.550742 3.745757 -4.788749
v -0.165769 3.745757 -4.788749
v 0.219204 3.745757 -4.788750
v 0.604177 3.745757 -4.788749
v 0.752698 3.745757 -4.791996
v 0.989151 3.745757 -4.788747
v 0.994778 5.943361 -4.494307
v 0.759220 6.357693 -4.540623
v 0.609805 6.375723 -4.543117
v 0.224832 6.375723 -4.543117
v -0.160141 6.375723 -4.543117
v -0.545115 6.375723 -4.543117
v -0.930088 6.375723 -4.543114
v -1.315061 6.375723 -4.543118
v -1.700034 6.375723 -4.543119
v -2.085009 6.375723 -4.543119
v -2.469981 6.375723 -4.543118
v -2.854957 6.375723 -4.543117
v -3.003475 6.357693 -4.518642
v -3.239927 5.943361 -4.494312
v -3.245555 3.745757 -4.286763
v -3.009103 3.745757 -4.290008
v -2.860583 3.745757 -4.286761
v -2.475609 3.745757 -4.286763
v -2.090636 3.745757 -4.286764
v -1.705662 3.745757 -4.286763
v -1.320689 3.745757 -4.286764
v -0.935716 3.745757 -4.286759
v -0.550742 3.745757 -4.286761
v -0.165769 3.745757 -4.286761
v 0.219204 3.745757 -4.286763
v 0.604177 3.745757 -4.286761
v 0.752698 3.745757 -4.290007
v 0.989151 3.745757 -4.286759
v 0.996185 5.943922 -4.044205
v 0.760851 6.357769 -4.101288
v 0.611213 6.375160 -4.105217
v 0.226239 6.375160 -4.105217
v -0.158735 6.375160 -4.105217
v -0.543708 6.375160 -4.105217
v -0.928682 6.375160 -4.105216
v -1.313655 6.375160 -4.105219
v -1.698627 6.375160 -4.105219
v -2.083601 6.375160 -4.105219
v -2.468574 6.375160 -4.105219
v -2.853549 6.375160 -4.105217
v -3.002069 6.357769 -4.073811
v -3.238521 5.943922 -4.044210
v -3.245555 3.745757 -3.784773
v -3.009104 3.745757 -3.788019
v -2.860583 3.745757 -3.784771
v -2.475609 3.745757 -3.784773
v -2.090636 3.745757 -3.784773
v -1.705663 3.745757 -3.784773
v -1.320689 3.745757 -3.784773
v -0.935716 3.745757 -3.784770
v -0.550743 3.745757 -3.784771
v -0.165769 3.745757 -3.784771
v 0.219204 3.745757 -3.784773
v 0.604177 3.745757 -3.784771
v 0.752698 3.745757 -3.788017
v 0.989151 3.745757 -3.784770
v 0.997592 5.944483 -3.594103
v 0.762481 6.357845 -3.661953
v 0.612618 6.374601 -3.667317
v 0.227647 6.374601 -3.667317
v -0.157328 6.374601 -3.667317
v -0.542301 6.374601 -3.667317
v -0.927276 6.374601 -3.667315
v -1.312247 6.374601 -3.667319
v -1.697220 6.374601 -3.667319
v -2.082194 6.374601 -3.667319
v -2.467166 6.374601 -3.667319
v -2.852142 6.374601 -3.667317
v -3.000662 6.357845 -3.628981
v -3.237114 5.944483 -3.594107
v -3.245555 3.745757 -3.282782
v -3.009103 3.745757 -3.286026
v -2.860583 3.745757 -3.282780
v -2.475609 3.745757 -3.282782
v -2.090636 3.745757 -3.282782
v -1.705663 3.745757 -3.282782
v -1.320689 3.745757 -3.282782
v -0.935717 3.745757 -3.282780
v -0.550743 3.745757 -3.282782
v -0.165769 3.745757 -3.282782
v 0.219204 3.745757 -3.282784
v 0.604177 3.745757 -3.282782
v 0.752698 3.745757 -3.286026
v 0.989151 3.745757 -3.282780
v 0.998999 5.945044 -3.144001
v 0.764112 6.357920 -3.222619
v 0.614026 6.374039 -3.229416
v 0.229053 6.374039 -3.229416
v -0.155921 6.374039 -3.229416
v -0.540894 6.374039 -3.229416
v -0.925868 6.374039 -3.229414
v -1.310841 6.374039 -3.229416
v -1.695813 6.374039 -3.229416
v -2.080788 6.374039 -3.229416
v -2.465760 6.374039 -3.229416
v -2.850736 6.374039 -3.229414
v -2.999255 6.357920 -3.184149
v -3.235706 5.945044 -3.144002
v -3.245555 3.745757 -2.780794
v -3.009104 3.745757 -2.784038
v -2.860583 3.745757 -2.780792
v -2.475609 3.745757 -2.780794
v -2.090636 3.745757 -2.780794
v -1.705662 3.745757 -2.780794
v -1.320689 3.745757 -2.780794
v -0.935716 3.745757 -2.780792
v -0.550743 3.745757 -2.780792
v -0.165769 3.745757 -2.780794
v 0.219204 3.745757 -2.780796
v 0.604177 3.745757 -2.780792
v 0.752698 3.745757 -2.784038
v 0.989151 3.745757 -2.780792
v 1.000407 5.945604 -2.693899
v 0.765741 6.357998 -2.783283
v 0.615433 6.373478 -2.791517
v 0.230460 6.373478 -2.791517
v -0.154514 6.373478 -2.791517
v -0.539487 6.373478 -2.791517
v -0.924461 6.373478 -2.791515
v -1.309433 6.373478 -2.791517
v -1.694407 6.373478 -2.791517
v -2.079381 6.373478 -2.791517
v -2.464353 6.373478 -2.791517
v -2.849328 6.373478 -2.791515
v -2.997849 6.357998 -2.739316
v -3.234300 5.945604 -2.693901
v -3.245555 3.745757 -2.278802
v -3.009104 3.745757 -2.282049
v -2.860583 3.745757 -2.278802
v -2.475609 3.745757 -2.278802
v -2.090635 3.745757 -2.278802
v -1.705662 3.745757 -2.278802
v -1.320688 3.745757 -2.278804
v -0.935716 3.745757 -2.278802
v -0.550742 3.745757 -2.278802
v -0.165769 3.745757 -2.278804
v 0.219204 3.745757 -2.278806
v 0.604177 3.745757 -2.278802
v 0.752698 3.745757 -2.282049
v 0.989151 3.745757 -2.278802
v 1.001813 5.946165 -2.243797
v 0.767372 6.358074 -2.343950
v 0.616839 6.372917 -2.353616
v 0.231867 6.372917 -2.353616
v -0.153108 6.372917 -2.353616
v -0.538079 6.372917 -2.353616
v -0.923055 6.372917 -2.353614
v -1.308027 6.372917 -2.353616
v -1.692999 6.372917 -2.353616
v -2.077974 6.372917 -2.353616
v -2.462947 6.372917 -2.353616
v -2.847922 6.372917 -2.353616
v -2.996441 6.358074 -2.294485
v -3.232894 5.946165 -2.243799
v -3.245555 3.745757 -1.776813
v -3.009104 3.745757 -1.780059
v -2.860584 3.745757 -1.776811
v -2.475609 3.745757 -1.776813
v -2.090636 3.745757 -1.776813
v -1.705663 3.745757 -1.776813
v -1.320689 3.745757 -1.776813
v -0.935716 3.745757 -1.776813
v -0.550743 3.745757 -1.776813
v -0.165769 3.745757 -1.776813
v 0.219204 3.745757 -1.776817
v 0.604177 3.745757 -1.776813
v 0.752698 3.745757 -1.780059
v 0.989151 3.745757 -1.776811
v 1.003221 5.946728 -1.793695
v 0.769002 6.358150 -1.904613
v 0.618247 6.372356 -1.915716
v 0.233274 6.372356 -1.915716
v -0.151700 6.372356 -1.915716
v -0.536673 6.372356 -1.915716
v -0.921647 6.372356 -1.915714
v -1.306620 6.372356 -1.915716
v -1.691592 6.372356 -1.915716
v -2.076567 6.372356 -1.915716
v -2.461539 6.372356 -1.915716
v -2.846515 6.372356 -1.915716
v -2.995034 6.358150 -1.849657
v -3.231486 5.946728 -1.793697
v -3.245555 3.745757 -1.274826
v -3.009104 3.745757 -1.278072
v -2.860583 3.745757 -1.274824
v -2.475609 3.745757 -1.274826
v -2.090636 3.745757 -1.274826
v -1.705662 3.745757 -1.274826
v -1.320689 3.745757 -1.274826
v -0.935716 3.745757 -1.274826
v -0.550743 3.745757 -1.274826
v -0.165769 3.745757 -1.274826
v 0.219203 3.745757 -1.274829
v 0.604177 3.745757 -1.274826
v 0.752698 3.745757 -1.278072
v 0.989151 3.745757 -1.274826
v 1.004627 5.947289 -1.343593
v 0.770634 6.358227 -1.465280
v 0.619654 6.371796 -1.477815
v 0.234680 6.371796 -1.477815
v -0.150294 6.371796 -1.477815
v -0.535266 6.371796 -1.477815
v -0.920241 6.371796 -1.477813
v -1.305213 6.371796 -1.477815
v -1.690186 6.371796 -1.477815
v -2.075160 6.371796 -1.477815
v -2.460133 6.371796 -1.477815
v -2.845108 6.371796 -1.477815
v -2.993628 6.358227 -1.404825
v -3.230079 5.947289 -1.343595
v -3.245555 3.745757 -0.772836
v -3.009104 3.745757 -0.776083
v -2.860583 3.745757 -0.772834
v -2.475609 3.745757 -0.772836
v -2.090636 3.745757 -0.772836
v -1.705662 3.745757 -0.772836
v -1.320690 3.745757 -0.772836
v -0.935716 3.745757 -0.772836
v -0.550743 3.745757 -0.772836
v -0.165769 3.745757 -0.772836
v 0.219204 3.745757 -0.772840
v 0.604177 3.745757 -0.772836
v 0.752698 3.745757 -0.776083
v 0.989151 3.745757 -0.772836
v 1.006034 5.947849 -0.893491
v 0.772264 6.358303 -1.025945
v 0.621060 6.371233 -1.039917
v 0.236088 6.371233 -1.039917
v -0.148887 6.371233 -1.039917
v -0.533859 6.371233 -1.039917
v -0.918834 6.371233 -1.039917
v -1.303805 6.371233 -1.039917
v -1.688778 6.371233 -1.039917
v -2.073753 6.371233 -1.039917
v -2.458726 6.371233 -1.039917
v -2.843701 6.371233 -1.039917
v -2.992220 6.358303 -0.959993
v -3.228672 5.947849 -0.893493
v -3.245554 3.745757 -0.270847
v -3.009104 3.745757 -0.274093
v -2.860583 3.745757 -0.270845
v -2.475609 3.745757 -0.270847
v -2.090636 3.745757 -0.270847
v -1.705662 3.745757 -0.270847
v -1.320689 3.745757 -0.270847
v -0.935716 3.745757 -0.270847
v -0.550742 3.745757 -0.270847
v -0.165769 3.745757 -0.270847
v 0.219204 3.745757 -0.270851
v 0.604177 3.745757 -0.270847
v 0.752698 3.745757 -0.274093
v 0.989151 3.745757 -0.270845
v 1.007441 5.948410 -0.443389
v 0.773894 6.358379 -0.586608
v 0.622468 6.370672 -0.602016
v 0.237494 6.370672 -0.602016
v -0.147479 6.370672 -0.602016
v -0.532453 6.370672 -0.602016
v -0.917427 6.370672 -0.602016
v -1.302400 6.370672 -0.602016
v -1.687371 6.370672 -0.602016
v -2.072347 6.370672 -0.602016
v -2.457319 6.370672 -0.602016
v -2.842295 6.370672 -0.602016
v -2.990813 6.358379 -0.515163
v -3.227265 5.948410 -0.443391
v -3.245554 3.745757 0.231143
v -3.009104 3.745757 0.227894
v -2.860583 3.745757 0.231144
v -2.475609 3.745757 0.231143
v -2.090636 3.745757 0.231143
v -1.705662 3.745757 0.231143
v -1.320688 3.745757 0.231143
v -0.935716 3.745757 0.231143
v -0.550743 3.745757 0.231143
v -0.165769 3.745757 0.231143
v 0.219204 3.745757 0.231139
v 0.604177 3.745757 0.231144
v 0.752698 3.745757 0.227894
v 0.989151 3.745757 0.231144
v 1.008848 5.948971 0.006711
v 0.775524 6.358456 -0.147275
v 0.623875 6.370110 -0.164115
v 0.238901 6.370111 -0.164115
v -0.146072 6.370110 -0.164115
v -0.531046 6.370110 -0.164115
v -0.916019 6.370111 -0.164115
v -1.300992 6.370110 -0.164115
v -1.685965 6.370110 -0.164115
v -2.070940 6.370110 -0.164115
v -2.455912 6.370111 -0.164115
v -2.840887 6.370110 -0.164115
v -2.989406 6.358456 -0.070331
v -3.225859 5.948971 0.006711
v -3.245555 3.745757 0.733130
v -3.009104 3.745757 0.729884
v -2.860584 3.745757 0.733132
v -2.475610 3.745757 0.733130
v -2.090636 3.745757 0.733130
v -1.705662 3.745757 0.733130
v -1.320689 3.745757 0.733130
v -0.935716 3.745757 0.733130
v -0.550743 3.745757 0.733130
v -0.165768 3.745757 0.733130
v 0.219204 3.745757 0.733126
v 0.604177 3.745757 0.733130
v 0.752698 3.745757 0.729886
v 0.989151 3.745757 0.733132
v 1.010255 5.949533 0.456812
v 0.777155 6.358532 0.292059
v 0.625281 6.369551 0.273783
v 0.240309 6.369551 0.273783
v -0.144665 6.369551 0.273783
v -0.529638 6.369551 0.273783
v -0.914613 6.369551 0.273783
v -1.299584 6.369551 0.273783
v -1.684558 6.369551 0.273783
v -2.069532 6.369551 0.273783
v -2.454505 6.369551 0.273787
v -2.839481 6.369551 0.273783
v -2.988000 6.358532 0.374497
v -3.224451 5.949533 0.456812
v -3.245555 3.745757 1.235119
v -3.009104 3.745757 1.231873
v -2.860584 3.745757 1.235123
v -2.475609 3.745757 1.235121
v -2.090636 3.745757 1.235119
v -1.705662 3.745757 1.235119
v -1.320689 3.745757 1.235119
v -0.935716 3.745757 1.235121
v -0.550743 3.745757 1.235121
v -0.165768 3.745757 1.235119
v 0.219204 3.745757 1.235116
v 0.604177 3.745757 1.235121
v 0.752698 3.745757 1.231875
v 0.989151 3.745757 1.235121
v 0.752162 3.935306 -6.540163
v 0.603642 3.935920 -6.536716
v 0.218668 3.935920 -6.536716
v -0.166306 3.935920 -6.536716
v -0.551278 3.935920 -6.536716
v -0.936252 3.935919 -6.536714
v -1.320152 3.935920 -6.536718
v -1.705126 3.935920 -6.536718
v -2.090099 3.935920 -6.536718
v -2.475072 3.935920 -6.536718
v -2.860047 3.935919 -6.536716
v -3.008568 3.935305 -6.540164
v -3.245019 3.909190 -6.542428
v -3.245115 3.883143 -3.800989
v -3.245028 3.883178 -3.302241
v -3.244940 3.883212 -2.803493
v -3.244852 3.883248 -2.304746
v -3.244763 3.883283 -1.806001
v -3.244676 3.883317 -1.307254
v -3.244588 3.883353 -0.808507
v -3.244499 3.883387 -0.309762
v -3.244237 3.883493 1.186476
v -3.244149 3.883528 1.685223
v -3.298605 3.884820 1.685307
v -3.335897 3.922533 1.714333
v -3.335874 3.922581 1.814429
v -3.298449 3.884812 1.871377
v -3.244116 3.883541 1.871289
v -3.007758 3.909063 1.860329
v -2.859143 3.909696 1.858805
v -2.474172 3.909696 1.858805
v -2.089194 3.909696 1.858805
v -1.704224 3.909696 1.858801
v -1.319249 3.909696 1.858801
v -0.934276 3.909696 1.858805
v -0.549303 3.909696 1.858805
v -0.164330 3.909696 1.858801
v 0.220644 3.909696 1.858805
v 0.605617 3.909696 1.858805
v 0.754400 3.909063 1.856211
v 0.990590 3.883541 1.871289
v 1.013479 3.883559 1.871251
v 1.033460 3.902910 1.841210
v 1.033432 3.902938 1.700438
v 1.013340 3.883531 1.685179
v 0.990558 3.883528 1.685223
v 0.990470 3.883493 1.186476
v 0.990206 3.883387 -0.309762
v 0.990118 3.883353 -0.808507
v 0.990029 3.883317 -1.307252
v 0.989943 3.883283 -1.805999
v 0.989854 3.883248 -2.304744
v 0.989766 3.883212 -2.803491
v 0.989678 3.883178 -3.302239
v 0.989590 3.883143 -3.800984
v 0.988614 3.909190 -6.542423
v 0.752163 4.095101 -6.506027
v 0.603642 4.096974 -6.502312
v 0.218668 4.096974 -6.502311
v -0.166306 4.096974 -6.502311
v -0.551278 4.096974 -6.502311
v -0.936252 4.096974 -6.502309
v -1.320152 4.096974 -6.502313
v -1.705126 4.096974 -6.502313
v -2.090099 4.096974 -6.502313
v -2.475072 4.096974 -6.502313
v -2.860047 4.096974 -6.502311
v -3.008567 4.095101 -6.506029
v -3.245019 4.043516 -6.513733
v -3.245379 4.020247 -5.799216
v -3.245204 4.020317 -5.303712
v -3.245028 4.020387 -4.808209
v -3.244852 4.020457 -4.312706
v -3.244676 4.020528 -3.817203
v -3.244500 4.020597 -3.321700
v -3.244324 4.020667 -2.826192
v -3.244148 4.020739 -2.330692
v -3.243973 4.020808 -1.835187
v -3.243796 4.020878 -1.339683
v -3.243621 4.020948 -0.844181
v -3.243444 4.021018 -0.348676
v -3.243270 4.021089 0.146824
v -3.243093 4.021159 0.642329
v -3.242918 4.021229 1.137831
v -3.242742 4.021298 1.633334
v -3.296970 4.023242 1.633414
v -3.334287 4.058988 1.663245
v -3.334245 4.059039 1.762314
v -3.296678 4.023222 1.818274
v -3.242677 4.021324 1.818192
v -3.006413 4.072367 1.799519
v -2.857704 4.073634 1.793221
v -2.472732 4.073634 1.793221
v -2.087756 4.073634 1.793221
v -1.702785 4.073634 1.793217
v -1.317809 4.073634 1.793217
v -0.932837 4.073634 1.793221
v -0.547863 4.073634 1.793219
v -0.162891 4.073634 1.793217
v 0.222083 4.073634 1.793221
v 0.607057 4.073634 1.793221
v 0.756102 4.072367 1.791283
v 0.992030 4.021324 1.818192
v 1.014857 4.021634 1.818148
v 1.034782 4.039948 1.788596
v 1.034730 4.039965 1.649031
v 1.014601 4.021575 1.633292
v 0.991964 4.021298 1.633334
v 0.991789 4.021229 1.137833
v 0.991613 4.021159 0.642329
v 0.991437 4.021089 0.146826
v 0.991261 4.021018 -0.348676
v 0.991085 4.020948 -0.844181
v 0.990910 4.020878 -1.339681
v 0.990733 4.020808 -1.835186
v 0.990557 4.020739 -2.330690
v 0.990381 4.020667 -2.826190
v 0.990205 4.020597 -3.321696
v 0.990030 4.020528 -3.817199
v 0.989854 4.020457 -4.312702
v 0.989677 4.020387 -4.808205
v 0.989502 4.020317 -5.303708
v 0.989326 4.020247 -5.799211
v 0.988615 4.043514 -6.513728
v 0.752162 4.254897 -6.471892
v 0.603642 4.258029 -6.467906
v -2.860046 4.258028 -6.467906
v -3.008567 4.254897 -6.471892
v -3.245019 4.177841 -6.485038
v -3.245292 4.157492 -5.802458
v -3.245028 4.157597 -5.310199
v -3.244763 4.157701 -4.817938
v -3.244500 4.157807 -4.325678
v -3.244236 4.157912 -3.833418
v -3.243974 4.158017 -3.341156
v -3.243709 4.158123 -2.848894
v -3.243445 4.158228 -2.356634
v -3.243180 4.158333 -1.864376
v -3.242917 4.158439 -1.372114
v -3.242653 4.158544 -0.879852
v -3.242390 4.158648 -0.387594
v -3.242126 4.158754 0.104668
v -3.241862 4.158859 0.596926
v -3.241599 4.158964 1.089188
v -3.241336 4.159070 1.581448
v -3.295334 4.161662 1.581521
v -3.332674 4.195442 1.612156
v -3.332617 4.195497 1.710198
v -3.294905 4.161634 1.765170
v -3.241236 4.159109 1.765097
v -3.005067 4.235671 1.738707
v -2.856264 4.237573 1.727639
v -2.471292 4.237573 1.727639
v -2.086316 4.237573 1.727639
v -1.701344 4.237573 1.727635
v -1.316370 4.237573 1.727635
v -0.931397 4.237573 1.727639
v -0.546424 4.237573 1.727635
v -0.161451 4.237573 1.727635
v 0.223523 4.237573 1.727639
v 0.608496 4.237573 1.727639
v 0.757803 4.235671 1.726355
v 0.993470 4.159109 1.765095
v 1.016233 4.159709 1.765049
v 1.036104 4.176987 1.735981
v 1.036030 4.176991 1.597624
v 1.015862 4.159619 1.581400
v 0.993371 4.159070 1.581448
v 0.993108 4.158964 1.089188
v 0.992844 4.158859 0.596928
v 0.992580 4.158754 0.104668
v 0.992317 4.158648 -0.387592
v 0.992053 4.158544 -0.879852
v 0.991789 4.158439 -1.372112
v 0.991525 4.158333 -1.864374
v 0.991261 4.158228 -2.356632
v 0.990997 4.158123 -2.848894
v 0.990733 4.158017 -3.341153
v 0.990469 4.157912 -3.833415
v 0.990205 4.157807 -4.325674
v 0.989942 4.157701 -4.817934
v 0.989677 4.157597 -5.310194
v 0.989414 4.157492 -5.802454
v 0.988614 4.177841 -6.485034
v 0.752163 4.414693 -6.437755
v 0.603642 4.419085 -6.433502
v -2.860047 4.419084 -6.433501
v -3.008568 4.414693 -6.437757
v -3.245019 4.312167 -6.456344
v -3.245204 4.294736 -5.805701
v -3.244852 4.294877 -5.316684
v -3.244500 4.295017 -4.827667
v -3.244148 4.295157 -4.338649
v -3.243796 4.295298 -3.849633
v -3.243445 4.295439 -3.360615
v -3.243093 4.295578 -2.871595
v -3.242742 4.295719 -2.382577
v -3.242389 4.295859 -1.893560
v -3.242038 4.295999 -1.404542
v -3.241686 4.296140 -0.915525
v -3.241335 4.296280 -0.426507
v -3.240983 4.296420 0.062508
v -3.240631 4.296560 0.551528
v -3.240279 4.296700 1.040543
v -3.239928 4.296841 1.529561
v -3.293697 4.300082 1.529627
v -3.331061 4.331897 1.561066
v -3.330988 4.331956 1.658082
v -3.293134 4.300045 1.712067
v -3.239797 4.296893 1.711998
v -3.073863 4.398976 1.681141
v -2.854824 4.401512 1.662056
v -2.469851 4.401512 1.662056
v -2.084876 4.401512 1.662055
v -1.699904 4.401512 1.662053
v -1.314931 4.401512 1.662051
v -0.929957 4.401512 1.662056
v -0.544984 4.401512 1.662053
v -0.160011 4.401512 1.662051
v 0.224963 4.401512 1.662056
v 0.609936 4.401512 1.662055
v 0.829645 4.398976 1.664673
v 0.994910 4.296893 1.711998
v 1.017612 4.297784 1.711953
v 1.037427 4.314026 1.683369
v 1.037328 4.314017 1.546219
v 1.017123 4.297665 1.529511
v 0.994779 4.296841 1.529562
v 0.994427 4.296700 1.040543
v 0.994075 4.296560 0.551528
v 0.993724 4.296420 0.062510
v 0.993372 4.296280 -0.426506
v 0.993019 4.296140 -0.915525
v 0.992668 4.295999 -1.404541
v 0.992316 4.295859 -1.893558
v 0.991964 4.295719 -2.382576
v 0.991613 4.295578 -2.871593
v 0.991261 4.295439 -3.360610
v 0.990909 4.295298 -3.849628
v 0.990557 4.295157 -4.338645
v 0.990205 4.295017 -4.827662
v 0.989854 4.294877 -5.316679
v 0.989501 4.294736 -5.805696
v 0.988614 4.312166 -6.456338
v 0.752163 4.574490 -6.403619
v 0.603642 4.580140 -6.399098
v -2.860047 4.580140 -6.399096
v -3.008567 4.574490 -6.403621
v -3.245018 4.446492 -6.427649
v -3.245117 4.431982 -5.808944
v -3.244676 4.432158 -5.323170
v -3.244237 4.432332 -4.837396
v -3.243796 4.432508 -4.351622
v -3.243357 4.432683 -3.865847
v -3.242917 4.432858 -3.380072
v -3.242478 4.433033 -2.894294
v -3.242037 4.433209 -2.408521
v -3.241597 4.433385 -1.922746
v -3.241158 4.433560 -1.436973
v -3.240719 4.433736 -0.951198
v -3.240279 4.433910 -0.465425
v -3.239840 4.434086 0.020352
v -3.239400 4.434261 0.506125
v -3.238961 4.434437 0.991898
v -3.238522 4.434611 1.477675
v -3.292062 4.438504 1.477734
v -3.329449 4.468350 1.509978
v -3.329360 4.468413 1.605965
v -3.291363 4.438457 1.658965
v -3.238358 4.434677 1.658904
v -3.072516 4.562283 1.620331
v -2.853385 4.565453 1.596470
v -2.468411 4.565453 1.596470
v -2.083437 4.565453 1.596470
v -1.698464 4.565453 1.596468
v -1.313491 4.565453 1.596468
v -0.928518 4.565453 1.596472
v -0.543543 4.565453 1.596468
v -0.158571 4.565453 1.596467
v 0.226403 4.565453 1.596470
v 0.611376 4.565453 1.596470
v 0.831347 4.562283 1.599747
v 0.996348 4.434677 1.658904
v 1.018988 4.435859 1.658850
v 1.038749 4.451064 1.630755
v 1.038627 4.451044 1.494812
v 1.018384 4.435709 1.477620
v 0.996185 4.434611 1.477675
v 0.995746 4.434437 0.991898
v 0.995306 4.434261 0.506125
v 0.994866 4.434086 0.020352
v 0.994427 4.433910 -0.465423
v 0.993987 4.433736 -0.951196
v 0.993547 4.433560 -1.436971
v 0.993108 4.433385 -1.922744
v 0.992667 4.433209 -2.408519
v 0.992229 4.433033 -2.894292
v 0.991788 4.432858 -3.380068
v 0.991349 4.432683 -3.865843
v 0.990909 4.432508 -4.351616
v 0.990469 4.432332 -4.837391
v 0.990029 4.432158 -5.323165
v 0.989590 4.431982 -5.808939
v 0.988614 4.446491 -6.427643
v 0.752163 4.734286 -6.369484
v 0.603642 4.741195 -6.364693
v -2.860047 4.741195 -6.364692
v -3.008567 4.734285 -6.369484
v -3.245019 4.580819 -6.398954
v -3.245028 4.569227 -5.812188
v -3.244500 4.569439 -5.329657
v -3.241335 4.570700 -2.434465
v -3.240806 4.570910 -1.951934
v -3.240279 4.571121 -1.469402
v -3.237640 4.572173 0.943255
v -3.237114 4.572384 1.425786
v -3.290425 4.576924 1.425841
v -3.327837 4.604806 1.458888
v -3.327731 4.604873 1.553853
v -3.289592 4.576868 1.605860
v -3.236917 4.572463 1.605805
v -3.071172 4.725588 1.559517
v -2.851944 4.729391 1.530886
v -2.466971 4.729392 1.530888
v -2.081997 4.729391 1.530888
v -1.697024 4.729391 1.530886
v -1.312051 4.729391 1.530886
v -0.927079 4.729392 1.530890
v -0.542104 4.729391 1.530886
v -0.157131 4.729391 1.530884
v 0.227842 4.729392 1.530886
v 0.612816 4.729391 1.530886
v 0.833049 4.725588 1.534819
v 0.997789 4.572463 1.605805
v 1.020366 4.573934 1.605752
v 1.040071 4.588103 1.578141
v 1.039926 4.588071 1.443406
v 1.019645 4.573755 1.425730
v 0.997592 4.572384 1.425786
v 0.997065 4.572173 0.943257
v 0.994427 4.571121 -1.469400
v 0.993899 4.570910 -1.951932
v 0.993371 4.570700 -2.434463
v 0.990205 4.569439 -5.329651
v 0.989677 4.569227 -5.812182
v 0.988614 4.580819 -6.398949
v 0.752163 4.894082 -6.335349
v 0.603642 4.902249 -6.330288
v -2.860046 4.902249 -6.330288
v -3.008567 4.894082 -6.335350
v -3.245019 4.715145 -6.370259
v -3.244940 4.706473 -5.815430
v -3.244325 4.706717 -5.336142
v -3.240631 4.708191 -2.460409
v -3.240015 4.708437 -1.981119
v -3.239400 4.708681 -1.501832
v -3.236322 4.709909 0.894610
v -3.235707 4.710155 1.373898
v -3.288789 4.715345 1.373948
v -3.326224 4.741261 1.407797
v -3.326101 4.741332 1.501736
v -3.287821 4.715280 1.552756
v -3.235476 4.710247 1.552708
v -3.069827 4.888892 1.498707
v -2.850505 4.893330 1.465304
v -2.465532 4.893331 1.465304
v -2.080558 4.893330 1.465304
v -1.695585 4.893330 1.465302
v -1.310612 4.893330 1.465302
v -0.925639 4.893331 1.465304
v -0.540665 4.893330 1.465302
v -0.155692 4.893330 1.465302
v 0.229282 4.893331 1.465304
v 0.614255 4.893330 1.465304
v 0.834750 4.888892 1.469891
v 0.999228 4.710247 1.552708
v 1.021742 4.712008 1.552649
v 1.041393 4.725142 1.525527
v 1.041225 4.725098 1.391999
v 1.020906 4.711800 1.373843
v 0.998999 4.710155 1.373898
v 0.998384 4.709909 0.894610
v 0.995306 4.708681 -1.501831
v 0.994690 4.708437 -1.981119
v 0.994075 4.708191 -2.460407
v 0.990382 4.706717 -5.336137
v 0.989766 4.706473 -5.815425
v 0.988614 4.715145 -6.370254
v 0.752163 5.053878 -6.301213
v 0.603642 5.063305 -6.295884
v -2.860046 5.063304 -6.295883
v -3.008567 5.053877 -6.301214
v -3.245019 4.849472 -6.341564
v -3.244852 4.843718 -5.818674
v -3.244149 4.843999 -5.342628
v -3.239927 4.845681 -2.486352
v -3.239223 4.845962 -2.010307
v -3.238520 4.846243 -1.534261
v -3.235003 4.847646 0.845967
v -3.234301 4.847926 1.322012
v -3.287153 4.853766 1.322052
v -3.324612 4.877715 1.356709
v -3.324474 4.877790 1.449620
v -3.286049 4.853690 1.499653
v -3.234037 4.848031 1.499609
v -3.068480 5.052197 1.437895
v -2.849064 5.057269 1.399720
v -2.464091 5.057269 1.399720
v -2.079118 5.057269 1.399720
v -1.694145 5.057269 1.399718
v -1.309172 5.057269 1.399718
v -0.924199 5.057269 1.399722
v -0.539225 5.057269 1.399720
v -0.154252 5.057269 1.399718
v 0.230722 5.057269 1.399720
v 0.615695 5.057269 1.399720
v 0.836452 5.052197 1.404965
v 1.000669 4.848031 1.499609
v 1.023120 4.850084 1.499552
v 1.042716 4.862181 1.472912
v 1.042523 4.862124 1.340594
v 1.022167 4.849844 1.321951
v 1.000407 4.847926 1.322012
v 0.999703 4.847646 0.845967
v 0.996185 4.846243 -1.534259
v 0.995482 4.845962 -2.010305
v 0.994778 4.845681 -2.486351
v 0.990557 4.843999 -5.342623
v 0.989853 4.843718 -5.818669
v 0.988614 4.849470 -6.341559
v 0.752163 5.213673 -6.267078
v 0.603642 5.224360 -6.261478
v -2.860047 5.224360 -6.261478
v -3.008567 5.213673 -6.267078
v -3.245019 4.983796 -6.312870
v -3.244764 4.980963 -5.821916
v -3.243972 4.981278 -5.349114
v -3.239223 4.983171 -2.512294
v -3.238432 4.983488 -2.039493
v -3.237641 4.983803 -1.566692
v -3.233685 4.985381 0.797322
v -3.232893 4.985697 1.270125
v -3.285517 4.992187 1.270161
v -3.322999 5.014170 1.305619
v -3.322845 5.014249 1.397503
v -3.284277 4.992101 1.446551
v -3.232597 4.985815 1.446513
v -3.067136 5.215502 1.377085
v -2.847625 5.221208 1.334137
v -2.462652 5.221209 1.334137
v -2.077678 5.221208 1.334137
v -1.692705 5.221208 1.334136
v -1.307732 5.221208 1.334137
v -0.922760 5.221209 1.334139
v -0.537785 5.221208 1.334137
v -0.152813 5.221208 1.334136
v 0.232162 5.221209 1.334137
v 0.617135 5.221208 1.334137
v 0.838153 5.215502 1.340035
v 1.002108 4.985815 1.446513
v 1.024497 4.988158 1.446450
v 1.044039 4.999218 1.420298
v 1.043822 4.999150 1.289185
v 1.023428 4.987888 1.270062
v 1.001813 4.985697 1.270125
v 1.001022 4.985381 0.797324
v 0.997065 4.983803 -1.566690
v 0.996273 4.983488 -2.039491
v 0.995481 4.983171 -2.512292
v 0.990733 4.981278 -5.349109
v 0.989942 4.980963 -5.821912
v 0.988614 4.983796 -6.312865
v 0.752163 5.373468 -6.232941
v 0.603642 5.385414 -6.227074
v -2.860046 5.385414 -6.227073
v -3.008567 5.373468 -6.232942
v -3.245020 5.118123 -6.284175
v -3.244677 5.118208 -5.825160
v -3.243796 5.118558 -5.355599
v -3.238522 5.120662 -2.538240
v -3.237641 5.121014 -2.068681
v -3.236762 5.121365 -1.599121
v -3.232365 5.123117 0.748679
v -3.231485 5.123468 1.218237
v -3.283880 5.130608 1.218268
v -3.321386 5.150624 1.254530
v -3.321217 5.150706 1.345391
v -3.282506 5.130513 1.393446
v -3.231157 5.123598 1.393416
v -3.065791 5.378807 1.316271
v -2.846185 5.385146 1.268551
v -2.461212 5.385148 1.268555
v -2.076239 5.385146 1.268555
v -1.691266 5.385146 1.268551
v -1.306292 5.385146 1.268555
v -0.921320 5.385148 1.268555
v -0.536345 5.385146 1.268551
v -0.151373 5.385146 1.268551
v 0.233602 5.385148 1.268555
v 0.618574 5.385146 1.268555
v 0.839855 5.378807 1.275111
v 1.003549 5.123598 1.393414
v 1.025874 5.126233 1.393351
v 1.045362 5.136257 1.367684
v 1.045121 5.136177 1.237778
v 1.024689 5.125934 1.218171
v 1.003220 5.123468 1.218237
v 1.002341 5.123117 0.748679
v 0.997945 5.121365 -1.599119
v 0.997066 5.121014 -2.068679
v 0.996185 5.120662 -2.538238
v 0.990909 5.118558 -5.355594
v 0.990029 5.118208 -5.825155
v 0.988614 5.118122 -6.284170
v 0.752163 5.533264 -6.198805
v 0.603642 5.546469 -6.192668
v -2.860047 5.546469 -6.192668
v -3.008567 5.533264 -6.198806
v -3.245019 5.252448 -6.255480
v -3.244589 5.255453 -5.828403
v -3.243620 5.255838 -5.362086
v -3.237818 5.258153 -2.564184
v -3.236850 5.258538 -2.097867
v -3.235883 5.258924 -1.631549
v -3.231046 5.260853 0.700032
v -3.230080 5.261239 1.166348
v -3.282245 5.269028 1.166373
v -3.319774 5.287079 1.203440
v -3.319588 5.287165 1.293274
v -3.280734 5.268924 1.340344
v -3.229719 5.261383 1.340319
v -3.064445 5.542112 1.255461
v -2.844745 5.549086 1.202969
v -2.459772 5.549086 1.202971
v -2.074798 5.549086 1.202971
v -1.689825 5.549086 1.202969
v -1.304852 5.549086 1.202969
v -0.919881 5.549086 1.202971
v -0.534905 5.549086 1.202969
v -0.149933 5.549086 1.202967
v 0.235042 5.549086 1.202971
v 0.620014 5.549086 1.202971
v 0.841557 5.542112 1.210181
v 1.004987 5.261383 1.340319
v 1.027251 5.264308 1.340250
v 1.046684 5.273295 1.315072
v 1.046420 5.273204 1.186371
v 1.025949 5.263978 1.166281
v 1.004627 5.261239 1.166350
v 1.003661 5.260853 0.700034
v 0.998823 5.258924 -1.631549
v 0.997857 5.258538 -2.097866
v 0.996889 5.258153 -2.564180
v 0.991085 5.255838 -5.362080
v 0.990118 5.255453 -5.828397
v 0.988614 5.252447 -6.255476
v 0.752163 5.693060 -6.164670
v 0.603641 5.707525 -6.158265
v -2.860047 5.707523 -6.158264
v -3.008567 5.693060 -6.164670
v -3.245019 5.386774 -6.226786
v -3.244501 5.392698 -5.831645
v -3.243445 5.393119 -5.368572
v -3.237113 5.395644 -2.590127
v -3.236059 5.396065 -2.127052
v -3.235003 5.396484 -1.663978
v -3.229728 5.398589 0.651389
v -3.228672 5.399010 1.114464
v -3.280609 5.407449 1.114480
v -3.318162 5.423533 1.152350
v -3.317960 5.423624 1.241158
v -3.278963 5.407335 1.287240
v -3.228278 5.399167 1.287222
v -3.063100 5.705416 1.194647
v -2.843306 5.713024 1.137385
v -2.458333 5.713026 1.137387
v -2.073359 5.713024 1.137387
v -1.688386 5.713024 1.137385
v -1.303412 5.713024 1.137387
v -0.918441 5.713026 1.137389
v -0.533465 5.713024 1.137387
v -0.148493 5.713024 1.137385
v 0.236482 5.713026 1.137387
v 0.621454 5.713024 1.137387
v 0.843258 5.705416 1.145255
v 1.006428 5.399167 1.287224
v 1.028628 5.402383 1.287150
v 1.048006 5.410335 1.262455
v 1.047719 5.410230 1.134966
v 1.027210 5.402022 1.114394
v 1.006034 5.399010 1.114464
v 1.004979 5.398589 0.651389
v 0.999703 5.396484 -1.663976
v 0.998648 5.396065 -2.127050
v 0.997592 5.395644 -2.590126
v 0.991261 5.393119 -5.368566
v 0.990205 5.392698 -5.831640
v 0.988614 5.386773 -6.226780
v 0.752163 5.852856 -6.130535
v 0.603642 5.868580 -6.123860
v -2.860047 5.868580 -6.123859
v -3.008567 5.852854 -6.130536
v -3.245019 5.521099 -6.198091
v -3.244412 5.529942 -5.834888
v -3.243270 5.530399 -5.375058
v -3.236410 5.533134 -2.616069
v -3.235268 5.533590 -2.156240
v -3.234123 5.534046 -1.696409
v -3.228408 5.536325 0.602746
v -3.227265 5.536781 1.062575
v -3.278973 5.545868 1.062586
v -3.316548 5.559988 1.101262
v -3.316332 5.560081 1.189044
v -3.277192 5.545746 1.234137
v -3.226839 5.536951 1.234126
v -3.061754 5.868721 1.133837
v -2.841866 5.876963 1.071801
v -2.456892 5.876965 1.071803
v -2.071918 5.876963 1.071801
v -1.686946 5.876963 1.071801
v -1.301973 5.876963 1.071803
v -0.917001 5.876965 1.071806
v -0.532026 5.876963 1.071801
v -0.147054 5.876963 1.071801
v 0.237921 5.876965 1.071803
v 0.622894 5.876963 1.071801
v 0.844959 5.868721 1.080325
v 1.007867 5.536951 1.234124
v 1.030005 5.540457 1.234049
v 1.049328 5.547373 1.209841
v 1.049017 5.547256 1.083560
v 1.028471 5.540068 1.062502
v 1.007441 5.536781 1.062575
v 1.006298 5.536325 0.602746
v 1.000583 5.534046 -1.696409
v 0.999439 5.533590 -2.156238
v 0.998296 5.533134 -2.616069
v 0.991436 5.530399 -5.375052
v 0.990294 5.529942 -5.834883
v 0.988614 5.521099 -6.198084
v 0.752163 6.012651 -6.096399
v 0.603642 6.029634 -6.089456
v -2.860047 6.029634 -6.089455
v -3.008567 6.012651 -6.096400
v -3.245019 5.655426 -6.169396
v -3.244324 5.667187 -5.838131
v -3.243093 5.667677 -5.381544
v -3.235706 5.670626 -2.642013
v -3.234475 5.671114 -2.185426
v -3.233245 5.671606 -1.728837
v -3.227089 5.674061 0.554101
v -3.225859 5.674551 1.010687
v -3.277337 5.684288 1.010693
v -3.314936 5.696442 1.050171
v -3.314703 5.696541 1.136927
v -3.275420 5.684156 1.181033
v -3.225398 5.674734 1.181029
v -3.060409 6.032026 1.073025
v -2.840426 6.040901 1.006218
v -2.455453 6.040903 1.006218
v -2.070478 6.040901 1.006218
v -1.685506 6.040901 1.006218
v -1.300534 6.040901 1.006218
v -0.915562 6.040903 1.006222
v -0.530585 6.040901 1.006218
v -0.145615 6.040901 1.006218
v 0.239360 6.040903 1.006220
v 0.624333 6.040901 1.006218
v 0.846661 6.032026 1.015399
v 1.009307 5.674734 1.181029
v 1.031383 5.678532 1.180951
v 1.050651 5.684410 1.157227
v 1.050316 5.684282 1.032153
v 1.029732 5.678110 1.010611
v 1.008848 5.674551 1.010689
v 1.007617 5.674061 0.554101
v 1.001462 5.671606 -1.728836
v 1.000231 5.671114 -2.185424
v 0.999000 5.670626 -2.642011
v 0.991612 5.667677 -5.381538
v 0.990381 5.667187 -5.838127
v 0.988614 5.655424 -6.169390
v 0.752162 6.172447 -6.062262
v 0.603642 6.190689 -6.055050
v 0.218668 6.190689 -6.055050
v -0.166306 6.190689 -6.055050
v -0.551278 6.190689 -6.055050
v -0.936252 6.190689 -6.055048
v -1.320152 6.190689 -6.055052
v -1.705126 6.190689 -6.055052
v -2.090099 6.190689 -6.055052
v -2.475072 6.190689 -6.055052
v -2.860046 6.190689 -6.055049
v -3.008567 6.172447 -6.062263
v -3.245019 5.789751 -6.140701
v -3.244236 5.804432 -5.841374
v -3.242917 5.804958 -5.388029
v -3.241599 5.805485 -4.934684
v -3.240278 5.806011 -4.481340
v -3.238960 5.806536 -4.027995
v -3.237640 5.807062 -3.574650
v -3.236321 5.807589 -3.121303
v -3.235003 5.808115 -2.667959
v -3.233685 5.808640 -2.214612
v -3.232366 5.809168 -1.761268
v -3.231046 5.809692 -1.307924
v -3.229727 5.810217 -0.854579
v -3.228408 5.810745 -0.401235
v -3.227090 5.811272 0.052111
v -3.225770 5.811796 0.505457
v -3.224451 5.812323 0.958800
v -3.275701 5.822708 0.958798
v -3.313324 5.832895 0.999081
v -3.313074 5.832998 1.084811
v -3.273649 5.822569 1.127930
v -3.223959 5.812519 1.127930
v -3.059064 6.195332 1.012215
v -2.838985 6.204840 0.940636
v -2.454013 6.204842 0.940636
v -2.069040 6.204840 0.940636
v -1.684067 6.204840 0.940636
v -1.299094 6.204840 0.940636
v -0.914122 6.204842 0.940638
v -0.529146 6.204840 0.940636
v -0.144174 6.204840 0.940636
v 0.240801 6.204842 0.940638
v 0.625773 6.204840 0.940636
v 0.848362 6.195332 0.950470
v 1.010747 5.812519 1.127930
v 1.032761 5.816607 1.127848
v 1.051973 5.821447 1.104615
v 1.051615 5.821308 0.980746
v 1.030993 5.816156 0.958722
v 1.010255 5.812323 0.958800
v 1.008936 5.811796 0.505457
v 1.007617 5.811272 0.052111
v 1.006298 5.810745 -0.401233
v 1.004978 5.810217 -0.854578
v 1.003659 5.809692 -1.307922
v 1.002341 5.809168 -1.761266
v 1.001021 5.808640 -2.214612
v 0.999703 5.808115 -2.667955
v 0.998384 5.807589 -3.121301
v 0.997065 5.807062 -3.574646
v 0.995746 5.806536 -4.027990
v 0.994426 5.806011 -4.481334
v 0.993107 5.805485 -4.934680
v 0.991788 5.804958 -5.388024
v 0.990469 5.804432 -5.841369
v 0.988614 5.789751 -6.140696
v -3.205651 3.745757 -6.292874
v -2.969199 3.745757 -6.296118
v -2.969199 3.745757 -5.794128
v -3.205651 3.745757 -5.790883
v -2.820680 3.745757 -5.790881
v -2.820679 3.745757 -6.292870
v -2.435704 3.745757 -5.790883
v -2.435704 3.745757 -6.292874
v -2.050732 3.745757 -5.790884
v -2.050732 3.745757 -6.292874
v -1.665758 3.745757 -5.790884
v -1.665758 3.745757 -6.292874
v -2.969199 3.745757 -5.292140
v -3.205651 3.745757 -5.288894
v -2.820680 3.745757 -5.288892
v -2.435705 3.745757 -5.288894
v -2.050732 3.745757 -5.288894
v -1.665758 3.745757 -5.288894
v -2.435705 3.745757 -4.786905
v -2.050733 3.745757 -4.786905
v -2.435704 3.745757 -4.284916
v -2.050732 3.745757 -4.284916
v -2.435705 3.745757 -3.782926
v -2.050732 3.745757 -3.782927
v -2.435705 3.745757 -3.280934
v -2.050732 3.745757 -3.280936
v -2.820679 3.910270 -6.292870
v -2.435704 3.910270 -6.292874
v -2.969199 3.908983 -6.296118
v -3.205651 3.882967 -6.292874
v -3.205564 3.883002 -5.794126
v -3.205476 3.883037 -5.295380
v -3.205651 3.745757 -4.786905
v -3.205387 3.883071 -4.796633
v -3.205650 3.745757 -4.284916
v -3.205299 3.883107 -4.297887
v -3.205651 3.745757 -3.782926
v -3.205212 3.883143 -3.799141
v -3.205476 4.020247 -5.797369
v -3.205651 4.020177 -6.292874
v -3.205299 4.020317 -5.301866
v -3.205124 4.020387 -4.806363
v -3.204947 4.020457 -4.310860
v -3.204772 4.020528 -3.815356
v -3.205124 3.883178 -3.300395
v -3.204597 4.020597 -3.319853
v -0.590647 3.745757 -5.790881
v -0.205673 3.745757 -5.790881
v -0.590646 3.745757 -6.292870
v -0.205673 3.745757 -6.292871
v 0.179299 3.745757 -5.790882
v 0.179300 3.745757 -6.292871
v 0.564273 3.745757 -5.790881
v 0.564273 3.745757 -6.292871
v 0.712793 3.745757 -5.794127
v 0.712794 3.745757 -6.296116
v 0.949246 3.745757 -5.790878
v 0.949246 3.745757 -6.292867
v -0.590647 3.745757 -5.288892
v -0.205673 3.745757 -5.288892
v 0.179300 3.745757 -5.288893
v 0.564274 3.745757 -5.288892
v 0.712793 3.745757 -5.292139
v 0.949246 3.745757 -5.288889
v -0.205673 3.745757 -4.786903
v 0.179299 3.745757 -4.786904
v -0.205673 3.745757 -4.284914
v 0.179299 3.745757 -4.284916
v -0.205673 3.745757 -3.782925
v 0.179300 3.745757 -3.782926
v -0.205672 3.745757 -3.280936
v 0.179299 3.745757 -3.280936
v 0.564273 3.910270 -6.292871
v 0.712794 3.908983 -6.296116
v 0.179300 3.910270 -6.292871
v 0.949686 3.883143 -3.799138
v 0.949597 3.883107 -4.297883
v 0.949246 3.745757 -3.782922
v 0.949246 3.745757 -4.284912
v 0.949510 3.883071 -4.796628
v 0.949246 3.745757 -4.786900
v 0.949422 3.883037 -5.295375
v 0.949334 3.883002 -5.794121
v 0.949246 3.882967 -6.292867
v 0.950301 4.020597 -3.319848
v 0.950126 4.020528 -3.815352
v 0.949774 3.883178 -3.300391
v 0.949950 4.020457 -4.310854
v 0.949774 4.020387 -4.806359
v 0.949597 4.020317 -5.301861
v 0.949422 4.020247 -5.797364
v 0.949246 4.020177 -6.292867
v -2.050733 3.745757 0.232989
v -1.665758 3.745757 0.232989
v -2.050733 3.745757 -0.269001
v -1.665758 3.745757 -0.269001
v -1.280785 3.745757 0.232989
v -1.280786 3.745757 -0.269001
v -0.975620 3.745757 0.232991
v -0.590647 3.745757 0.232989
v -0.975619 3.745757 -0.269001
v -0.590646 3.745757 -0.269001
v -0.205672 3.745757 0.232989
v -0.205672 3.745757 -0.269001
v -3.205650 3.745757 -0.269001
v -3.205650 3.745757 0.232991
v -3.204508 3.883423 0.190831
v -3.204596 3.883387 -0.307916
v -3.205651 3.745757 0.734978
v -3.204421 3.883458 0.689578
v -3.205651 3.745757 1.236966
v -3.204333 3.883493 1.188323
v -3.203365 4.021089 0.148671
v -3.203541 4.021018 -0.346830
v -3.203190 4.021159 0.644175
v -3.203014 4.021229 1.139679
v -3.201694 4.158964 1.091034
v -3.201959 4.158859 0.598774
v 0.950566 3.883493 1.188323
v 0.950478 3.883458 0.689578
v 0.949246 3.745757 1.236968
v 0.949247 3.745757 0.734978
v 0.950390 3.883423 0.190831
v 0.949246 3.745757 0.232991
v 0.950302 3.883387 -0.307914
v 0.949247 3.745757 -0.268999
v 0.951885 4.021229 1.139679
v 0.951709 4.021159 0.644177
v 0.951533 4.021089 0.148673
v 0.951358 4.021018 -0.346830
v 0.953204 4.158964 1.091034
v 0.952940 4.158859 0.598774
v -3.204772 4.432158 -5.321324
v -3.204332 4.432332 -4.835550
v -3.204068 4.569649 -4.845278
v -3.204596 4.569439 -5.327810
v -3.203892 4.432508 -4.349776
v -3.203541 4.569859 -4.362747
v -3.203452 4.432683 -3.864001
v -3.203013 4.570068 -3.880215
v -3.203012 4.432858 -3.378226
v -3.202485 4.570279 -3.397685
v -3.202574 4.433033 -2.892448
v -3.201958 4.570490 -2.915149
v -3.202133 4.433209 -2.406675
v -3.201431 4.570700 -2.432617
v -3.203804 4.706964 -4.855007
v -3.204420 4.706717 -5.334296
v -3.203189 4.707209 -4.375719
v -3.202574 4.707455 -3.896430
v -3.201958 4.707700 -3.417141
v -3.201342 4.707946 -2.937850
v -3.200727 4.708191 -2.458562
v -3.203542 4.844278 -4.864735
v -3.204246 4.843999 -5.340781
v -3.202837 4.844560 -4.388690
v -3.202134 4.844840 -3.912645
v -3.201429 4.845120 -3.436600
v -3.200727 4.845402 -2.960550
v -3.200024 4.845681 -2.484506
v -3.203278 4.981594 -4.874465
v -3.204067 4.981278 -5.347267
v -3.202486 4.981910 -4.401662
v -3.201694 4.982224 -3.928860
v -3.200903 4.982541 -3.456057
v -3.200110 4.982856 -2.983251
v -3.199319 4.983171 -2.510448
v -3.203013 5.118909 -4.884193
v -3.203893 5.118558 -5.353754
v -3.202134 5.119260 -4.414634
v -3.201254 5.119610 -3.945075
v -3.200375 5.119962 -3.475514
v -3.199496 5.120312 -3.005952
v -3.198616 5.120662 -2.536394
v -3.202749 5.256224 -4.893921
v -3.203716 5.255838 -5.360239
v -3.201781 5.256610 -4.427605
v -3.200814 5.256996 -3.961290
v -3.199848 5.257380 -3.494973
v -3.198881 5.257768 -3.028652
v -3.197914 5.258153 -2.562335
v -3.202486 5.393539 -4.903652
v -3.203541 5.393119 -5.366725
v -3.201431 5.393960 -4.440577
v -3.200376 5.394381 -3.977503
v -3.199320 5.394802 -3.514430
v -3.198264 5.395223 -3.051353
v -3.197209 5.395644 -2.588281
v -3.202222 5.530853 -4.913380
v -3.203365 5.530399 -5.373210
v -3.201079 5.531311 -4.453550
v -3.199936 5.531767 -3.993719
v -3.198792 5.532221 -3.533888
v -3.197649 5.532679 -3.074054
v -3.196507 5.533134 -2.614223
v -3.201959 5.668169 -4.923109
v -3.203189 5.667677 -5.379696
v -3.200727 5.668661 -4.466521
v -3.199495 5.669151 -4.009933
v -3.198265 5.669641 -3.553345
v -3.197035 5.670134 -3.096754
v -3.195802 5.670626 -2.640167
v -3.201694 5.805485 -4.932837
v -3.203013 5.804958 -5.386182
v -3.200375 5.806011 -4.479494
v -3.199057 5.806536 -4.026147
v -3.197736 5.807062 -3.572804
v -3.196418 5.807589 -3.119455
v -3.195100 5.808115 -2.666111
v -3.201255 4.433560 -1.435125
v -3.200815 4.433736 -0.949350
v -3.199848 4.571331 -0.985023
v -3.200376 4.571121 -1.467556
v -3.200376 4.433910 -0.463577
v -3.199320 4.571543 -0.502494
v -3.199935 4.434086 0.022196
v -3.198792 4.571753 -0.019962
v -3.199496 4.434261 0.507971
v -3.198266 4.571962 0.462569
v -3.199058 4.434437 0.993744
v -3.197737 4.572173 0.945103
v -3.198880 4.708927 -1.020696
v -3.199496 4.708681 -1.499986
v -3.198266 4.709173 -0.541408
v -3.197649 4.709418 -0.062120
v -3.197034 4.709664 0.417170
v -3.196419 4.709909 0.896456
v -3.197913 4.846523 -1.056369
v -3.198616 4.846243 -1.532415
v -3.197210 4.846804 -0.580324
v -3.196506 4.847084 -0.104278
v -3.195803 4.847365 0.371768
v -3.195100 4.847646 0.847811
v -3.196946 4.984118 -1.092042
v -3.197738 4.983803 -1.564846
v -3.196154 4.984434 -0.619239
v -3.195363 4.984750 -0.146436
v -3.194571 4.985065 0.326365
v -3.193780 4.985381 0.799168
v -3.195979 5.121715 -1.127714
v -3.196857 5.121365 -1.597272
v -3.195099 5.122066 -0.658155
v -3.194220 5.122416 -0.188596
v -3.193341 5.122766 0.280964
v -3.192461 5.123117 0.750525
v -3.195011 5.259311 -1.163387
v -3.195979 5.258924 -1.629703
v -3.194044 5.259696 -0.697069
v -3.193077 5.260081 -0.230752
v -3.192109 5.260468 0.235562
v -3.191142 5.260853 0.701880
v -3.194044 5.396906 -1.199058
v -3.195100 5.396484 -1.662132
v -3.192988 5.397327 -0.735986
v -3.191934 5.397748 -0.272913
v -3.190878 5.398169 0.190161
v -3.189824 5.398589 0.653235
v -3.193077 5.534502 -1.234731
v -3.194220 5.534046 -1.694562
v -3.191934 5.534958 -0.774902
v -3.190791 5.535414 -0.315071
v -3.189648 5.535868 0.144761
v -3.188504 5.536325 0.604592
v -3.192109 5.672096 -1.270404
v -3.193341 5.671606 -1.726991
v -3.190878 5.672586 -0.813816
v -3.189648 5.673079 -0.357229
v -3.188416 5.673571 0.099358
v -3.187185 5.674061 0.555947
v -3.191142 5.809692 -1.306077
v -3.192462 5.809168 -1.759422
v -3.189822 5.810217 -0.852733
v -3.188504 5.810745 -0.399387
v -3.187185 5.811272 0.053957
v -3.185866 5.811796 0.507304
v 0.957161 4.572173 0.945103
v 0.956634 4.571962 0.462571
v 0.955842 4.434437 0.993744
v 0.955402 4.434261 0.507973
v 0.956105 4.571753 -0.019960
v 0.954963 4.434086 0.022196
v 0.955579 4.571543 -0.502492
v 0.954523 4.433910 -0.463575
v 0.955050 4.571331 -0.985023
v 0.954083 4.433736 -0.949350
v 0.954523 4.571121 -1.467554
v 0.953644 4.433560 -1.435125
v 0.958480 4.709909 0.896458
v 0.957864 4.709664 0.417170
v 0.957250 4.709418 -0.062118
v 0.956634 4.709173 -0.541406
v 0.956017 4.708927 -1.020696
v 0.955401 4.708681 -1.499984
v 0.959800 4.847646 0.847813
v 0.959095 4.847365 0.371769
v 0.958391 4.847084 -0.104276
v 0.957689 4.846804 -0.580324
v 0.956985 4.846523 -1.056367
v 0.956282 4.846243 -1.532413
v 0.961118 4.985381 0.799170
v 0.960326 4.985065 0.326365
v 0.959536 4.984750 -0.146436
v 0.958743 4.984434 -0.619237
v 0.957952 4.984118 -1.092041
v 0.957161 4.983803 -1.564842
v 0.962438 5.123117 0.750525
v 0.961557 5.122766 0.280966
v 0.960678 5.122416 -0.188594
v 0.959799 5.122066 -0.658153
v 0.958919 5.121715 -1.127712
v 0.958040 5.121365 -1.597270
v 0.963757 5.260853 0.701882
v 0.962789 5.260468 0.235566
v 0.961822 5.260081 -0.230752
v 0.960854 5.259696 -0.697069
v 0.959887 5.259311 -1.163385
v 0.958920 5.258924 -1.629701
v 0.965075 5.398589 0.653235
v 0.964020 5.398169 0.190163
v 0.962965 5.397748 -0.272911
v 0.961909 5.397327 -0.735984
v 0.960854 5.396906 -1.199058
v 0.959799 5.396484 -1.662130
v 0.966394 5.536325 0.604594
v 0.965251 5.535868 0.144763
v 0.964108 5.535414 -0.315071
v 0.962964 5.534958 -0.774900
v 0.961822 5.534502 -1.234729
v 0.960679 5.534046 -1.694561
v 0.967713 5.674061 0.555947
v 0.966482 5.673571 0.099360
v 0.965251 5.673079 -0.357227
v 0.964020 5.672586 -0.813816
v 0.962789 5.672096 -1.270402
v 0.961558 5.671606 -1.726989
v 0.969032 5.811796 0.507304
v 0.967713 5.811272 0.053957
v 0.966393 5.810745 -0.399387
v 0.965075 5.810217 -0.852731
v 0.963756 5.809692 -1.306076
v 0.962438 5.809168 -1.759420
v 0.953467 4.570700 -2.432617
v 0.952940 4.570490 -2.915147
v 0.952764 4.433209 -2.406673
v 0.952325 4.433033 -2.892446
v 0.952412 4.570279 -3.397681
v 0.951884 4.432858 -3.378222
v 0.951884 4.570068 -3.880210
v 0.951446 4.432683 -3.863997
v 0.951356 4.569859 -4.362742
v 0.951005 4.432508 -4.349770
v 0.950830 4.569649 -4.845273
v 0.950565 4.432332 -4.835545
v 0.950301 4.569439 -5.327805
v 0.950126 4.432158 -5.321319
v 0.954171 4.708191 -2.458560
v 0.953555 4.707946 -2.937849
v 0.952939 4.707700 -3.417138
v 0.952325 4.707455 -3.896427
v 0.951709 4.707209 -4.375714
v 0.951093 4.706964 -4.855002
v 0.950478 4.706717 -5.334290
v 0.954874 4.845681 -2.484504
v 0.954171 4.845402 -2.960548
v 0.953467 4.845120 -3.436594
v 0.952764 4.844840 -3.912640
v 0.952060 4.844560 -4.388686
v 0.951356 4.844278 -4.864730
v 0.950653 4.843999 -5.340777
v 0.955577 4.983171 -2.510446
v 0.954786 4.982856 -2.983249
v 0.953994 4.982541 -3.456053
v 0.953203 4.982224 -3.928855
v 0.952412 4.981910 -4.401657
v 0.951619 4.981594 -4.874461
v 0.950829 4.981278 -5.347262
v 0.956282 5.120662 -2.536392
v 0.955401 5.120312 -3.005950
v 0.954522 5.119962 -3.475510
v 0.953644 5.119610 -3.945070
v 0.952764 5.119260 -4.414629
v 0.951884 5.118909 -4.884188
v 0.951005 5.118558 -5.353748
v 0.956985 5.258153 -2.562334
v 0.956017 5.257768 -3.028650
v 0.955050 5.257380 -3.494969
v 0.954083 5.256996 -3.961284
v 0.953115 5.256610 -4.427601
v 0.952147 5.256224 -4.893918
v 0.951181 5.255838 -5.360235
v 0.957688 5.395644 -2.588279
v 0.956634 5.395223 -3.051351
v 0.955577 5.394802 -3.514426
v 0.954523 5.394381 -3.977499
v 0.953467 5.393960 -4.440572
v 0.952412 5.393539 -4.903648
v 0.951356 5.393119 -5.366720
v 0.958392 5.533134 -2.614221
v 0.957249 5.532679 -3.074052
v 0.956105 5.532221 -3.533885
v 0.954963 5.531767 -3.993714
v 0.953818 5.531311 -4.453545
v 0.952676 5.530853 -4.913375
v 0.951532 5.530399 -5.373206
v 0.959096 5.670626 -2.640165
v 0.957864 5.670134 -3.096752
v 0.956633 5.669641 -3.553341
v 0.955401 5.669151 -4.009929
v 0.954170 5.668661 -4.466516
v 0.952939 5.668169 -4.923104
v 0.951709 5.667677 -5.379692
v 0.959800 5.808115 -2.666109
v 0.958480 5.807589 -3.119453
v 0.957161 5.807062 -3.572798
v 0.955842 5.806536 -4.026144
v 0.954522 5.806011 -4.479488
v 0.953203 5.805485 -4.932832
v 0.951884 5.804958 -5.386177
v 0.218668 4.212451 -6.243589
v 0.218668 4.051396 -6.277994
v 0.603642 4.212451 -6.243589
v 0.603642 4.051396 -6.277995
v -0.166306 4.212451 -6.243589
v -0.166306 4.051396 -6.277995
v -0.551278 4.212451 -6.243589
v -0.551277 4.051396 -6.277995
v -0.936252 4.212451 -6.243586
v -0.936252 4.051396 -6.277991
v -1.320153 4.212451 -6.243592
v -1.320153 4.051396 -6.277996
v -1.705126 4.212451 -6.243592
v -1.705126 4.051396 -6.277996
v -2.090099 4.212451 -6.243592
v -2.090100 4.051396 -6.277997
v -2.475071 4.212451 -6.243592
v -2.475071 4.051396 -6.277997
v -2.860045 4.212451 -6.243588
v -2.860045 4.051396 -6.277994
v 0.218668 4.373506 -6.209183
v 0.603641 4.373506 -6.209184
v -0.166306 4.373506 -6.209184
v -0.551278 4.373506 -6.209184
v -0.936253 4.373506 -6.209180
v -1.320153 4.373506 -6.209186
v -1.705126 4.373506 -6.209186
v -2.090099 4.373506 -6.209186
v -2.475071 4.373506 -6.209186
v -2.860045 4.373506 -6.209183
v 0.218669 4.534562 -6.174779
v 0.603641 4.534562 -6.174779
v -0.166306 4.534562 -6.174779
v -0.551277 4.534562 -6.174779
v -0.936253 4.534561 -6.174777
v -1.320153 4.534562 -6.174781
v -1.705126 4.534562 -6.174781
v -2.090100 4.534562 -6.174781
v -2.475072 4.534562 -6.174781
v -2.860045 4.534561 -6.174779
v 0.218668 4.695618 -6.140375
v 0.603642 4.695618 -6.140375
v -0.166306 4.695618 -6.140375
v -0.551278 4.695618 -6.140375
v -0.936252 4.695616 -6.140372
v -1.320153 4.695618 -6.140377
v -1.705126 4.695617 -6.140377
v -2.090099 4.695617 -6.140377
v -2.475071 4.695617 -6.140377
v -2.860045 4.695617 -6.140375
v 0.218668 4.856672 -6.105970
v 0.603642 4.856671 -6.105971
v -0.166306 4.856672 -6.105970
v -0.551278 4.856672 -6.105970
v -0.936253 4.856671 -6.105968
v -1.320153 4.856672 -6.105972
v -1.705126 4.856671 -6.105972
v -2.090100 4.856671 -6.105972
v -2.475071 4.856671 -6.105972
v -2.860045 4.856670 -6.105970
v 0.218669 5.017727 -6.071565
v 0.603642 5.017726 -6.071566
v -0.166306 5.017727 -6.071565
v -0.551278 5.017727 -6.071565
v -0.936253 5.017726 -6.071563
v -1.320153 5.017727 -6.071567
v -1.705126 5.017727 -6.071567
v -2.090100 5.017727 -6.071567
v -2.475072 5.017727 -6.071567
v -2.860045 5.017726 -6.071565
v 0.218668 5.178782 -6.037160
v 0.603641 5.178782 -6.037160
v -0.166306 5.178782 -6.037161
v -0.551278 5.178782 -6.037160
v -0.936252 5.178782 -6.037158
v -1.320153 5.178782 -6.037163
v -1.705126 5.178782 -6.037163
v -2.090100 5.178782 -6.037163
v -2.475071 5.178782 -6.037163
v -2.860045 5.178782 -6.037159
v 0.218668 5.339837 -6.002757
v 0.603642 5.339837 -6.002757
v -0.166306 5.339837 -6.002757
v -0.551277 5.339837 -6.002757
v -0.936253 5.339835 -6.002753
v -1.320153 5.339837 -6.002759
v -1.705126 5.339837 -6.002759
v -2.090100 5.339837 -6.002759
v -2.475071 5.339837 -6.002759
v -2.860045 5.339836 -6.002756
v 0.218668 5.500891 -5.968352
v 0.603642 5.500891 -5.968352
v -0.166306 5.500891 -5.968351
v -0.551278 5.500891 -5.968352
v -0.936252 5.500891 -5.968348
v -1.320153 5.500891 -5.968353
v -1.705126 5.500891 -5.968354
v -2.090099 5.500891 -5.968353
v -2.475071 5.500891 -5.968354
v -2.860045 5.500891 -5.968351
v 0.218668 5.661945 -5.933947
v 0.603641 5.661945 -5.933947
v -0.166306 5.661945 -5.933947
v -0.551278 5.661945 -5.933947
v -0.936253 5.661945 -5.933944
v -1.320153 5.661945 -5.933949
v -1.705126 5.661945 -5.933949
v -2.090100 5.661945 -5.933949
v -2.475071 5.661945 -5.933949
v -2.860045 5.661945 -5.933946
v 0.218668 5.823000 -5.899542
v 0.603641 5.823000 -5.899542
v -0.166306 5.823000 -5.899542
v -0.551278 5.823000 -5.899542
v -0.936253 5.823000 -5.899539
v -1.320153 5.823000 -5.899544
v -1.705126 5.823000 -5.899544
v -2.090100 5.823000 -5.899544
v -2.475071 5.823000 -5.899544
v -2.860045 5.823000 -5.899541
v 0.218668 5.984056 -5.865138
v 0.603642 5.984056 -5.865138
v -0.166306 5.984056 -5.865138
v -0.551278 5.984056 -5.865138
v -0.936252 5.984056 -5.865135
v -1.320153 5.984056 -5.865139
v -1.705126 5.984056 -5.865139
v -2.090099 5.984056 -5.865139
v -2.475071 5.984056 -5.865139
v -2.860045 5.984056 -5.865138
v 0.218668 6.145111 -5.830733
v 0.603642 6.145111 -5.830733
v -0.166306 6.145111 -5.830733
v -0.551278 6.145111 -5.830733
v -0.936253 6.145111 -5.830730
v -1.320153 6.145111 -5.830735
v -1.705126 6.145111 -5.830735
v -2.090100 6.145111 -5.830734
v -2.475071 6.145111 -5.830735
v -2.860045 6.145111 -5.830732
v -3.652429 3.718569 -6.375261
v 1.363840 3.718570 -6.375259
v -3.652429 2.236837 -6.375261
v 1.363842 2.236837 -6.375259
v 1.167960 3.881195 2.724623
v -3.456548 3.881195 2.724621
v -3.652429 2.060377 2.835146
v 1.363839 2.060378 2.835146
v 1.167958 3.804719 3.973053
v -3.456552 3.804719 3.973053
v -3.652431 3.012401 4.029110
v 1.363838 3.012401 4.029109
v -3.456550 3.689111 5.408234
v -3.656629 3.003740 5.600533
v 1.359640 3.003740 5.600539
v 1.167960 3.689111 5.408232
v -3.456548 3.844492 3.388964
v -3.652431 2.747533 3.474278
v 1.363840 2.747533 3.474278
v 1.167960 3.844492 3.388964
v 1.363838 3.733353 -0.384677
v -3.652429 3.733353 -0.384676
v -3.652429 2.060377 -0.371767
v 1.363839 2.060378 -0.371767
v -3.456550 3.864683 1.336380
v -3.652429 2.060377 1.651021
v 1.363842 2.060378 1.651021
v 1.167960 3.864683 1.503184
v 1.167961 3.842764 0.621338
v -3.456550 3.842764 0.621338
v -3.652429 2.060377 0.653485
v 1.363842 2.060378 0.653485
v 1.198424 3.625953 5.898715
v 1.363839 2.923119 5.989962
v -3.652431 2.888411 5.989962
v -3.487018 3.625953 5.898716
v 1.167957 3.622854 5.753684
v 1.359639 3.014738 5.940419
v -3.656629 2.990164 5.940419
v -3.456550 3.622854 5.753685
v 1.167960 3.827502 3.638466
v -3.456550 3.827502 3.638463
v -3.652429 2.938983 3.711279
v 1.363842 2.938983 3.711277
v 1.363840 3.726069 -3.255397
v -3.652429 3.726069 -3.255397
v -3.652429 2.974959 -3.248849
v 1.363842 2.974959 -3.248847
v 1.363840 3.722184 -4.786890
v -3.652429 3.722184 -4.786891
v -3.652429 3.025155 -4.783735
v 1.363840 3.025155 -4.783733
v 1.363840 3.720794 -5.397342
v -3.652431 3.720794 -5.397345
v -3.652429 2.251077 -5.487159
v 1.363838 2.251077 -5.487157
v 1.363838 3.721454 -5.107103
v -3.652429 3.721454 -5.107103
v -3.652429 2.675733 -5.152714
v 1.363840 2.675733 -5.152713
v 1.363837 3.721802 -4.954481
v -3.652429 3.721802 -4.954482
v -3.652429 2.885810 -4.976850
v 1.363842 2.885810 -4.976848
v 1.363837 3.725625 -3.429973
v -3.652431 3.725625 -3.429974
v -3.652429 3.026970 -3.423811
v 1.363837 3.026970 -3.423810
v 1.363838 3.727614 -2.646570
v -3.652431 3.727614 -2.646570
v -3.652427 2.040662 -2.601085
v 1.363840 2.040663 -2.601087
v 1.363842 3.726843 -2.950479
v -3.652429 3.726843 -2.950479
v -3.652429 2.506891 -2.924428
v 1.363840 2.506891 -2.924428
v 1.363839 2.776556 -3.081733
v -3.652429 2.776556 -3.081733
v -3.652429 3.726467 -3.098327
v 1.363838 3.726467 -3.098329
v 1.363840 2.405732 -0.374433
v 1.363842 2.402339 0.650259
v 1.363840 2.388296 1.623917
v 1.363839 2.397801 2.815743
v 1.363838 3.022222 3.460076
v 1.363840 3.170644 3.699662
v 1.363840 3.224204 4.020951
v 1.363840 3.193464 5.492312
v 1.363838 3.188515 5.833346
v 1.365789 3.110168 5.931948
v -3.650479 3.082624 5.931946
v -3.652429 3.169014 5.833348
v -3.652429 3.193464 5.492312
v -3.652431 3.224205 4.020951
v -3.652429 3.170644 3.699658
v -3.652429 3.022222 3.460076
v -3.652427 2.397801 2.815743
v -3.652429 2.388295 1.623915
v -3.652429 2.402338 0.650259
v -3.652429 2.405731 -0.374433
v -3.652429 2.388903 -2.610475
v -3.652431 2.852090 -2.929805
v -3.652431 3.086938 -3.085159
v -3.652429 3.176759 -3.250201
v -3.652429 3.217698 -3.425084
v -3.652429 3.213459 -4.784387
v -3.652431 3.068476 -4.972232
v -3.652431 2.891604 -5.143299
v -3.652427 2.517430 -5.468620
v -3.652429 2.505897 -6.375261
v 1.363840 2.505897 -6.375259
v 1.363840 2.517430 -5.468618
v 1.363839 2.891604 -5.143297
v 1.363838 3.068476 -4.972232
v 1.363837 3.213459 -4.784386
v 1.363837 3.217698 -3.425082
v 1.363838 3.176758 -3.250199
v 1.363839 3.086937 -3.085159
v 1.363840 2.852090 -2.929805
v 1.363837 2.388903 -2.610475
v -3.678439 2.060377 1.651024
v -3.704453 2.060377 2.835146
v -3.704453 2.397802 2.815743
v -3.678439 2.388295 1.623915
v -3.678441 2.938983 3.711281
v -3.678441 3.012401 4.029112
v -3.678441 3.224204 4.020951
v -3.678439 3.170644 3.699658
v -3.678443 3.003740 5.509886
v -3.678439 3.193464 5.492316
v -3.678439 2.747533 3.474278
v -3.678441 3.022222 3.460076
v -3.704452 2.040662 -2.601087
v -3.678441 2.060377 -0.371768
v -3.678441 2.405731 -0.374431
v -3.704455 2.388903 -2.610475
v -3.678439 2.060377 0.653485
v -3.678437 2.402338 0.650259
v -3.678441 2.990164 5.849772
v -3.678439 3.169014 5.833346
v -3.693151 2.838925 5.883839
v -3.704452 3.026300 6.181361
v -3.678443 3.026970 -3.423811
v -3.678439 2.974959 -3.248849
v -3.678439 3.176759 -3.250201
v -3.678439 3.217698 -3.425085
v -3.678441 2.885810 -4.976850
v -3.678439 3.025155 -4.783735
v -3.678439 3.213461 -4.784385
v -3.678441 3.068476 -4.972230
v -3.704453 2.236837 -6.375261
v -3.704453 2.251077 -5.487159
v -3.704450 2.517428 -5.468620
v -3.704453 2.505897 -6.375261
v -3.678439 2.675733 -5.152713
v -3.678441 2.891604 -5.143299
v -3.678439 2.506891 -2.924428
v -3.678441 2.852090 -2.929805
v -3.678439 2.776556 -3.081733
v -3.678439 3.086938 -3.085159
v 1.415863 2.060378 2.835148
v 1.389851 2.060378 1.651021
v 1.415864 2.397802 2.815743
v 1.389851 2.388296 1.623915
v 1.389851 3.012401 4.029109
v 1.389848 2.938983 3.711281
v 1.389848 3.224204 4.020951
v 1.389853 3.170644 3.699658
v 1.389851 3.003740 5.509886
v 1.389851 3.193464 5.492312
v 1.389848 2.747533 3.474278
v 1.389851 3.022222 3.460076
v 1.415861 2.388903 -2.610475
v 1.389852 2.405732 -0.374433
v 1.389851 2.060378 -0.371767
v 1.415864 2.040663 -2.601089
v 1.389847 2.060378 0.653485
v 1.389851 2.402339 0.650259
v 1.389850 3.188515 5.833346
v 1.389850 3.014738 5.849770
v 1.226446 3.089045 6.119212
v 1.235900 2.913867 5.915711
v 1.389852 2.974959 -3.248847
v 1.389851 3.026970 -3.423810
v 1.389851 3.176758 -3.250199
v 1.389851 3.217698 -3.425082
v 1.389852 3.025155 -4.783733
v 1.389851 2.885810 -4.976848
v 1.389851 3.213461 -4.784386
v 1.389851 3.068476 -4.972231
v 1.415864 2.251077 -5.487157
v 1.415864 2.236837 -6.375259
v 1.415864 2.505897 -6.375259
v 1.415864 2.517430 -5.468618
v 1.389851 2.675733 -5.152713
v 1.389852 2.891604 -5.143297
v 1.389853 2.506892 -2.924428
v 1.389847 2.852090 -2.929805
v 1.389850 2.776556 -3.081733
v 1.389850 3.086938 -3.085159
v -4.176972 2.123815 1.651024
v -4.213801 2.155896 1.648373
v -4.213799 2.155934 2.816267
v -4.177012 2.123815 2.835146
v -4.177011 2.461240 2.815743
v -4.213799 2.429260 2.833569
v -4.213798 2.419612 1.623766
v -4.177012 2.451733 1.623915
v -4.177012 3.002421 3.711277
v -4.213798 3.031186 3.691521
v -4.213798 3.107990 4.024003
v -4.177011 3.075839 4.029112
v -4.177012 3.287642 4.020951
v -4.213798 3.255444 4.024285
v -4.213798 3.204001 3.715695
v -4.177011 3.234082 3.699658
v -4.213799 3.099291 5.510947
v -4.177012 3.067178 5.509886
v -4.177011 3.256902 5.492312
v -4.213799 3.224818 5.490178
v -4.213798 2.832452 3.445502
v -4.177014 2.810971 3.474278
v -4.177011 3.085660 3.460076
v -4.213801 3.062008 3.486495
v -4.177012 2.104100 -2.601087
v -4.213799 2.136417 -2.578994
v -4.213799 2.155934 -0.372015
v -4.177011 2.123815 -0.371768
v -4.177011 2.469169 -0.374433
v -4.213799 2.437051 -0.374183
v -4.213799 2.420053 -2.632656
v -4.177011 2.452341 -2.610475
v -4.177011 2.123815 0.653485
v -4.213799 2.155932 0.653183
v -4.213798 2.433656 0.650567
v -4.177011 2.465776 0.650259
v -4.213801 3.085149 5.864979
v -4.177012 3.053602 5.849772
v -4.177011 3.232452 5.833346
v -4.213799 3.201226 5.819232
v -4.213798 3.026945 5.945172
v -4.165713 2.902363 5.883839
v -4.213799 3.129027 5.936789
v -4.177012 3.089738 6.181361
v -4.177012 3.090408 -3.423811
v -4.213799 3.122534 -3.417178
v -4.213799 3.065217 -3.224360
v -4.177011 3.038397 -3.248849
v -4.177014 3.240196 -3.250201
v -4.213799 3.210605 -3.266311
v -4.213799 3.249001 -3.430321
v -4.177011 3.281136 -3.425085
v -4.177012 2.949248 -4.976850
v -4.213799 2.970912 -5.005698
v -4.213798 3.120692 -4.798120
v -4.177012 3.088593 -4.783735
v -4.177012 3.276899 -4.784386
v -4.213799 3.244827 -4.769229
v -4.213798 3.109934 -4.943997
v -4.177012 3.131914 -4.972232
v -4.177014 2.300275 -6.375261
v -4.213799 2.333017 -6.336732
v -4.213799 2.346302 -5.508216
v -4.177011 2.314515 -5.487159
v -4.177009 2.580868 -5.468620
v -4.213796 2.548998 -5.448742
v -4.213799 2.537702 -6.336732
v -4.177014 2.569335 -6.375261
v -4.213799 2.757180 -5.184622
v -4.177011 2.739171 -5.152713
v -4.177014 2.955042 -5.143300
v -4.213799 2.935525 -5.112683
v -4.177012 2.570328 -2.924428
v -4.213799 2.585409 -2.890382
v -4.213798 2.899769 -2.963382
v -4.177014 2.915529 -2.929805
v -4.213799 2.856349 -3.048431
v -4.177011 2.839994 -3.081733
v -4.177014 3.150376 -3.085159
v -4.213798 3.127856 -3.114261
v 1.888422 2.060378 2.835146
v 1.925208 2.092497 2.816267
v 1.925211 2.092458 1.648373
v 1.888377 2.060378 1.651024
v 1.925209 2.365823 2.833567
v 1.888420 2.397802 2.815743
v 1.888422 2.388296 1.623917
v 1.925211 2.356174 1.623766
v 1.888420 3.012401 4.029109
v 1.925211 3.044552 4.024004
v 1.925209 2.967748 3.691525
v 1.888422 2.938983 3.711279
v 1.925211 3.192006 4.024285
v 1.888421 3.224204 4.020951
v 1.888422 3.170644 3.699662
v 1.925208 3.140563 3.715695
v 1.888420 3.003740 5.509886
v 1.925211 3.035862 5.509274
v 1.925206 3.161370 5.495287
v 1.888337 3.193464 5.492312
v 1.888422 2.747533 3.474278
v 1.925208 2.769014 3.445502
v 1.925206 2.998570 3.486496
v 1.888420 3.022222 3.460076
v 1.888420 2.388903 -2.610475
v 1.925206 2.356616 -2.632656
v 1.925211 2.373613 -0.374183
v 1.888419 2.405732 -0.374433
v 1.888422 2.060378 -0.371767
v 1.925211 2.092497 -0.372015
v 1.925209 2.072979 -2.578994
v 1.888419 2.040663 -2.601085
v 1.925206 2.092495 0.653183
v 1.888422 2.060378 0.653485
v 1.888421 2.402339 0.650259
v 1.925209 2.370219 0.650563
v 1.925209 3.156565 5.821356
v 1.888421 3.188515 5.833346
v 1.888422 3.014738 5.849770
v 1.925208 3.047291 5.862408
v 1.925209 3.092201 5.936915
v 2.011182 3.085096 6.133122
v 1.925208 2.993075 5.945372
v 2.020638 2.908838 5.929268
v 1.888422 2.974959 -3.248847
v 1.925206 3.001779 -3.224360
v 1.925209 3.059096 -3.417176
v 1.888422 3.026970 -3.423810
v 1.925211 3.147167 -3.266309
v 1.888421 3.176759 -3.250200
v 1.888421 3.217698 -3.425083
v 1.925211 3.185563 -3.430319
v 1.888423 3.025155 -4.783733
v 1.925208 3.057255 -4.798117
v 1.925206 2.907474 -5.005695
v 1.888422 2.885810 -4.976848
v 1.925208 3.181389 -4.769226
v 1.888421 3.213461 -4.784385
v 1.888421 3.068476 -4.972230
v 1.925211 3.046496 -4.943995
v 1.888420 2.251077 -5.487157
v 1.925208 2.282864 -5.508214
v 1.925211 2.269580 -6.336730
v 1.888422 2.236837 -6.375259
v 1.925211 2.474264 -6.336730
v 1.888422 2.505897 -6.375259
v 1.925211 2.485560 -5.448740
v 1.888422 2.517430 -5.468618
v 1.888422 2.675733 -5.152712
v 1.925211 2.693743 -5.184621
v 1.925211 2.872087 -5.112682
v 1.888422 2.891604 -5.143297
v 1.925209 2.521971 -2.890382
v 1.888422 2.506892 -2.924428
v 1.888421 2.852090 -2.929807
v 1.925211 2.836331 -2.963382
v 1.888422 2.776556 -3.081733
v 1.925208 2.792911 -3.048431
v 1.925209 3.064418 -3.114261
v 1.888421 3.086938 -3.085159
v -3.784419 2.464584 1.623915
v -3.799373 2.474089 2.815743
v -4.071044 2.528022 1.623915
v -4.071044 2.537527 2.815743
v -3.784417 3.357797 3.699662
v -3.784417 3.411359 4.020951
v -4.071044 3.421235 3.699658
v -4.071044 3.474797 4.020951
v -3.784419 3.380618 5.492312
v -4.071044 3.444056 5.492312
v -3.784417 3.209376 3.460076
v -4.071044 3.272814 3.460076
v -3.799375 2.465191 -2.610475
v -3.784417 2.482021 -0.374431
v -4.071044 2.528630 -2.610475
v -4.071042 2.545459 -0.374433
v -3.784417 2.478627 0.650259
v -4.071044 2.542065 0.650259
v -3.784419 3.356168 5.833348
v -4.071044 3.419606 5.833348
v -3.799373 3.269778 5.974013
v -4.071044 3.333216 5.974011
v -3.784419 3.468290 -3.425085
v -3.784417 3.427349 -3.250201
v -4.071044 3.468290 -3.425085
v -4.071042 3.427349 -3.250201
v -3.784417 3.319068 -4.972230
v -3.784419 3.464052 -4.784385
v -4.071042 3.319068 -4.972232
v -4.071046 3.464052 -4.784386
v -3.799375 2.756489 -6.375261
v -3.799371 2.768020 -5.468618
v -4.071044 2.756489 -6.375261
v -4.071042 2.768020 -5.468620
v -3.784417 3.142196 -5.143299
v -4.071044 3.142196 -5.143299
v -3.784419 3.102682 -2.929805
v -4.071044 3.102682 -2.929805
v -3.784417 3.337529 -3.085159
v -4.071042 3.337529 -3.085159
v 1.510777 2.474089 2.815743
v 1.495821 2.464584 1.623915
v 1.782449 2.474089 2.815743
v 1.782446 2.464584 1.623915
v 1.495822 3.411359 4.020951
v 1.495823 3.357797 3.699662
v 1.782449 3.411359 4.020951
v 1.782450 3.357797 3.699662
v 1.495823 3.380618 5.492312
v 1.782402 3.380618 5.492312
v 1.495823 3.209376 3.460076
v 1.782449 3.209376 3.460076
v 1.495825 2.482021 -0.374431
v 1.510776 2.465192 -2.610475
v 1.782450 2.482021 -0.374433
v 1.782449 2.465193 -2.610475
v 1.495825 2.478628 0.650259
v 1.782449 2.478628 0.650261
v 1.495823 3.375669 5.833348
v 1.782450 3.375669 5.833350
v 1.510779 3.297323 5.974013
v 1.782450 3.297323 5.974015
v 1.495819 3.363911 -3.250199
v 1.495824 3.404852 -3.425082
v 1.782446 3.363911 -3.250199
v 1.782450 3.404852 -3.425083
v 1.495821 3.400613 -4.784385
v 1.495825 3.255630 -4.972229
v 1.782446 3.400615 -4.784384
v 1.782450 3.255630 -4.972229
v 1.510779 2.704582 -5.468616
v 1.510778 2.693051 -6.375259
v 1.782446 2.704582 -5.468618
v 1.782449 2.693051 -6.375259
v 1.495823 3.078758 -5.143297
v 1.782446 3.078758 -5.143297
v 1.495822 3.039243 -2.929807
v 1.782448 3.039243 -2.929807
v 1.495824 3.274091 -3.085159
v 1.782450 3.274091 -3.085159
v -3.095065 4.037386 3.405489
v -3.095067 4.020397 3.654988
v -3.095067 3.997614 3.989575
v -3.095066 3.882008 5.424757
v -3.095064 3.815750 5.770207
v -3.094748 3.788419 5.908946
v -3.093116 3.085685 5.931946
v -3.099266 2.992894 5.940419
v -3.099263 3.003740 5.600533
v -3.095066 3.012401 4.029112
v -3.095065 2.938983 3.711277
v -3.095067 2.747533 3.474278
v -3.095065 2.060377 2.835146
v -3.095065 2.040662 -2.601087
v -3.095065 2.506891 -2.924428
v -3.095065 2.776556 -3.081733
v -3.095065 2.974959 -3.248849
v -3.095065 3.026970 -3.423811
v -3.095067 3.025155 -4.783735
v -3.095065 2.885810 -4.976849
v -3.095067 2.675733 -5.152713
v -3.095066 2.251077 -5.487159
v -3.095064 2.236837 -6.375261
v -3.095064 2.505897 -6.375261
v -3.095064 3.718570 -6.375261
v -3.095067 3.720794 -5.397346
v -3.095063 3.721454 -5.107103
v -3.095065 3.721802 -4.954483
v -3.095065 3.722184 -4.786891
v -3.095066 3.725625 -3.429975
v -3.095067 3.726069 -3.255399
v -3.095066 3.726467 -3.098327
v -3.095065 3.726843 -2.950479
v -3.095067 3.727614 -2.646570
v -3.095065 3.733353 -0.384677
v -3.095067 4.035662 0.637862
v -3.095067 4.057582 1.352906
v -3.095065 4.074093 2.741145
v -2.537704 4.160570 3.405489
v -2.537703 4.143581 3.654988
v -2.537703 4.120798 3.989575
v -2.537702 4.005190 5.424757
v -2.537703 3.938932 5.770207
v -2.537386 3.911604 5.908946
v -2.535754 3.088745 5.931946
v -2.541900 2.995624 5.940419
v -2.541902 3.003740 5.600537
v -2.537703 3.012401 4.029112
v -2.537702 2.938983 3.711277
v -2.537703 2.747533 3.474278
v -2.537704 2.060377 2.835146
v -2.537704 2.040662 -2.601087
v -2.537704 2.506891 -2.924430
v -2.537704 2.776556 -3.081733
v -2.537704 2.974959 -3.248849
v -2.537704 3.026968 -3.423811
v -2.537704 3.025155 -4.783735
v -2.537702 2.885810 -4.976850
v -2.537704 2.675733 -5.152714
v -2.537703 2.251077 -5.487159
v -2.537702 2.236837 -6.375261
v -2.537702 2.505897 -6.375261
v -2.537702 3.718569 -6.375261
v -2.537703 3.727614 -2.646570
v -2.537702 3.716082 -0.384677
v -2.537702 4.197274 2.741145
v -1.980342 4.163359 3.405489
v -1.980339 4.146369 3.654988
v -1.980339 4.123583 3.989575
v -1.980339 4.007977 5.424759
v -1.980342 3.941721 5.770211
v -1.980023 3.915495 5.908946
v -1.978391 3.091805 5.931948
v -1.984536 2.998355 5.940419
v -1.984538 3.003740 5.600537
v -1.980340 3.012401 4.029112
v -1.980342 2.938983 3.711279
v -1.980338 2.747533 3.474278
v -1.980340 2.060377 2.835146
v -1.980340 2.040662 -2.601087
v -1.980340 2.506891 -2.924428
v -1.980340 2.776556 -3.081733
v -1.980340 2.974959 -3.248849
v -1.980342 3.026970 -3.423811
v -1.980342 3.025155 -4.783735
v -1.980339 2.885810 -4.976850
v -1.980340 2.675733 -5.152713
v -1.980340 2.251077 -5.487157
v -1.980340 2.236837 -6.375261
v -1.980340 2.505897 -6.375261
v -1.980340 3.718569 -6.375261
v -1.980339 4.200062 2.741145
v -1.422976 4.174212 3.405491
v -1.422977 4.157222 3.654988
v -1.422976 4.134438 3.989575
v -1.422976 4.018831 5.424759
v -1.422976 3.952574 5.770207
v -1.411761 3.915495 5.906558
v -1.421029 3.094867 5.931946
v -1.427175 3.001085 5.940419
v -1.427176 3.003740 5.600537
v -1.422978 3.012401 4.029112
v -1.422976 2.938983 3.711279
v -1.422976 2.747533 3.474278
v -1.422976 2.060377 2.835146
v -1.422976 2.040662 -2.601087
v -1.422976 2.506891 -2.924428
v -1.422976 2.776556 -3.081733
v -1.422976 2.974959 -3.248849
v -1.422977 3.026968 -3.423811
v -1.422976 3.025155 -4.783735
v -1.422976 2.885810 -4.976849
v -1.422976 2.675733 -5.152713
v -1.422975 2.251077 -5.487159
v -1.422977 2.236837 -6.375261
v -1.422977 2.505897 -6.375261
v -1.422977 3.718570 -6.375261
v -1.422976 4.210916 2.741145
v -0.865615 4.174212 3.405491
v -0.865613 4.157222 3.654988
v -0.865613 4.134438 3.989577
v -0.865613 4.018831 5.424757
v -0.865613 3.952574 5.770207
v -0.876829 3.915495 5.906558
v -0.863666 3.097927 5.931946
v -0.869811 3.003816 5.940419
v -0.869811 3.003740 5.600537
v -0.865613 3.012401 4.029110
v -0.865613 2.938983 3.711281
v -0.865613 2.747533 3.474278
v -0.865615 2.060378 2.835146
v -0.865615 2.040663 -2.601087
v -0.865615 2.506891 -2.924428
v -0.865614 2.776556 -3.081733
v -0.865615 2.974959 -3.248847
v -0.865613 3.026970 -3.423810
v -0.865615 3.025155 -4.783733
v -0.865613 2.885810 -4.976848
v -0.865613 2.675733 -5.152713
v -0.865613 2.251077 -5.487157
v -0.865615 2.236837 -6.375259
v -0.865615 2.505897 -6.375259
v -0.865615 3.718570 -6.375259
v -0.865613 4.210916 2.741145
v -0.308251 4.163359 3.405491
v -0.308254 4.146369 3.654988
v -0.308251 4.123583 3.989577
v -0.308252 4.007977 5.424757
v -0.308250 3.941721 5.770207
v -0.308566 3.915495 5.908946
v -0.306301 3.100987 5.931946
v -0.312449 3.006547 5.940419
v -0.312449 3.003740 5.600537
v -0.308252 3.012401 4.029114
v -0.308252 2.938983 3.711277
v -0.308250 2.747533 3.474278
v -0.308250 2.060378 2.835146
v -0.308249 2.040663 -2.601085
v -0.308251 2.506891 -2.924428
v -0.308250 2.776556 -3.081733
v -0.308250 2.974959 -3.248847
v -0.308253 3.026970 -3.423810
v -0.308252 3.025155 -4.783733
v -0.308251 2.885810 -4.976848
v -0.308252 2.675733 -5.152712
v -0.308250 2.251077 -5.487157
v -0.308249 2.236837 -6.375259
v -0.308249 2.505897 -6.375259
v -0.308249 3.718570 -6.375259
v -0.308250 4.200062 2.741145
v 0.249114 4.112937 3.405486
v 0.249112 4.095948 3.654988
v 0.249114 4.073165 3.989577
v 0.249113 3.957556 5.424757
v 0.248794 3.891300 5.766459
v 0.248796 3.863970 5.908946
v 0.251060 3.104048 5.931948
v 0.244913 3.009277 5.940419
v 0.244916 3.003740 5.600537
v 0.249114 3.012401 4.029114
v 0.249114 2.938983 3.711279
v 0.249110 2.747533 3.474278
v 0.249112 2.060378 2.835146
v 0.249112 2.040663 -2.601087
v 0.249114 2.506891 -2.924428
v 0.249114 2.776556 -3.081733
v 0.249113 2.974959 -3.248847
v 0.249113 3.026970 -3.423810
v 0.249114 3.025155 -4.783733
v 0.249114 2.885810 -4.976846
v 0.249114 2.675733 -5.152711
v 0.249114 2.251077 -5.487157
v 0.249114 2.236837 -6.375259
v 0.249114 2.505897 -6.375259
v 0.249114 3.718570 -6.375259
v 0.249112 3.727614 -2.646570
v 0.249113 3.733353 -0.384677
v 0.249113 4.149641 2.741145
v 0.806474 3.972483 3.405489
v 0.806477 3.955492 3.654988
v 0.806477 3.932709 3.989577
v 0.806477 3.817104 5.424756
v 0.806160 3.750845 5.766461
v 0.806161 3.723516 5.908949
v 0.808425 3.107108 5.931946
v 0.802278 3.012007 5.940419
v 0.802278 3.003740 5.600537
v 0.806477 3.012401 4.029112
v 0.806474 2.938983 3.711279
v 0.806477 2.747533 3.474278
v 0.806477 2.060378 2.835146
v 0.806477 2.040663 -2.601085
v 0.806475 2.506891 -2.924428
v 0.806475 2.776556 -3.081733
v 0.806474 2.974959 -3.248847
v 0.806477 3.026970 -3.423810
v 0.806474 3.025155 -4.783733
v 0.806476 2.885810 -4.976848
v 0.806474 2.675733 -5.152712
v 0.806476 2.251077 -5.487157
v 0.806475 2.236837 -6.375259
v 0.806475 2.505897 -6.375259
v 0.806475 3.718570 -6.375259
v 0.806477 3.720794 -5.397342
v 0.806477 3.721454 -5.107102
v 0.806477 3.721802 -4.954480
v 0.806475 3.722184 -4.786890
v 0.806476 3.725625 -3.429972
v 0.806474 3.726069 -3.255397
v 0.806478 3.726467 -3.098327
v 0.806477 3.726843 -2.950477
v 0.806478 3.727614 -2.646570
v 0.806475 3.733353 -0.384677
v 0.806477 3.970757 0.637860
v 0.806478 3.992676 1.519709
v 0.806478 4.009189 2.741145
v 0.794766 1.852018 5.876158
v 1.339598 1.852180 5.892827
v 1.345495 1.863178 6.105399
v 0.800661 1.860286 6.088730
v -3.641498 1.852583 5.786351
v -3.084977 1.852371 5.782975
v -3.099589 1.841525 5.967721
v -3.656108 1.839008 5.971091
v -2.527614 1.852000 5.796277
v -2.543515 1.843885 6.008849
v -1.970249 1.851736 5.809584
v -1.986151 1.846352 6.022154
v -1.412885 1.851579 5.822894
v -1.428785 1.848925 6.035471
v -0.877318 1.851529 5.836216
v -0.871423 1.851605 6.048790
v -0.319958 1.851585 5.849532
v -0.314060 1.854392 6.062108
v 0.237407 1.851748 5.862851
v 0.243300 1.857286 6.075425
v -2.963153 2.031727 6.350987
v -2.951850 1.880092 5.979617
v -4.148431 2.095164 6.317973
v -4.137130 1.943530 5.946606
v 0.783756 1.897336 6.096343
v 0.774301 2.061302 6.446213
v 2.044133 1.890582 6.131861
v 2.034675 2.057351 6.482152
v -3.655318 2.634358 5.925124
v -3.098216 2.637022 5.924078
v -2.540855 2.639638 5.928189
v -1.983489 2.642288 5.932303
v -1.426126 2.644970 5.936419
v -0.868762 2.647685 5.940537
v -0.311400 2.650431 5.944653
v 0.245961 2.653213 5.948769
v 0.803326 2.656028 5.952881
v 1.356813 2.658808 5.958033
v 1.356814 2.647808 5.618149
v 0.803326 2.647758 5.612996
v 0.245961 2.647675 5.608883
v -0.311402 2.647626 5.604767
v -0.868764 2.647608 5.600651
v -1.426127 2.647624 5.596535
v -1.983491 2.647671 5.592419
v -2.540853 2.647754 5.588303
v -3.098218 2.647869 5.584193
v -3.655320 2.647934 5.585238
v 1.306792 3.291988 5.920231
v 1.294789 3.341624 5.805264
v 1.294787 3.368186 5.462674
v 1.294790 3.428842 4.004065
v 1.294789 3.402193 3.678088
v 1.294789 3.312081 3.435009
v 1.294787 2.920715 2.783619
v 1.294789 2.908740 1.581355
v 1.294790 2.910105 0.640065
v 1.363838 2.873733 -0.378044
v 1.363840 2.860814 -2.623199
v 1.363838 3.160451 -2.937093
v 1.363839 3.312379 -3.089801
v 1.363839 3.370394 -3.252032
v 1.363840 3.396748 -3.426807
v 1.363839 3.392791 -4.785267
v 1.363840 3.298782 -4.965974
v 1.363840 3.184135 -5.130538
v 1.363840 2.941630 -5.443492
v 1.363840 2.933378 -6.375259
v 0.806475 2.933378 -6.375259
v 0.249114 2.933378 -6.375259
v -0.308249 2.933378 -6.375259
v -0.865615 2.933378 -6.375259
v -1.422977 2.933378 -6.375261
v -1.980340 2.933378 -6.375261
v -2.537702 2.933378 -6.375261
v -3.095064 2.933378 -6.375261
v -3.652429 2.933378 -6.375261
v -3.652431 2.941630 -5.443494
v -3.652431 3.184135 -5.130539
v -3.652429 3.298782 -4.965974
v -3.652431 3.392791 -4.785269
v -3.652429 3.396748 -3.426809
v -3.652429 3.370394 -3.252033
v -3.652431 3.312380 -3.089801
v -3.652427 3.160451 -2.937093
v -3.652431 2.860814 -2.623199
v -3.652429 2.873733 -0.378044
v -3.583379 2.910105 0.640065
v -3.583379 2.908740 1.581357
v -3.583379 2.920715 2.783619
v -3.583379 3.312081 3.435009
v -3.583379 3.402193 3.678086
v -3.583381 3.428842 4.004065
v -3.583381 3.368186 5.462674
v -3.583379 3.328996 5.805266
v -3.592858 3.274153 5.920231
v -3.093693 3.333407 5.923838
v -2.536330 3.384900 5.923838
v -1.978969 3.382166 5.923838
v -1.421603 3.384147 5.923840
v -0.864466 3.386128 5.923838
v -0.307099 3.388111 5.923838
v 0.250260 3.371928 5.923834
v 0.807627 3.324399 5.923838
v 1.358309 2.847143 5.948716
v 1.358309 2.836144 5.608828
v 0.802770 2.836121 5.606402
v 0.245408 2.836082 5.604464
v -0.311955 2.836058 5.602530
v -0.869319 2.836051 5.600594
v -1.426682 2.836057 5.598652
v -1.984045 2.836080 5.596714
v -2.541408 2.836119 5.594777
v -3.098771 2.836173 5.592841
v -3.656013 2.836204 5.593335
v -3.656013 2.822628 5.933217
v -3.098772 2.825327 5.932726
v -2.541409 2.828004 5.934662
v -1.984046 2.830697 5.936598
v -1.426683 2.833403 5.938538
v -0.869321 2.836127 5.940476
v -0.311955 2.838864 5.942414
v 0.245407 2.841620 5.944352
v 0.802772 2.844390 5.946288
v -2.541716 2.990952 5.756623
v -3.099080 2.988221 5.756623
v -3.098487 2.832718 5.748621
v -2.541123 2.835394 5.750559
v -2.535579 3.077633 5.748112
v -3.092940 3.074572 5.748116
v -2.536063 3.379410 5.739666
v -3.093425 3.327917 5.739666
v 0.802493 3.001125 5.756571
v 0.245130 2.998395 5.756571
v 0.245754 2.836238 5.760178
v 0.803119 2.839009 5.762114
v 0.808342 3.095837 5.748110
v 0.250979 3.092777 5.748112
v 0.807381 3.318243 5.739689
v 0.250014 3.365772 5.739687
v -2.165811 3.919955 5.908946
v -2.166128 3.946548 5.770207
v -2.166127 4.012804 5.424761
v -2.166127 4.128413 3.989577
v -2.166127 4.151196 3.654988
v -2.166129 4.168184 3.405491
v -2.166125 4.204888 2.741145
v -2.166127 3.718569 -6.375261
v -2.166127 2.933378 -6.375261
v -2.166127 2.505897 -6.375261
v -2.166127 2.236837 -6.375261
v -2.166127 2.251077 -5.487159
v -2.166128 2.675733 -5.152714
v -2.166125 2.885810 -4.976850
v -2.166127 3.025155 -4.783735
v -2.166129 3.026968 -3.423812
v -2.166129 2.974959 -3.248849
v -2.166128 2.776556 -3.081733
v -2.166129 2.506891 -2.924430
v -2.166129 2.040662 -2.601085
v -2.166128 2.060377 2.835146
v -2.166127 2.747533 3.474278
v -2.166127 2.938983 3.711281
v -2.166127 3.012401 4.029112
v -2.170325 3.003740 5.600537
v -2.169832 2.836094 5.596068
v -2.169278 2.647699 5.591046
v -2.156037 1.851824 5.805148
v -2.171941 1.845530 6.017720
v -2.169280 2.641405 5.930932
v -2.169833 2.829798 5.935950
v -2.170325 2.997445 5.940423
v -2.164180 3.090785 5.931946
v -2.164756 3.383076 5.923840
v -2.351600 3.924413 5.908946
v -2.351916 3.951375 5.770207
v -2.351914 4.017633 5.424757
v -2.351916 4.133240 3.989575
v -2.351914 4.156023 3.654988
v -2.351916 4.173014 3.405491
v -2.351914 4.209718 2.741145
v -2.351916 3.718569 -6.375261
v -2.351916 2.933378 -6.375261
v -2.351916 2.505897 -6.375261
v -2.351916 2.236837 -6.375261
v -2.351914 2.251077 -5.487159
v -2.351914 2.675733 -5.152714
v -2.351914 2.885810 -4.976850
v -2.351914 3.025155 -4.783735
v -2.351916 3.026968 -3.423812
v -2.351916 2.974959 -3.248849
v -2.351914 2.776556 -3.081733
v -2.351916 2.506891 -2.924428
v -2.351916 2.040662 -2.601087
v -2.351916 2.060377 2.835146
v -2.351916 2.747533 3.474278
v -2.351916 2.938983 3.711277
v -2.351914 3.012401 4.029112
v -2.356114 3.003740 5.600537
v -2.355618 2.836106 5.595423
v -2.355065 2.647726 5.589674
v -2.341826 1.851912 5.800711
v -2.357727 1.844708 6.013285
v -2.355067 2.640522 5.929560
v -2.355621 2.828901 5.935307
v -2.356112 2.996535 5.940419
v -2.349967 3.089764 5.931946
v -2.350542 3.383988 5.923838
v -1.597549 3.915495 5.906558
v -1.608766 3.948956 5.770207
v -1.608765 4.015213 5.424757
v -1.608764 4.130817 3.989575
v -1.608765 4.153605 3.654988
v -1.608766 4.170592 3.405491
v -1.608764 4.207296 2.741145
v -1.608766 3.718570 -6.375261
v -1.608766 2.933378 -6.375261
v -1.608766 2.505897 -6.375261
v -1.608766 2.236837 -6.375261
v -1.608764 2.251077 -5.487159
v -1.608765 2.675733 -5.152713
v -1.608764 2.885810 -4.976850
v -1.608764 3.025155 -4.783735
v -1.608766 3.026968 -3.423811
v -1.608766 2.974959 -3.248849
v -1.608765 2.776556 -3.081733
v -1.608766 2.506891 -2.924428
v -1.608766 2.040662 -2.601085
v -1.608764 2.060377 2.835146
v -1.608764 2.747533 3.474278
v -1.608765 2.938983 3.711279
v -1.608766 3.012401 4.029114
v -1.612964 3.003740 5.600533
v -1.612471 2.836066 5.598006
v -1.611917 2.647640 5.595160
v -1.598675 1.851631 5.818459
v -1.614573 1.848068 6.031031
v -1.611915 2.644075 5.935048
v -1.612470 2.832501 5.937888
v -1.612963 3.000175 5.940419
v -1.606814 3.093846 5.931946
v -1.607391 3.383487 5.923840
v -1.794236 3.915495 5.908946
v -1.794553 3.945337 5.770211
v -1.794553 4.011596 5.424757
v -1.794553 4.127202 3.989577
v -1.794551 4.149985 3.654988
v -1.794554 4.166973 3.405489
v -1.794551 4.203680 2.741145
v -1.794553 3.718569 -6.375261
v -1.794553 2.933378 -6.375261
v -1.794553 2.505897 -6.375261
v -1.794553 2.236837 -6.375261
v -1.794551 2.251077 -5.487159
v -1.794552 2.675733 -5.152713
v -1.794551 2.885810 -4.976850
v -1.794553 3.025155 -4.783735
v -1.794553 3.026968 -3.423811
v -1.794553 2.974959 -3.248849
v -1.794552 2.776556 -3.081733
v -1.794553 2.506891 -2.924428
v -1.794553 2.040662 -2.601087
v -1.794553 2.060377 2.835146
v -1.794552 2.747533 3.474278
v -1.794553 2.938983 3.711277
v -1.794553 3.012401 4.029114
v -1.798753 3.003740 5.600537
v -1.798259 2.836073 5.597361
v -1.797704 2.647655 5.593792
v -1.784463 1.851684 5.814019
v -1.800364 1.847209 6.026593
v -1.797702 2.643182 5.933674
v -1.798257 2.831599 5.937245
v -1.798751 2.999265 5.940419
v -1.792603 3.092826 5.931948
v -1.793180 3.382826 5.923840
v -1.051507 3.915495 5.908946
v -1.051402 3.952574 5.770211
v -1.051401 4.018831 5.424757
v -1.051401 4.134438 3.989575
v -1.051402 4.157222 3.654988
v -1.051402 4.174212 3.405489
v -1.051401 4.210916 2.741145
v -1.051402 3.718570 -6.375259
v -1.051402 2.933378 -6.375259
v -1.051402 2.505897 -6.375259
v -1.051402 2.236837 -6.375259
v -1.051401 2.251077 -5.487157
v -1.051400 2.675733 -5.152712
v -1.051401 2.885810 -4.976848
v -1.051404 3.025155 -4.783733
v -1.051401 3.026968 -3.423810
v -1.051402 2.974959 -3.248847
v -1.051401 2.776556 -3.081733
v -1.051400 2.506891 -2.924430
v -1.051402 2.040663 -2.601087
v -1.051402 2.060378 2.835146
v -1.051400 2.747533 3.474278
v -1.051401 2.938983 3.711277
v -1.051402 3.012401 4.029112
v -1.055599 3.003740 5.600533
v -1.055106 2.836053 5.599944
v -1.054553 2.647612 5.599280
v -1.063108 1.851546 5.831776
v -1.057212 1.850712 6.044354
v -1.054549 2.646780 5.939166
v -1.055108 2.835219 5.939829
v -1.055599 3.002906 5.940419
v -1.049452 3.096906 5.931946
v -1.050177 3.385468 5.923834
v -1.237084 3.915495 5.908946
v -1.237188 3.952574 5.770207
v -1.237189 4.018831 5.424759
v -1.237189 4.134438 3.989575
v -1.237189 4.157222 3.654988
v -1.237189 4.174212 3.405491
v -1.237189 4.210916 2.741145
v -1.237191 3.718570 -6.375261
v -1.237191 2.933378 -6.375261
v -1.237191 2.505897 -6.375261
v -1.237191 2.236837 -6.375261
v -1.237187 2.251077 -5.487159
v -1.237188 2.675733 -5.152714
v -1.237189 2.885810 -4.976850
v -1.237188 3.025155 -4.783735
v -1.237191 3.026968 -3.423812
v -1.237189 2.974959 -3.248849
v -1.237189 2.776556 -3.081733
v -1.237188 2.506891 -2.924430
v -1.237189 2.040662 -2.601087
v -1.237189 2.060377 2.835146
v -1.237189 2.747533 3.474278
v -1.237189 2.938983 3.711277
v -1.237191 3.012401 4.029112
v -1.241388 3.003740 5.600537
v -1.240894 2.836055 5.599299
v -1.240340 2.647618 5.597907
v -1.227098 1.851562 5.827338
v -1.242998 1.849818 6.039912
v -1.240340 2.645875 5.937790
v -1.240895 2.834311 5.939185
v -1.241387 3.001996 5.940419
v -1.235240 3.095886 5.931948
v -1.235890 3.384807 5.923840
v -0.494353 3.915495 5.908946
v -0.494039 3.945337 5.770207
v -0.494039 4.011596 5.424757
v -0.494039 4.127202 3.989577
v -0.494040 4.149985 3.654988
v -0.494040 4.166973 3.405489
v -0.494038 4.203680 2.741145
v -0.494037 3.718570 -6.375259
v -0.494037 2.933378 -6.375259
v -0.494037 2.505897 -6.375259
v -0.494040 2.236837 -6.375259
v -0.494039 2.251077 -5.487157
v -0.494039 2.675733 -5.152713
v -0.494039 2.885810 -4.976848
v -0.494039 3.025155 -4.783733
v -0.494039 3.026970 -3.423810
v -0.494040 2.974959 -3.248847
v -0.494037 2.776556 -3.081733
v -0.494040 2.506891 -2.924428
v -0.494039 2.040663 -2.601087
v -0.494039 2.060378 2.835146
v -0.494040 2.747533 3.474278
v -0.494039 2.938983 3.711277
v -0.494040 3.012401 4.029114
v -0.498239 3.003740 5.600537
v -0.497744 2.836055 5.601885
v -0.497190 2.647619 5.603396
v -0.505746 1.851566 5.845095
v -0.499848 1.853463 6.057667
v -0.497189 2.649516 5.943282
v -0.497744 2.837952 5.941767
v -0.498236 3.005636 5.940419
v -0.492091 3.099968 5.931946
v -0.492889 3.387450 5.923834
v -0.691042 3.915495 5.906558
v -0.679825 3.948956 5.770207
v -0.679828 4.015213 5.424757
v -0.679826 4.130817 3.989575
v -0.679826 4.153605 3.654988
v -0.679828 4.170592 3.405491
v -0.679826 4.207296 2.741145
v -0.679825 3.718570 -6.375260
v -0.679826 2.933378 -6.375259
v -0.679825 2.505897 -6.375260
v -0.679825 2.236837 -6.375260
v -0.679824 2.251077 -5.487157
v -0.679826 2.675733 -5.152713
v -0.679826 2.885810 -4.976848
v -0.679829 3.025155 -4.783733
v -0.679828 3.026970 -3.423810
v -0.679828 2.974959 -3.248847
v -0.679825 2.776556 -3.081733
v -0.679826 2.506891 -2.924428
v -0.679825 2.040663 -2.601087
v -0.679826 2.060378 2.835146
v -0.679826 2.747533 3.474278
v -0.679827 2.938983 3.711281
v -0.679827 3.012401 4.029109
v -0.684024 3.003740 5.600537
v -0.683531 2.836053 5.601239
v -0.682979 2.647613 5.602025
v -0.691532 1.851547 5.840657
v -0.685636 1.852534 6.053229
v -0.682977 2.648600 5.941908
v -0.683532 2.837040 5.941123
v -0.684024 3.004726 5.940419
v -0.677876 3.098946 5.931948
v -0.678676 3.386788 5.923838
v 0.063009 3.881145 5.908946
v 0.063113 3.908106 5.767710
v 0.063323 3.974362 5.424759
v 0.063325 4.089972 3.989577
v 0.063323 4.112755 3.654988
v 0.063325 4.129744 3.405489
v 0.063325 4.166447 2.741145
v 0.063326 3.718570 -6.375259
v 0.063326 2.933378 -6.375259
v 0.063326 2.505897 -6.375259
v 0.063326 2.236837 -6.375259
v 0.063325 2.251077 -5.487157
v 0.063324 2.675733 -5.152711
v 0.063325 2.885810 -4.976848
v 0.063325 3.025155 -4.783733
v 0.063326 3.026970 -3.423810
v 0.063325 2.974959 -3.248847
v 0.063325 2.776556 -3.081733
v 0.063325 2.506891 -2.924428
v 0.063325 2.040663 -2.601087
v 0.063325 2.060378 2.835146
v 0.063324 2.747533 3.474278
v 0.063326 2.938983 3.711281
v 0.063325 3.012401 4.029112
v 0.059127 3.003740 5.600539
v 0.059621 2.836073 5.603823
v 0.060172 2.647657 5.607510
v 0.051618 1.851694 5.858414
v 0.057513 1.856321 6.070984
v 0.060175 2.652286 5.947396
v 0.059619 2.840702 5.943703
v 0.059125 3.008367 5.940419
v 0.065272 3.103028 5.931948
v 0.064475 3.377321 5.923838
v -0.122779 3.898320 5.908946
v -0.122569 3.924912 5.768960
v -0.122464 3.991171 5.424759
v -0.122462 4.106777 3.989579
v -0.122466 4.129560 3.654988
v -0.122462 4.146551 3.405491
v -0.122462 4.183255 2.741145
v -0.122459 3.718570 -6.375260
v -0.122462 2.933378 -6.375259
v -0.122459 2.505897 -6.375260
v -0.122462 2.236837 -6.375259
v -0.122462 2.251077 -5.487157
v -0.122462 2.675733 -5.152712
v -0.122464 2.885810 -4.976848
v -0.122462 3.025155 -4.783733
v -0.122464 3.026970 -3.423810
v -0.122462 2.974959 -3.248847
v -0.122462 2.776556 -3.081733
v -0.122462 2.506891 -2.924428
v -0.122462 2.040663 -2.601087
v -0.122462 2.060378 2.835146
v -0.122462 2.747533 3.474278
v -0.122462 2.938983 3.711279
v -0.122464 3.012401 4.029112
v -0.126662 3.003740 5.600539
v -0.126168 2.836066 5.603177
v -0.125615 2.647642 5.606139
v -0.134170 1.851640 5.853974
v -0.128272 1.855357 6.066544
v -0.125612 2.651359 5.946024
v -0.126168 2.839783 5.943058
v -0.126660 3.007457 5.940423
v -0.120515 3.102007 5.931946
v -0.121312 3.382717 5.923838
v -1.798564 2.993127 5.763932
v -1.984352 2.992217 5.763932
v -1.983430 2.834388 5.759772
v -1.797643 2.835291 5.760417
v -1.981599 2.634044 5.756045
v -1.795810 2.634937 5.757416
v -1.983308 1.826171 5.846463
v -1.797520 1.827029 5.850903
v -1.792550 3.082372 5.755476
v -1.978338 3.081352 5.755473
v -1.793157 3.377886 5.747038
v -1.978946 3.377225 5.747038
v -0.683827 2.996598 5.763907
v -0.869617 2.995688 5.763909
v -0.868684 2.835729 5.763611
v -0.682895 2.836643 5.764256
v -0.866853 2.635402 5.764510
v -0.681066 2.636318 5.765881
v -0.868562 1.827434 5.873604
v -0.682775 1.828364 5.878045
v -0.688723 3.088529 5.753079
v -0.874511 3.087508 5.753083
v -0.678652 3.381811 5.747038
v -0.864442 3.381151 5.747038
v -2.353183 2.633625 5.753245
v -2.167394 2.634509 5.754616
v -2.354892 1.825861 5.837445
v -2.169105 1.826683 5.841879
v -2.355014 2.833956 5.758511
v -2.169225 2.834852 5.759154
v -2.170143 2.991968 5.763949
v -2.355929 2.991058 5.763949
v -2.349925 3.079317 5.755473
v -2.164137 3.080338 5.755475
v -2.350541 3.379099 5.747036
v -2.164754 3.378189 5.747036
v -1.610017 2.634484 5.758856
v -1.424230 2.635378 5.760228
v -1.611728 1.826554 5.855498
v -1.425939 1.827412 5.859938
v -1.611848 2.834831 5.761038
v -1.426061 2.835732 5.761683
v -1.426986 2.994284 5.763918
v -1.612775 2.993375 5.763918
v -1.595864 3.083405 5.753085
v -1.410079 3.084426 5.753085
v -1.607368 3.378534 5.747042
v -1.421582 3.379195 5.747040
v -1.238434 2.634937 5.761679
v -1.052646 2.635842 5.763051
v -1.240148 1.826974 5.864546
v -1.054358 1.827868 5.868987
v -1.240266 2.835277 5.762318
v -1.054479 2.836185 5.762965
v -1.055406 2.995442 5.763909
v -1.241195 2.994531 5.763909
v -1.235188 3.085458 5.755471
v -1.049400 3.086478 5.755471
v -1.235868 3.379843 5.747038
v -1.050155 3.380502 5.747038
v -0.495273 2.635890 5.767355
v -0.309484 2.636807 5.768727
v -0.496983 1.827970 5.882672
v -0.311196 1.828899 5.887108
v -0.497103 2.836191 5.764908
v -0.311313 2.837105 5.765555
v -0.312249 2.997755 5.763909
v -0.498037 2.996845 5.763909
v -0.492039 3.089561 5.755467
v -0.306251 3.090583 5.755469
v -0.492866 3.382459 5.747042
v -0.307078 3.383121 5.747040
v -0.123691 2.636391 5.770205
v 0.062099 2.637319 5.771578
v -0.125403 1.828543 5.891747
v 0.060384 1.829508 5.896183
v -0.125520 2.836660 5.766219
v 0.060268 2.837579 5.766863
v 0.059330 2.998914 5.763918
v -0.126456 2.998004 5.763916
v -0.120503 3.091532 5.755467
v 0.065284 3.092554 5.755469
v -0.121371 3.377551 5.747044
v 0.064414 3.372157 5.747048
v 1.363840 3.401479 -6.375259
v 0.806475 3.401479 -6.375259
v 0.249114 3.401479 -6.375259
v 0.063326 3.401479 -6.375259
v -0.122460 3.401479 -6.375260
v -0.308249 3.401479 -6.375259
v -0.494037 3.401479 -6.375259
v -0.679825 3.401479 -6.375260
v -0.865615 3.401479 -6.375259
v -1.051402 3.401479 -6.375259
v -1.237191 3.401479 -6.375261
v -1.422977 3.401479 -6.375261
v -1.608766 3.401479 -6.375261
v -1.794553 3.401476 -6.375261
v -1.980340 3.401476 -6.375261
v -2.166127 3.401476 -6.375261
v -2.351916 3.401476 -6.375261
v -2.537702 3.401476 -6.375261
v -3.095064 3.401479 -6.375261
v -3.652429 3.401476 -6.375261
v -3.652431 3.406137 -5.415983
v -3.652429 3.504463 -5.116567
v -3.652429 3.550970 -4.959123
v -3.652429 3.589161 -4.786235
v -3.652429 3.592811 -3.428696
v -3.652427 3.582434 -3.254038
v -3.652429 3.559242 -3.094884
v -3.652429 3.498112 -2.945072
v -3.652431 3.377565 -2.637132
v -3.652429 3.386204 -0.381998
v -3.507768 3.466120 0.628899
v -3.507768 3.478636 1.534754
v -3.507768 3.493314 2.748448
v -3.507770 3.629483 3.407559
v -3.507768 3.655745 3.654463
v -3.507770 3.652924 3.985577
v -3.507768 3.559509 5.430218
v -3.507770 3.504183 5.774516
v -3.529759 3.483883 5.907406
v -3.094323 3.604668 5.914958
v -2.536959 3.691925 5.914961
v -2.351172 3.706169 5.914958
v -2.165385 3.703142 5.914961
v -1.979598 3.700115 5.914961
v -1.793809 3.700380 5.914961
v -1.608020 3.700649 5.914963
v -1.422233 3.700914 5.914961
v -1.236602 3.701182 5.914958
v -1.050969 3.701448 5.914961
v -0.865337 3.701715 5.914958
v -0.679551 3.701982 5.914958
v -0.493762 3.702249 5.914963
v -0.307973 3.702516 5.914961
v -0.122186 3.690099 5.914961
v 0.063601 3.677680 5.914961
v 0.249388 3.665264 5.914958
v 0.806753 3.562336 5.914961
v 1.242188 3.491085 5.907406
v 1.219178 3.509281 5.774514
v 1.219178 3.559509 5.430222
v 1.219179 3.652924 3.985577
v 1.219179 3.655745 3.654467
v 1.219179 3.629483 3.407559
v 1.219178 3.493314 2.748448
v 1.219179 3.478636 1.534752
v 1.219180 3.466120 0.628903
v 1.363838 3.386204 -0.381998
v 1.363839 3.377565 -2.637134
v 1.363839 3.498112 -2.945072
v 1.363839 3.559242 -3.094884
v 1.363839 3.582434 -3.254038
v 1.363839 3.592811 -3.428694
v 1.363839 3.589161 -4.786234
v 1.363838 3.550970 -4.959122
v 1.363839 3.504463 -5.116567
v 1.363840 3.406137 -5.415979
v -3.097455 3.718570 -6.441196
v -2.540093 3.718569 -6.441197
v -2.540093 3.401476 -6.441197
v -3.097455 3.401479 -6.441196
v 0.251505 3.718570 -6.441194
v 0.808866 3.718570 -6.441194
v 0.808866 3.401479 -6.441194
v 0.251505 3.401479 -6.441194
v 0.806474 3.401479 -6.492824
v 0.249114 3.401479 -6.492824
v 0.806474 2.933378 -6.492824
v 0.249114 2.933378 -6.492824
v -2.537703 3.401476 -6.492827
v -3.095064 3.401479 -6.492826
v -2.537703 2.933378 -6.492827
v -3.095064 2.933378 -6.492826
v 0.806477 1.750599 1.344643
v 1.363842 1.750599 1.344643
v 1.363839 1.750599 2.291855
v 0.806477 1.750599 2.291855
v 0.806476 1.730907 -2.052476
v 1.363840 1.730907 -2.052476
v 1.363839 1.750611 -0.271312
v 0.806477 1.750605 -0.271312
v 0.806476 1.750599 0.546689
v 1.363842 1.750599 0.546689
v -3.652429 1.750598 1.344643
v -3.095065 1.750598 1.344643
v -3.095065 1.750598 2.291855
v -3.652429 1.750598 2.291857
v -3.652429 1.750598 0.546687
v -3.095065 1.750598 0.546689
v -3.652429 1.750611 -0.271312
v -3.095065 1.750605 -0.271312
v -3.652427 1.730909 -2.052476
v -3.095065 1.730909 -2.052478
v -2.537704 1.750598 1.344645
v -2.537704 1.750598 2.291857
v -2.537704 1.750598 0.546687
v -2.537704 1.750605 -0.271312
v -2.537704 1.730909 -2.052478
v -2.351916 1.750598 2.291855
v -2.351916 1.730909 -2.052478
v -1.794553 1.750598 2.291855
v -1.980340 1.750598 2.291855
v -1.980340 1.730909 -2.052478
v -1.794553 1.730909 -2.052478
v -1.237189 1.750598 2.291855
v -1.422976 1.750598 2.291855
v -1.422976 1.730909 -2.052478
v -1.237189 1.730909 -2.052478
v -0.679826 1.750599 2.291855
v -0.865615 1.750599 2.291855
v -0.865615 1.730909 -2.052478
v -0.679825 1.730909 -2.052478
v -0.122462 1.750599 2.291855
v -0.308250 1.750599 2.291857
v -0.308249 1.730909 -2.052476
v -0.122462 1.730909 -2.052478
v 0.249112 1.750599 1.344643
v 0.249112 1.750599 2.291855
v 0.249113 1.750599 0.546689
v 0.249112 1.750605 -0.271312
v 0.249112 1.730909 -2.052478
v -2.166129 1.730909 -2.052476
v -2.166128 1.750598 2.291855
v -1.608766 1.730909 -2.052476
v -1.608764 1.750598 2.291857
v -1.051402 1.730909 -2.052478
v -1.051402 1.750599 2.291855
v -0.494039 1.730909 -2.052478
v -0.494039 1.750599 2.291857
v 0.063325 1.730909 -2.052478
v 0.063325 1.750599 2.291855
v -2.243684 3.893686 -0.385288
v -2.448216 3.893686 -0.385288
v -2.243684 3.887946 -2.647180
v -2.448216 3.887946 -2.647180
v -2.243684 1.430124 1.344645
v -2.175506 1.430124 1.344643
v -2.175507 1.430124 2.291855
v -2.243684 1.430124 2.291857
v -2.243684 1.430124 0.546685
v -2.175506 1.430124 0.546687
v -2.243684 1.430137 -0.269985
v -2.175506 1.430133 -0.269985
v -2.243684 1.410447 -2.049819
v -2.175506 1.410447 -2.049819
v -2.039151 1.430124 1.344645
v -1.970973 1.430124 1.344645
v -1.970973 1.430124 2.291855
v -2.039151 1.430124 2.291855
v -2.039151 1.430124 0.546685
v -1.970974 1.430124 0.546687
v -2.039151 1.430133 -0.269985
v -1.970974 1.430133 -0.269985
v -2.039151 1.410447 -2.049819
v -1.970973 1.410447 -2.049819
v -1.834619 1.430124 1.344643
v -1.766440 1.430124 1.344645
v -1.766440 1.430124 2.291855
v -1.834619 1.430124 2.291855
v -1.834619 1.430124 0.546687
v -1.766440 1.430124 0.546687
v -1.834619 1.430133 -0.269985
v -1.766440 1.430133 -0.269985
v -1.834619 1.410447 -2.049819
v -1.766440 1.410447 -2.049819
v -0.453978 1.430124 1.344645
v -0.385799 1.430124 1.344643
v -0.385800 1.430124 2.291855
v -0.453979 1.430124 2.291855
v -0.453979 1.430124 0.546687
v -0.385800 1.430124 0.546687
v -0.453978 1.430134 -0.269985
v -0.385801 1.430134 -0.269985
v -0.453979 1.410448 -2.049819
v -0.385799 1.410448 -2.049819
v -0.249445 1.430124 1.344645
v -0.181268 1.430124 1.344645
v -0.181267 1.430124 2.291855
v -0.249445 1.430124 2.291857
v -0.249445 1.430124 0.546687
v -0.181268 1.430124 0.546687
v -0.249445 1.430134 -0.269985
v -0.181268 1.430134 -0.269985
v -0.249445 1.410448 -2.049819
v -0.181268 1.410448 -2.049819
v -2.107329 1.410447 -2.049819
v -2.107329 1.430133 -0.269985
v -2.107329 1.430124 0.546687
v -2.107328 1.430124 1.344645
v -2.107329 1.430124 2.291855
v -1.902797 1.410447 -2.049819
v -1.902797 1.430133 -0.269985
v -1.902797 1.430124 0.546685
v -1.902796 1.430124 1.344645
v -1.902796 1.430124 2.291857
v -0.522156 1.410448 -2.049819
v -0.522156 1.430134 -0.269985
v -0.522155 1.430124 0.546687
v -0.522155 1.430124 1.344643
v -0.522156 1.430124 2.291855
v -0.317622 1.410448 -2.049819
v -0.317622 1.430134 -0.269985
v -0.317623 1.430124 0.546685
v -0.317622 1.430124 1.344645
v -0.317622 1.430124 2.291857
v -0.113090 1.410448 -2.049819
v -0.113090 1.430134 -0.269985
v -0.044913 1.410448 -2.049819
v -0.044912 1.430137 -0.269985
v -0.113090 1.430124 0.546687
v -0.044912 1.430124 0.546687
v -0.113090 1.430124 1.344645
v -0.044913 1.430124 1.344643
v -0.113090 1.430124 2.291855
v -0.044912 1.430124 2.291855
v 0.159619 3.893686 -0.385288
v -0.044912 3.893686 -0.385288
v 0.159621 3.887946 -2.647180
v -0.044912 3.887946 -2.647180
v 0.806475 1.911569 -6.370044
v 1.363842 1.911569 -6.370044
v 1.363838 1.925810 -5.692631
v 0.806476 1.925810 -5.692630
v -3.652429 1.911569 -6.370045
v -3.095064 1.911569 -6.370045
v -3.095066 1.925809 -5.692632
v -3.652429 1.925809 -5.692632
v -2.537702 1.911569 -6.370046
v -2.537703 1.925809 -5.692633
v -2.351916 1.911569 -6.370045
v -2.351914 1.925809 -5.692632
v -1.980340 1.911569 -6.370045
v -1.794553 1.911569 -6.370046
v -1.794551 1.925809 -5.692632
v -1.980340 1.925809 -5.692632
v -1.422977 1.911569 -6.370046
v -1.237191 1.911569 -6.370046
v -1.237187 1.925809 -5.692633
v -1.422975 1.925809 -5.692632
v -0.865615 1.911569 -6.370044
v -0.679825 1.911569 -6.370045
v -0.679824 1.925810 -5.692630
v -0.865613 1.925810 -5.692631
v -0.308249 1.911569 -6.370044
v -0.122462 1.911569 -6.370044
v -0.122462 1.925810 -5.692631
v -0.308250 1.925810 -5.692631
v 0.249114 1.911569 -6.370044
v 0.249114 1.925810 -5.692630
v -2.166127 1.911569 -6.370045
v -2.166127 1.925809 -5.692632
v -1.608766 1.911569 -6.370046
v -1.608764 1.925809 -5.692632
v -1.051402 1.911569 -6.370044
v -1.051401 1.925810 -5.692630
v -0.494040 1.911569 -6.370044
v -0.494039 1.925810 -5.692631
v 0.063326 1.911569 -6.370044
v 0.063325 1.925810 -5.692630
v -3.678443 2.969846 -3.423378
v -3.678439 2.968030 -4.783300
v -4.177012 3.033284 -3.423378
v -4.177012 3.031468 -4.783301
v 1.389852 2.952404 -4.783304
v 1.389851 2.954219 -3.423380
v 1.888423 2.952404 -4.783304
v 1.888422 2.954219 -3.423380
v -2.537704 4.184252 1.777703
v -2.351915 4.196694 1.777703
v -2.166127 4.191866 1.777703
v -1.980340 4.187038 1.777703
v -1.794551 4.190657 1.777703
v -1.608764 4.194273 1.777703
v -1.422976 4.197893 1.777699
v -1.237189 4.197892 1.777703
v -1.051400 4.197892 1.777703
v -0.865613 4.197893 1.777703
v -0.679828 4.194273 1.777699
v -0.494040 4.190657 1.777703
v -0.308253 4.187038 1.777703
v -0.122464 4.170232 1.777703
v 0.063325 4.153425 1.777703
v 0.249113 4.136619 1.777703
v 0.806478 3.996165 1.777703
v 1.167960 3.868170 1.761178
v 1.219179 3.481736 1.791110
v 1.294788 2.911270 1.835297
v 1.363840 2.390304 1.875657
v 1.395345 2.390304 1.875653
v 1.498980 2.466592 1.875653
v 1.782447 2.466593 1.875655
v 1.888422 2.390304 1.875657
v 1.925210 2.358212 1.879302
v 1.925210 2.092467 1.895056
v 1.888387 2.060378 1.901135
v 1.395345 2.060378 1.901135
v 1.363841 2.060378 1.901133
v 1.363841 1.750599 1.544714
v 0.806477 1.750599 1.544714
v 0.249112 1.750599 1.544714
v -0.044913 1.430124 1.544714
v -0.113090 1.430124 1.544716
v -0.181268 1.430124 1.544716
v -0.249445 1.430124 1.544716
v -0.317622 1.430124 1.544716
v -0.385800 1.430124 1.544714
v -0.453978 1.430124 1.544716
v -0.522155 1.430124 1.544714
v -1.766441 1.430124 1.544716
v -1.834619 1.430124 1.544714
v -1.902797 1.430124 1.544716
v -1.970973 1.430124 1.544716
v -2.039151 1.430124 1.544716
v -2.107328 1.430124 1.544716
v -2.175506 1.430124 1.544714
v -2.243684 1.430124 1.544716
v -2.537704 1.750598 1.544716
v -3.095065 1.750598 1.544714
v -3.652429 1.750598 1.544714
v -3.652429 2.060377 1.901133
v -3.683934 2.060377 1.901135
v -4.176982 2.123815 1.901135
v -4.213801 2.155905 1.895056
v -4.213798 2.421650 1.879302
v -4.177012 2.453742 1.875653
v -4.071044 2.530029 1.875655
v -3.787578 2.466592 1.875655
v -3.683934 2.390304 1.875655
v -3.652429 2.390303 1.875653
v -3.583379 2.911270 1.835301
v -3.507768 3.481736 1.791111
v -3.456550 3.888127 1.761178
v -3.095067 4.081025 1.777699
v -3.095067 3.727614 -2.646570
v -3.095067 3.727614 -2.646570
v -3.095065 3.733353 -0.384677
v -3.095065 3.733353 -0.384677
v 0.806478 3.727614 -2.646570
v 0.806478 3.727614 -2.646570
v 0.806475 3.733353 -0.384677
v 0.806475 3.733353 -0.384677
vt 0.598237 0.723577
vt 0.592994 0.713287
vt 0.628051 0.701881
vt 0.590283 0.714142
vt 0.595918 0.725202
vt 0.591188 0.701881
vt 0.606402 0.731744
vt 0.588341 0.701881
vt 0.604695 0.733980
vt 0.587927 0.714912
vt 0.593916 0.726668
vt 0.592994 0.690475
vt 0.616691 0.736987
vt 0.585863 0.701881
vt 0.590283 0.689620
vt 0.615754 0.739615
vt 0.603245 0.735997
vt 0.586070 0.715524
vt 0.592340 0.727831
vt 0.598237 0.680185
vt 0.628051 0.738793
vt 0.583909 0.701881
vt 0.587927 0.688850
vt 0.595918 0.678560
vt 0.628014 0.741557
vt 0.615000 0.741987
vt 0.602106 0.737598
vt 0.606402 0.672018
vt 0.639411 0.736987
vt 0.586070 0.688238
vt 0.593917 0.677094
vt 0.604695 0.669782
vt 0.640274 0.739615
vt 0.628030 0.744051
vt 0.614412 0.743869
vt 0.616691 0.666775
vt 0.649700 0.731744
vt 0.592340 0.675931
vt 0.603245 0.667765
vt 0.615754 0.664147
vt 0.651333 0.733980
vt 0.641060 0.741987
vt 0.628054 0.746030
vt 0.628051 0.664969
vt 0.657865 0.723577
vt 0.602106 0.666164
vt 0.615000 0.661775
vt 0.628014 0.662205
vt 0.660110 0.725202
vt 0.652814 0.735997
vt 0.641695 0.743869
vt 0.639411 0.666775
vt 0.663108 0.713287
vt 0.614412 0.659893
vt 0.628030 0.659711
vt 0.640273 0.664147
vt 0.665745 0.714142
vt 0.662143 0.726668
vt 0.654002 0.737598
vt 0.649700 0.672018
vt 0.664914 0.701881
vt 0.628054 0.657732
vt 0.641060 0.661775
vt 0.651333 0.669782
vt 0.667687 0.701881
vt 0.668132 0.714912
vt 0.663768 0.727831
vt 0.657865 0.680185
vt 0.663108 0.690475
vt 0.641695 0.659893
vt 0.652814 0.667765
vt 0.660110 0.678560
vt 0.665745 0.689620
vt 0.670196 0.701881
vt 0.670038 0.715524
vt 0.654002 0.666164
vt 0.662143 0.677094
vt 0.668132 0.688850
vt 0.672199 0.701881
vt 0.663768 0.675931
vt 0.670038 0.688238
vt 0.687327 0.690474
vt 0.692569 0.680185
vt 0.722475 0.701881
vt 0.684782 0.689620
vt 0.690417 0.678560
vt 0.700734 0.672018
vt 0.685520 0.701881
vt 0.682840 0.701881
vt 0.682395 0.688850
vt 0.688384 0.677094
vt 0.699194 0.669782
vt 0.711023 0.666775
vt 0.687327 0.713287
vt 0.684782 0.714142
vt 0.680331 0.701881
vt 0.680489 0.688238
vt 0.686759 0.675931
vt 0.697713 0.667765
vt 0.710253 0.664147
vt 0.722475 0.664969
vt 0.692569 0.723577
vt 0.690417 0.725202
vt 0.682395 0.714912
vt 0.678328 0.701881
vt 0.696525 0.666164
vt 0.709467 0.661775
vt 0.722513 0.662205
vt 0.733927 0.666775
vt 0.700734 0.731743
vt 0.699194 0.733980
vt 0.688384 0.726668
vt 0.680489 0.715524
vt 0.708831 0.659893
vt 0.722497 0.659711
vt 0.734772 0.664147
vt 0.744216 0.672018
vt 0.711023 0.736987
vt 0.710253 0.739615
vt 0.697713 0.735997
vt 0.686759 0.727831
vt 0.722473 0.657732
vt 0.735527 0.661775
vt 0.745832 0.669782
vt 0.752381 0.680185
vt 0.722475 0.738793
vt 0.722513 0.741557
vt 0.709467 0.741987
vt 0.696525 0.737598
vt 0.736114 0.659893
vt 0.747282 0.667765
vt 0.754609 0.678560
vt 0.757624 0.690475
vt 0.733927 0.736987
vt 0.734772 0.739615
vt 0.722497 0.744051
vt 0.708831 0.743869
vt 0.748420 0.666164
vt 0.756610 0.677094
vt 0.760244 0.689620
vt 0.759430 0.701881
vt 0.744216 0.731743
vt 0.745832 0.733980
vt 0.735527 0.741987
vt 0.722473 0.746030
vt 0.758187 0.675931
vt 0.762600 0.688850
vt 0.762186 0.701881
vt 0.757624 0.713287
vt 0.752381 0.723577
vt 0.754609 0.725202
vt 0.747282 0.735997
vt 0.736114 0.743869
vt 0.764457 0.688238
vt 0.764663 0.701881
vt 0.760244 0.714142
vt 0.756610 0.726668
vt 0.748420 0.737598
vt 0.766618 0.701881
vt 0.762600 0.714912
vt 0.758187 0.727831
vt 0.764457 0.715524
vt 0.787075 0.622550
vt 0.781832 0.612260
vt 0.816889 0.600854
vt 0.779121 0.613115
vt 0.784756 0.624175
vt 0.780026 0.600854
vt 0.795240 0.630717
vt 0.777179 0.600854
vt 0.793533 0.632953
vt 0.776765 0.613885
vt 0.782754 0.625641
vt 0.781832 0.589447
vt 0.805529 0.635960
vt 0.774701 0.600854
vt 0.779121 0.588593
vt 0.804592 0.638588
vt 0.792083 0.634970
vt 0.774908 0.614497
vt 0.781178 0.626804
vt 0.787075 0.579158
vt 0.816889 0.637766
vt 0.772747 0.600854
vt 0.776765 0.587823
vt 0.784756 0.577533
vt 0.816852 0.640530
vt 0.803837 0.640960
vt 0.790944 0.636571
vt 0.795240 0.570991
vt 0.828249 0.635959
vt 0.774908 0.587211
vt 0.782754 0.576067
vt 0.793533 0.568755
vt 0.829112 0.638588
vt 0.816868 0.643024
vt 0.803250 0.642842
vt 0.805529 0.565748
vt 0.838538 0.630717
vt 0.781178 0.574904
vt 0.792083 0.566738
vt 0.804592 0.563120
vt 0.840171 0.632953
vt 0.829898 0.640960
vt 0.816892 0.645003
vt 0.816889 0.563942
vt 0.846703 0.622550
vt 0.790944 0.565137
vt 0.803837 0.560748
vt 0.816852 0.561178
vt 0.848948 0.624175
vt 0.841652 0.634970
vt 0.830533 0.642842
vt 0.828249 0.565748
vt 0.851946 0.612260
vt 0.803250 0.558866
vt 0.816868 0.558684
vt 0.829111 0.563120
vt 0.854583 0.613115
vt 0.850981 0.625641
vt 0.842840 0.636571
vt 0.838538 0.570991
vt 0.853752 0.600854
vt 0.816892 0.556705
vt 0.829898 0.560748
vt 0.840171 0.568755
vt 0.856525 0.600854
vt 0.856970 0.613885
vt 0.852606 0.626804
vt 0.846703 0.579158
vt 0.851946 0.589447
vt 0.830533 0.558866
vt 0.841652 0.566738
vt 0.848948 0.577533
vt 0.854583 0.588593
vt 0.859034 0.600854
vt 0.858876 0.614497
vt 0.842840 0.565137
vt 0.850981 0.576067
vt 0.856970 0.587823
vt 0.861037 0.600854
vt 0.852606 0.574904
vt 0.858876 0.587211
vt 0.835000 0.681326
vt 0.840243 0.671036
vt 0.870149 0.692732
vt 0.832456 0.680472
vt 0.838091 0.669411
vt 0.848408 0.662870
vt 0.833194 0.692732
vt 0.830514 0.692732
vt 0.830069 0.679701
vt 0.836058 0.667946
vt 0.846868 0.660634
vt 0.858697 0.657627
vt 0.835000 0.704139
vt 0.832456 0.704993
vt 0.828005 0.692732
vt 0.828163 0.679090
vt 0.834433 0.666782
vt 0.845386 0.658616
vt 0.857927 0.654998
vt 0.870149 0.655820
vt 0.840243 0.714429
vt 0.838091 0.716054
vt 0.830069 0.705764
vt 0.826002 0.692732
vt 0.844199 0.657015
vt 0.857141 0.652627
vt 0.870187 0.653056
vt 0.881601 0.657627
vt 0.848408 0.722595
vt 0.846868 0.724831
vt 0.836058 0.717519
vt 0.828163 0.706375
vt 0.856505 0.650744
vt 0.870171 0.650563
vt 0.882446 0.654998
vt 0.891890 0.662870
vt 0.858697 0.727838
vt 0.857927 0.730467
vt 0.845386 0.726849
vt 0.834433 0.718683
vt 0.870147 0.648584
vt 0.883201 0.652627
vt 0.893506 0.660634
vt 0.900055 0.671036
vt 0.870149 0.729645
vt 0.870187 0.732409
vt 0.857141 0.732839
vt 0.844199 0.728450
vt 0.883788 0.650744
vt 0.894956 0.658616
vt 0.902283 0.669411
vt 0.905298 0.681326
vt 0.881601 0.727838
vt 0.882446 0.730467
vt 0.870171 0.734902
vt 0.856505 0.734720
vt 0.896094 0.657015
vt 0.904284 0.667946
vt 0.907918 0.680472
vt 0.907104 0.692732
vt 0.891890 0.722595
vt 0.893506 0.724831
vt 0.883201 0.732839
vt 0.870147 0.736881
vt 0.905861 0.666782
vt 0.910273 0.679701
vt 0.909859 0.692732
vt 0.905298 0.704139
vt 0.900055 0.714429
vt 0.902283 0.716054
vt 0.894956 0.726849
vt 0.883788 0.734720
vt 0.912131 0.679090
vt 0.912337 0.692732
vt 0.907918 0.704993
vt 0.904284 0.717519
vt 0.896094 0.728450
vt 0.914292 0.692732
vt 0.910273 0.705764
vt 0.905861 0.718683
vt 0.912131 0.706375
vt 0.755887 0.022172
vt 0.755887 0.294621
vt 0.754467 0.294607
vt 0.754467 0.022157
vt 0.757169 0.022214
vt 0.757169 0.294663
vt 0.753046 0.294621
vt 0.753046 0.022172
vt 0.751765 0.294663
vt 0.751765 0.022214
vt 0.765286 0.294621
vt 0.765286 0.022172
vt 0.766706 0.022157
vt 0.766706 0.294607
vt 0.764005 0.294663
vt 0.764005 0.022214
vt 0.768127 0.022172
vt 0.768127 0.294621
vt 0.769408 0.022214
vt 0.769408 0.294663
vt 0.898371 0.869770
vt 0.899026 0.871056
vt 0.894641 0.872481
vt 0.899252 0.872481
vt 0.897351 0.868750
vt 0.899026 0.873905
vt 0.896066 0.868096
vt 0.898371 0.875191
vt 0.894641 0.867870
vt 0.897351 0.876211
vt 0.893217 0.868096
vt 0.896066 0.876866
vt 0.891931 0.868750
vt 0.894641 0.877091
vt 0.890911 0.869770
vt 0.893217 0.876866
vt 0.890256 0.871056
vt 0.891931 0.876211
vt 0.890031 0.872481
vt 0.890911 0.875191
vt 0.890256 0.873905
vt 0.884301 0.874768
vt 0.883646 0.876054
vt 0.879916 0.873344
vt 0.882626 0.877074
vt 0.884526 0.873344
vt 0.881341 0.877729
vt 0.884301 0.871919
vt 0.879916 0.877954
vt 0.883646 0.870634
vt 0.878491 0.877729
vt 0.882626 0.869614
vt 0.877206 0.877074
vt 0.881341 0.868959
vt 0.876186 0.876054
vt 0.879916 0.868733
vt 0.875531 0.874768
vt 0.878491 0.868959
vt 0.875305 0.873344
vt 0.877206 0.869614
vt 0.875531 0.871919
vt 0.876186 0.870634
vt 0.358067 0.825568
vt 0.358066 0.838005
vt 0.342085 0.838005
vt 0.342085 0.825568
vt 0.360535 0.825436
vt 0.360535 0.837755
vt 0.358067 0.847875
vt 0.342085 0.847875
vt 0.339617 0.825436
vt 0.339617 0.837755
vt 0.358067 0.811781
vt 0.342085 0.811781
vt 0.360535 0.811781
vt 0.362762 0.825054
vt 0.362762 0.837028
vt 0.360535 0.847531
vt 0.339617 0.847531
vt 0.339617 0.811781
vt 0.337389 0.825054
vt 0.337390 0.837028
vt 0.358067 0.797994
vt 0.342085 0.797994
vt 0.360535 0.798125
vt 0.362763 0.811781
vt 0.364530 0.824459
vt 0.364530 0.835896
vt 0.362762 0.846531
vt 0.337390 0.846531
vt 0.337389 0.811781
vt 0.339617 0.798125
vt 0.335622 0.824459
vt 0.335622 0.835896
vt 0.358066 0.785556
vt 0.342085 0.785556
vt 0.360535 0.785807
vt 0.362762 0.798507
vt 0.364530 0.811781
vt 0.335622 0.811781
vt 0.337389 0.798507
vt 0.339617 0.785807
vt 0.358067 0.775686
vt 0.342085 0.775686
vt 0.360535 0.776031
vt 0.362762 0.786533
vt 0.364530 0.799102
vt 0.335622 0.799102
vt 0.337390 0.786533
vt 0.339617 0.776031
vt 0.362762 0.777031
vt 0.364530 0.787665
vt 0.335622 0.787665
vt 0.337389 0.777031
vt 0.377055 0.844311
vt 0.377055 0.831873
vt 0.393037 0.831873
vt 0.393037 0.844311
vt 0.374587 0.844060
vt 0.374587 0.831742
vt 0.377055 0.818087
vt 0.393037 0.818087
vt 0.395505 0.844060
vt 0.395505 0.831742
vt 0.377055 0.854181
vt 0.393037 0.854181
vt 0.374587 0.853837
vt 0.372360 0.843334
vt 0.372359 0.831360
vt 0.374587 0.818087
vt 0.377055 0.804300
vt 0.393037 0.804300
vt 0.395505 0.818087
vt 0.395505 0.853837
vt 0.397732 0.843334
vt 0.397732 0.831360
vt 0.372360 0.852836
vt 0.370592 0.842202
vt 0.370592 0.830765
vt 0.372359 0.818087
vt 0.374587 0.804431
vt 0.377055 0.791862
vt 0.393037 0.791862
vt 0.395505 0.804431
vt 0.397733 0.818087
vt 0.397732 0.852836
vt 0.399500 0.842202
vt 0.399500 0.830765
vt 0.370592 0.818087
vt 0.372359 0.804813
vt 0.374587 0.792113
vt 0.377055 0.781992
vt 0.393037 0.781992
vt 0.395505 0.792113
vt 0.397732 0.804813
vt 0.399500 0.818087
vt 0.370592 0.805408
vt 0.372360 0.792839
vt 0.374587 0.782337
vt 0.395505 0.782337
vt 0.397732 0.792839
vt 0.399500 0.805408
vt 0.370592 0.793971
vt 0.372360 0.783337
vt 0.397732 0.783337
vt 0.399500 0.793971
vt 0.746536 0.815456
vt 0.741293 0.805166
vt 0.776350 0.793759
vt 0.738582 0.806020
vt 0.744217 0.817081
vt 0.739487 0.793759
vt 0.754701 0.823622
vt 0.736640 0.793759
vt 0.752994 0.825858
vt 0.736226 0.806791
vt 0.742215 0.818546
vt 0.741293 0.782353
vt 0.764990 0.828865
vt 0.734162 0.793759
vt 0.738582 0.781499
vt 0.764053 0.831494
vt 0.751544 0.827876
vt 0.734369 0.807402
vt 0.740639 0.819709
vt 0.746536 0.772063
vt 0.776350 0.830672
vt 0.732208 0.793759
vt 0.736226 0.780728
vt 0.744217 0.770438
vt 0.776313 0.833436
vt 0.763299 0.833865
vt 0.750405 0.829477
vt 0.754701 0.763897
vt 0.787710 0.828865
vt 0.734369 0.780117
vt 0.742215 0.768973
vt 0.752994 0.761661
vt 0.788572 0.831494
vt 0.776329 0.835929
vt 0.762711 0.835747
vt 0.764990 0.758654
vt 0.797999 0.823622
vt 0.740639 0.767809
vt 0.751544 0.759643
vt 0.764053 0.756025
vt 0.799632 0.825858
vt 0.789359 0.833865
vt 0.776353 0.837908
vt 0.776350 0.756847
vt 0.806164 0.815456
vt 0.750405 0.758042
vt 0.763299 0.753653
vt 0.776313 0.754083
vt 0.808409 0.817081
vt 0.801113 0.827876
vt 0.789994 0.835747
vt 0.787710 0.758654
vt 0.811407 0.805166
vt 0.762711 0.751771
vt 0.776329 0.751590
vt 0.788572 0.756025
vt 0.814044 0.806020
vt 0.810442 0.818546
vt 0.802301 0.829477
vt 0.797999 0.763897
vt 0.813213 0.793759
vt 0.776353 0.749611
vt 0.789359 0.753653
vt 0.799632 0.761661
vt 0.815986 0.793759
vt 0.816431 0.806791
vt 0.812067 0.819709
vt 0.806164 0.772063
vt 0.811407 0.782353
vt 0.789994 0.751771
vt 0.801113 0.759643
vt 0.808409 0.770438
vt 0.814044 0.781499
vt 0.818495 0.793759
vt 0.818337 0.807402
vt 0.802301 0.758042
vt 0.810442 0.768973
vt 0.816431 0.780728
vt 0.820498 0.793759
vt 0.812067 0.767809
vt 0.818337 0.780117
vt 0.647413 0.782353
vt 0.652655 0.772063
vt 0.682561 0.793760
vt 0.644868 0.781499
vt 0.650503 0.770438
vt 0.660820 0.763897
vt 0.645606 0.793760
vt 0.642926 0.793760
vt 0.642481 0.780728
vt 0.648470 0.768973
vt 0.659280 0.761661
vt 0.671109 0.758654
vt 0.647413 0.805166
vt 0.644868 0.806020
vt 0.640417 0.793760
vt 0.640575 0.780117
vt 0.646845 0.767810
vt 0.657799 0.759643
vt 0.670339 0.756025
vt 0.682561 0.756847
vt 0.652655 0.815456
vt 0.650503 0.817081
vt 0.642481 0.806791
vt 0.638414 0.793760
vt 0.656611 0.758042
vt 0.669553 0.753654
vt 0.682599 0.754083
vt 0.694013 0.758654
vt 0.660820 0.823622
vt 0.659280 0.825858
vt 0.648470 0.818546
vt 0.640575 0.807402
vt 0.668917 0.751772
vt 0.682583 0.751590
vt 0.694858 0.756025
vt 0.704302 0.763897
vt 0.671109 0.828865
vt 0.670339 0.831494
vt 0.657799 0.827876
vt 0.646845 0.819710
vt 0.682559 0.749611
vt 0.695613 0.753654
vt 0.705918 0.761661
vt 0.712467 0.772063
vt 0.682561 0.830672
vt 0.682599 0.833436
vt 0.669553 0.833865
vt 0.656611 0.829477
vt 0.696200 0.751772
vt 0.707368 0.759643
vt 0.714695 0.770438
vt 0.717710 0.782353
vt 0.694013 0.828865
vt 0.694858 0.831494
vt 0.682583 0.835929
vt 0.668917 0.835747
vt 0.708507 0.758042
vt 0.716696 0.768973
vt 0.720330 0.781499
vt 0.719516 0.793760
vt 0.704302 0.823622
vt 0.705918 0.825858
vt 0.695613 0.833865
vt 0.682559 0.837908
vt 0.718273 0.767810
vt 0.722686 0.780728
vt 0.722272 0.793760
vt 0.717710 0.805166
vt 0.712467 0.815456
vt 0.714695 0.817081
vt 0.707368 0.827876
vt 0.696200 0.835747
vt 0.724543 0.780117
vt 0.724749 0.793760
vt 0.720330 0.806020
vt 0.716696 0.818546
vt 0.708507 0.829477
vt 0.726704 0.793760
vt 0.722686 0.806791
vt 0.718273 0.819710
vt 0.724543 0.807402
vt 0.868920 0.869644
vt 0.869575 0.870929
vt 0.865190 0.872354
vt 0.869801 0.872354
vt 0.867900 0.868624
vt 0.869575 0.873779
vt 0.866615 0.867969
vt 0.868920 0.875064
vt 0.865190 0.867743
vt 0.867900 0.876084
vt 0.863765 0.867969
vt 0.866615 0.876739
vt 0.862480 0.868624
vt 0.865190 0.876965
vt 0.861460 0.869644
vt 0.863765 0.876739
vt 0.860805 0.870929
vt 0.862480 0.876084
vt 0.860579 0.872354
vt 0.861460 0.875064
vt 0.860805 0.873779
vt 0.854849 0.874086
vt 0.854194 0.875371
vt 0.850464 0.872661
vt 0.853174 0.876391
vt 0.855075 0.872661
vt 0.851889 0.877046
vt 0.854849 0.871236
vt 0.850464 0.877272
vt 0.854194 0.869951
vt 0.849040 0.877046
vt 0.853174 0.868931
vt 0.847754 0.876391
vt 0.851889 0.868276
vt 0.846734 0.875371
vt 0.850464 0.868050
vt 0.846079 0.874086
vt 0.849040 0.868276
vt 0.845854 0.872661
vt 0.847754 0.868931
vt 0.846079 0.871236
vt 0.846734 0.869951
vt 0.558948 0.815456
vt 0.553705 0.805166
vt 0.588762 0.793759
vt 0.550994 0.806020
vt 0.556629 0.817081
vt 0.551899 0.793759
vt 0.567113 0.823622
vt 0.549052 0.793759
vt 0.565406 0.825858
vt 0.548638 0.806791
vt 0.554628 0.818546
vt 0.553705 0.782353
vt 0.577402 0.828865
vt 0.546575 0.793759
vt 0.550994 0.781499
vt 0.576466 0.831494
vt 0.563956 0.827876
vt 0.546781 0.807402
vt 0.553051 0.819710
vt 0.558948 0.772063
vt 0.588762 0.830672
vt 0.544620 0.793759
vt 0.548638 0.780728
vt 0.556629 0.770438
vt 0.588725 0.833436
vt 0.575711 0.833865
vt 0.562817 0.829477
vt 0.567113 0.763897
vt 0.600122 0.828865
vt 0.546781 0.780117
vt 0.554628 0.768973
vt 0.565406 0.761661
vt 0.600985 0.831494
vt 0.588741 0.835929
vt 0.575124 0.835747
vt 0.577402 0.758654
vt 0.610411 0.823622
vt 0.553051 0.767810
vt 0.563956 0.759643
vt 0.576466 0.756025
vt 0.612044 0.825858
vt 0.601771 0.833865
vt 0.588765 0.837908
vt 0.588762 0.756847
vt 0.618576 0.815456
vt 0.562817 0.758042
vt 0.575711 0.753654
vt 0.588725 0.754083
vt 0.620821 0.817081
vt 0.613525 0.827876
vt 0.602407 0.835747
vt 0.600122 0.758654
vt 0.623819 0.805166
vt 0.575124 0.751772
vt 0.588741 0.751590
vt 0.600985 0.756025
vt 0.626456 0.806020
vt 0.622854 0.818546
vt 0.614713 0.829477
vt 0.610411 0.763897
vt 0.625625 0.793759
vt 0.588765 0.749611
vt 0.601771 0.753654
vt 0.612044 0.761661
vt 0.628398 0.793759
vt 0.628843 0.806791
vt 0.624479 0.819709
vt 0.618576 0.772063
vt 0.623819 0.782353
vt 0.602407 0.751772
vt 0.613525 0.759643
vt 0.620821 0.770438
vt 0.626456 0.781499
vt 0.630907 0.793759
vt 0.630749 0.807402
vt 0.614713 0.758042
vt 0.622854 0.768973
vt 0.628843 0.780728
vt 0.632910 0.793759
vt 0.624479 0.767810
vt 0.630749 0.780117
vt 0.459825 0.742592
vt 0.465067 0.732302
vt 0.494973 0.753999
vt 0.457280 0.741738
vt 0.462915 0.730677
vt 0.473233 0.724136
vt 0.458018 0.753999
vt 0.455338 0.753999
vt 0.454893 0.740967
vt 0.460882 0.729212
vt 0.471692 0.721900
vt 0.483522 0.718893
vt 0.459825 0.765405
vt 0.457280 0.766259
vt 0.452829 0.753999
vt 0.452987 0.740356
vt 0.459257 0.728048
vt 0.470211 0.719882
vt 0.482751 0.716264
vt 0.494973 0.717086
vt 0.465067 0.775695
vt 0.462915 0.777320
vt 0.454893 0.767030
vt 0.450826 0.753999
vt 0.469023 0.718281
vt 0.481965 0.713893
vt 0.495011 0.714322
vt 0.506425 0.718893
vt 0.473233 0.783861
vt 0.471692 0.786097
vt 0.460882 0.778785
vt 0.452987 0.767641
vt 0.481330 0.712011
vt 0.494995 0.711829
vt 0.507271 0.716264
vt 0.516714 0.724136
vt 0.483522 0.789104
vt 0.482752 0.791733
vt 0.470211 0.788115
vt 0.459257 0.779948
vt 0.494971 0.709850
vt 0.508026 0.713893
vt 0.518330 0.721900
vt 0.524880 0.732302
vt 0.494973 0.790911
vt 0.495011 0.793675
vt 0.481965 0.794104
vt 0.469023 0.789716
vt 0.508613 0.712011
vt 0.519780 0.719882
vt 0.527107 0.730677
vt 0.530122 0.742592
vt 0.506425 0.789104
vt 0.507271 0.791733
vt 0.494995 0.796168
vt 0.481330 0.795987
vt 0.520919 0.718281
vt 0.529109 0.729212
vt 0.532742 0.741738
vt 0.531929 0.753999
vt 0.516714 0.783861
vt 0.518330 0.786097
vt 0.508025 0.794104
vt 0.494971 0.798147
vt 0.530685 0.728048
vt 0.535098 0.740967
vt 0.534684 0.753999
vt 0.530122 0.765405
vt 0.524880 0.775695
vt 0.527107 0.777320
vt 0.519780 0.788115
vt 0.508613 0.795987
vt 0.536955 0.740356
vt 0.537162 0.753999
vt 0.532742 0.766259
vt 0.529109 0.778785
vt 0.520919 0.789716
vt 0.539116 0.753999
vt 0.535098 0.767030
vt 0.530685 0.779948
vt 0.536955 0.767641
vt 0.851430 0.850161
vt 0.857740 0.850161
vt 0.857740 0.864162
vt 0.851430 0.864162
vt 0.863669 0.850161
vt 0.869980 0.850161
vt 0.869980 0.864162
vt 0.863669 0.864162
vt 0.729035 0.950367
vt 0.735345 0.950367
vt 0.735345 0.965541
vt 0.729035 0.965541
vt 0.736677 0.950367
vt 0.736677 0.965541
vt 0.758342 0.950394
vt 0.764653 0.950394
vt 0.764653 0.965569
vt 0.758342 0.965569
vt 0.757011 0.965569
vt 0.757011 0.950394
vt 0.367095 0.903371
vt 0.373406 0.903371
vt 0.373406 0.918545
vt 0.367095 0.918545
vt 0.373406 0.922539
vt 0.367095 0.922539
vt 0.770999 0.950403
vt 0.777309 0.950403
vt 0.777309 0.965578
vt 0.770999 0.965578
vt 0.715708 0.975492
vt 0.715708 0.969182
vt 0.719702 0.969182
vt 0.719702 0.975492
vt 0.062856 0.907368
vt 0.062856 0.893366
vt 0.069829 0.893366
vt 0.067746 0.907368
vt 0.062856 0.922542
vt 0.064188 0.922542
vt 0.083817 0.893515
vt 0.083817 0.907516
vt 0.078927 0.907516
vt 0.076844 0.893515
vt 0.083817 0.922691
vt 0.082485 0.922691
vt 0.090832 0.908064
vt 0.090832 0.894063
vt 0.097805 0.894063
vt 0.095722 0.908064
vt 0.090832 0.923239
vt 0.092164 0.923239
vt 0.027690 0.892885
vt 0.027690 0.906887
vt 0.022801 0.906887
vt 0.020717 0.892885
vt 0.027690 0.922062
vt 0.026358 0.922062
vt 0.027690 0.926055
vt 0.026358 0.926055
vt 0.466700 0.945094
vt 0.466700 0.941100
vt 0.468032 0.941100
vt 0.468032 0.945094
vt 0.737474 0.975490
vt 0.736826 0.974590
vt 0.738931 0.972787
vt 0.736383 0.973515
vt 0.738264 0.976125
vt 0.736191 0.972368
vt 0.739120 0.976433
vt 0.736266 0.971262
vt 0.739958 0.976384
vt 0.736603 0.970305
vt 0.740695 0.975983
vt 0.737167 0.969592
vt 0.741259 0.975270
vt 0.737904 0.969191
vt 0.741595 0.974313
vt 0.738741 0.969142
vt 0.741671 0.973208
vt 0.739597 0.969451
vt 0.741478 0.972061
vt 0.740388 0.970086
vt 0.741036 0.970985
vt 0.730052 0.974630
vt 0.729404 0.975529
vt 0.727946 0.972827
vt 0.728613 0.976164
vt 0.730494 0.973554
vt 0.727757 0.976472
vt 0.730686 0.972407
vt 0.726919 0.976423
vt 0.730611 0.971301
vt 0.726182 0.976023
vt 0.730275 0.970344
vt 0.725618 0.975309
vt 0.729710 0.969631
vt 0.725282 0.974353
vt 0.728973 0.969230
vt 0.725206 0.973247
vt 0.728136 0.969182
vt 0.725399 0.972100
vt 0.727280 0.969490
vt 0.725841 0.971024
vt 0.726489 0.970125
vt 0.776969 0.520135
vt 0.764481 0.525501
vt 0.764464 0.511742
vt 0.776966 0.506706
vt 0.760270 0.527087
vt 0.760254 0.513229
vt 0.764447 0.497983
vt 0.776964 0.493276
vt 0.756059 0.528673
vt 0.756044 0.514716
vt 0.760238 0.499371
vt 0.764430 0.484225
vt 0.776962 0.479847
vt 0.751847 0.530259
vt 0.751833 0.516203
vt 0.760222 0.485514
vt 0.764413 0.470466
vt 0.776959 0.466417
vt 0.747636 0.531845
vt 0.747623 0.517690
vt 0.760206 0.471656
vt 0.764396 0.456708
vt 0.776957 0.452988
vt 0.743425 0.533431
vt 0.743413 0.519177
vt 0.760190 0.457798
vt 0.764378 0.442949
vt 0.776955 0.439559
vt 0.739213 0.535017
vt 0.739203 0.520664
vt 0.760174 0.443940
vt 0.764361 0.429191
vt 0.776952 0.426129
vt 0.735002 0.536603
vt 0.734992 0.522151
vt 0.760157 0.430083
vt 0.764344 0.415432
vt 0.776950 0.412700
vt 0.730791 0.538189
vt 0.730782 0.523638
vt 0.755969 0.444932
vt 0.755954 0.430975
vt 0.760141 0.416225
vt 0.764327 0.401673
vt 0.776948 0.399270
vt 0.726579 0.539775
vt 0.726572 0.525125
vt 0.751764 0.445923
vt 0.751750 0.431867
vt 0.755939 0.417018
vt 0.760125 0.402367
vt 0.764310 0.387915
vt 0.776945 0.385841
vt 0.722368 0.541361
vt 0.722361 0.526612
vt 0.747559 0.446914
vt 0.747546 0.432759
vt 0.751736 0.417811
vt 0.760109 0.388510
vt 0.764293 0.374156
vt 0.776943 0.372411
vt 0.718157 0.542947
vt 0.718151 0.528098
vt 0.743354 0.447906
vt 0.743342 0.433651
vt 0.747533 0.418604
vt 0.760093 0.374652
vt 0.764276 0.360398
vt 0.776941 0.358982
vt 0.713945 0.544534
vt 0.713941 0.529585
vt 0.739149 0.448897
vt 0.739138 0.434543
vt 0.743330 0.419397
vt 0.760077 0.360794
vt 0.764259 0.346639
vt 0.776938 0.345552
vt 0.709734 0.546120
vt 0.709731 0.531072
vt 0.718146 0.513249
vt 0.713937 0.514637
vt 0.734944 0.449888
vt 0.734934 0.435436
vt 0.739127 0.420190
vt 0.760061 0.346936
vt 0.764241 0.332880
vt 0.776936 0.332123
vt 0.705522 0.547706
vt 0.705520 0.532559
vt 0.709727 0.516025
vt 0.718140 0.498400
vt 0.713932 0.499689
vt 0.730739 0.450879
vt 0.730731 0.436328
vt 0.734925 0.420983
vt 0.760045 0.333079
vt 0.764224 0.319122
vt 0.776934 0.318693
vt 0.701311 0.549292
vt 0.701310 0.534046
vt 0.709724 0.500978
vt 0.718135 0.483551
vt 0.713928 0.484741
vt 0.726534 0.451871
vt 0.726527 0.437220
vt 0.730722 0.421776
vt 0.760029 0.319221
vt 0.763686 0.310948
vt 0.776163 0.313512
vt 0.697100 0.550878
vt 0.697100 0.535533
vt 0.705518 0.517413
vt 0.705516 0.502266
vt 0.709721 0.485931
vt 0.718130 0.468702
vt 0.713924 0.469793
vt 0.722329 0.452862
vt 0.722323 0.438112
vt 0.726519 0.422569
vt 0.755849 0.333277
vt 0.755834 0.319320
vt 0.759580 0.310071
vt 0.705514 0.487120
vt 0.709718 0.470883
vt 0.718124 0.453853
vt 0.713920 0.454845
vt 0.718119 0.439004
vt 0.722317 0.423362
vt 0.751652 0.333475
vt 0.751638 0.319419
vt 0.755474 0.309194
vt 0.705512 0.471974
vt 0.709715 0.455836
vt 0.713915 0.439897
vt 0.718114 0.424155
vt 0.747456 0.333673
vt 0.747443 0.319518
vt 0.751368 0.308317
vt 0.701307 0.488310
vt 0.701306 0.473064
vt 0.705510 0.456827
vt 0.709711 0.440789
vt 0.713911 0.424948
vt 0.743260 0.333872
vt 0.743248 0.319617
vt 0.747262 0.307440
vt 0.697100 0.489499
vt 0.697100 0.474154
vt 0.701305 0.457819
vt 0.705508 0.441681
vt 0.709708 0.425741
vt 0.718108 0.409306
vt 0.713907 0.410000
vt 0.739063 0.334070
vt 0.739053 0.319717
vt 0.743156 0.306563
vt 0.697100 0.458810
vt 0.701304 0.442573
vt 0.705505 0.426534
vt 0.709705 0.410694
vt 0.718103 0.394457
vt 0.713902 0.395052
vt 0.734867 0.334268
vt 0.734857 0.319816
vt 0.739050 0.305686
vt 0.697100 0.443465
vt 0.701303 0.427328
vt 0.705503 0.411388
vt 0.709702 0.395647
vt 0.718098 0.379608
vt 0.713898 0.380104
vt 0.730671 0.334466
vt 0.730662 0.319915
vt 0.734944 0.304808
vt 0.697100 0.428120
vt 0.701302 0.412082
vt 0.705501 0.396242
vt 0.709698 0.380600
vt 0.718092 0.364759
vt 0.713894 0.365156
vt 0.726474 0.334665
vt 0.726467 0.320014
vt 0.730838 0.303931
vt 0.697100 0.412776
vt 0.701300 0.396836
vt 0.705499 0.381095
vt 0.709695 0.365552
vt 0.718087 0.349910
vt 0.713889 0.350208
vt 0.722278 0.334863
vt 0.722271 0.320113
vt 0.726732 0.303054
vt 0.697100 0.397431
vt 0.705497 0.365949
vt 0.709692 0.350505
vt 0.718082 0.335061
vt 0.713885 0.335259
vt 0.718076 0.320212
vt 0.722626 0.302177
vt 0.701299 0.381591
vt 0.697100 0.382087
vt 0.705495 0.350802
vt 0.709689 0.335458
vt 0.713881 0.320311
vt 0.718520 0.301300
vt 0.705492 0.335656
vt 0.709686 0.320410
vt 0.714414 0.300423
vt 0.705490 0.320510
vt 0.710308 0.299546
vt 0.706202 0.298668
vt 0.679108 0.427319
vt 0.691596 0.429897
vt 0.691593 0.443594
vt 0.679091 0.441077
vt 0.691591 0.457191
vt 0.679074 0.454836
vt 0.674881 0.439590
vt 0.674897 0.425733
vt 0.691589 0.470789
vt 0.679057 0.468595
vt 0.674865 0.453448
vt 0.670670 0.438104
vt 0.670685 0.424147
vt 0.691586 0.484386
vt 0.679040 0.482353
vt 0.674849 0.467306
vt 0.666460 0.436617
vt 0.666474 0.422561
vt 0.691584 0.497983
vt 0.679022 0.496112
vt 0.674832 0.481164
vt 0.662250 0.435130
vt 0.662263 0.420974
vt 0.691582 0.511581
vt 0.679005 0.509870
vt 0.674816 0.495021
vt 0.658040 0.433643
vt 0.658051 0.419389
vt 0.691579 0.525178
vt 0.678988 0.523629
vt 0.674800 0.508879
vt 0.653829 0.432156
vt 0.653840 0.417802
vt 0.691577 0.538776
vt 0.678971 0.537388
vt 0.674784 0.522737
vt 0.649619 0.430669
vt 0.649629 0.416216
vt 0.691575 0.552373
vt 0.678954 0.551146
vt 0.674768 0.536595
vt 0.670580 0.521845
vt 0.670595 0.507888
vt 0.645409 0.429182
vt 0.645417 0.414630
vt 0.691572 0.565971
vt 0.678937 0.564905
vt 0.674752 0.550452
vt 0.670565 0.535801
vt 0.666377 0.520952
vt 0.666391 0.506896
vt 0.641199 0.427695
vt 0.641206 0.413044
vt 0.691570 0.579568
vt 0.678920 0.578663
vt 0.674736 0.564310
vt 0.666363 0.535008
vt 0.662173 0.520060
vt 0.662186 0.505905
vt 0.636988 0.426208
vt 0.636995 0.411458
vt 0.691568 0.593166
vt 0.678902 0.592422
vt 0.674720 0.578168
vt 0.662160 0.534215
vt 0.657969 0.519168
vt 0.657981 0.504914
vt 0.632778 0.424721
vt 0.632783 0.409872
vt 0.691565 0.606763
vt 0.678885 0.606181
vt 0.674704 0.592026
vt 0.657957 0.533422
vt 0.653765 0.518276
vt 0.653776 0.503923
vt 0.628568 0.423234
vt 0.628572 0.408286
vt 0.691563 0.620361
vt 0.678868 0.619939
vt 0.674688 0.605883
vt 0.653754 0.532629
vt 0.649561 0.517384
vt 0.649571 0.502931
vt 0.624357 0.421747
vt 0.624361 0.406700
vt 0.628563 0.438182
vt 0.632773 0.439570
vt 0.691561 0.633958
vt 0.678851 0.633698
vt 0.674672 0.619741
vt 0.649552 0.531836
vt 0.645357 0.516492
vt 0.645366 0.501940
vt 0.620147 0.420260
vt 0.620149 0.405114
vt 0.624354 0.436794
vt 0.628559 0.453130
vt 0.632767 0.454419
vt 0.690790 0.639307
vt 0.678313 0.641871
vt 0.674656 0.633599
vt 0.645349 0.531043
vt 0.641154 0.515599
vt 0.641161 0.500949
vt 0.615937 0.418773
vt 0.615938 0.403528
vt 0.624351 0.451842
vt 0.628555 0.468078
vt 0.632762 0.469268
vt 0.674207 0.642748
vt 0.670460 0.633500
vt 0.670475 0.619543
vt 0.641146 0.530250
vt 0.636950 0.514707
vt 0.636956 0.499957
vt 0.611727 0.417286
vt 0.611727 0.401942
vt 0.620143 0.450553
vt 0.620145 0.435407
vt 0.624348 0.466889
vt 0.628551 0.483027
vt 0.632757 0.484117
vt 0.670101 0.643626
vt 0.666265 0.633400
vt 0.666279 0.619344
vt 0.636943 0.529457
vt 0.632746 0.513815
vt 0.632751 0.498966
vt 0.620141 0.465699
vt 0.624345 0.481936
vt 0.628546 0.497975
vt 0.665995 0.644503
vt 0.662070 0.633301
vt 0.662083 0.619146
vt 0.632740 0.528664
vt 0.628542 0.512923
vt 0.620139 0.480846
vt 0.624341 0.496984
vt 0.661889 0.645380
vt 0.657875 0.633202
vt 0.657886 0.618948
vt 0.628538 0.527871
vt 0.624338 0.512031
vt 0.615933 0.479755
vt 0.615934 0.464510
vt 0.620136 0.495992
vt 0.657783 0.646257
vt 0.653679 0.633103
vt 0.653690 0.618750
vt 0.624335 0.527078
vt 0.628533 0.542819
vt 0.632735 0.543513
vt 0.620134 0.511139
vt 0.611727 0.478665
vt 0.611727 0.463320
vt 0.615932 0.495001
vt 0.653677 0.647134
vt 0.649484 0.633004
vt 0.649494 0.618551
vt 0.620132 0.526285
vt 0.624332 0.542125
vt 0.628529 0.557768
vt 0.632730 0.558362
vt 0.615930 0.510247
vt 0.611727 0.494010
vt 0.649571 0.648011
vt 0.645289 0.632905
vt 0.645297 0.618353
vt 0.615929 0.525492
vt 0.620130 0.541431
vt 0.624328 0.557173
vt 0.628525 0.572716
vt 0.632724 0.573211
vt 0.611727 0.509354
vt 0.645465 0.648888
vt 0.641094 0.632806
vt 0.641101 0.618155
vt 0.611727 0.524699
vt 0.615928 0.540738
vt 0.620128 0.556578
vt 0.624325 0.572220
vt 0.628520 0.587664
vt 0.632719 0.588060
vt 0.641359 0.649765
vt 0.636898 0.632707
vt 0.636905 0.617957
vt 0.611727 0.540044
vt 0.615927 0.555983
vt 0.620126 0.571724
vt 0.624322 0.587267
vt 0.628516 0.602612
vt 0.632714 0.602909
vt 0.637253 0.650643
vt 0.632703 0.632607
vt 0.632708 0.617758
vt 0.611727 0.555388
vt 0.620124 0.586871
vt 0.624319 0.602315
vt 0.628512 0.617560
vt 0.633146 0.651520
vt 0.628508 0.632508
vt 0.611727 0.570733
vt 0.615926 0.571229
vt 0.620121 0.602017
vt 0.624316 0.617362
vt 0.629040 0.652397
vt 0.624312 0.632409
vt 0.620119 0.617164
vt 0.624934 0.653274
vt 0.620117 0.632310
vt 0.620828 0.654151
vt 0.523234 0.972060
vt 0.527846 0.972059
vt 0.527746 0.976625
vt 0.523133 0.976625
vt 0.524155 0.977620
vt 0.526855 0.977621
vt 0.533351 0.972091
vt 0.537289 0.972092
vt 0.537291 0.976657
vt 0.533353 0.976657
vt 0.535949 0.977652
vt 0.533979 0.977653
vt 0.066950 0.751283
vt 0.070736 0.751279
vt 0.072308 0.755468
vt 0.068558 0.755472
vt 0.065342 0.747095
vt 0.069165 0.747091
vt 0.071409 0.751122
vt 0.072996 0.755341
vt 0.074090 0.767635
vt 0.077332 0.767635
vt 0.066240 0.751135
vt 0.067863 0.755356
vt 0.063733 0.742906
vt 0.067593 0.742902
vt 0.069823 0.746902
vt 0.064616 0.746915
vt 0.078263 0.767981
vt 0.073650 0.767981
vt 0.062125 0.738717
vt 0.066022 0.738713
vt 0.068237 0.742682
vt 0.062993 0.742694
vt 0.060517 0.734528
vt 0.064451 0.734525
vt 0.066651 0.738463
vt 0.061370 0.738474
vt 0.058908 0.730339
vt 0.062879 0.730336
vt 0.065065 0.734243
vt 0.059747 0.734253
vt 0.057300 0.726150
vt 0.061308 0.726148
vt 0.063479 0.730023
vt 0.058124 0.730032
vt 0.055692 0.721961
vt 0.059737 0.721959
vt 0.061893 0.725803
vt 0.056501 0.725812
vt 0.054084 0.717772
vt 0.058165 0.717771
vt 0.060306 0.721584
vt 0.054878 0.721591
vt 0.052475 0.713583
vt 0.056594 0.713582
vt 0.058720 0.717364
vt 0.053254 0.717370
vt 0.050867 0.709394
vt 0.055022 0.709393
vt 0.057134 0.713144
vt 0.051631 0.713150
vt 0.049259 0.705205
vt 0.053451 0.705205
vt 0.055548 0.708925
vt 0.050008 0.708929
vt 0.047650 0.701016
vt 0.051880 0.701016
vt 0.053962 0.704705
vt 0.048385 0.704709
vt 0.046042 0.696827
vt 0.050308 0.696828
vt 0.052376 0.700485
vt 0.046762 0.700488
vt 0.044434 0.692638
vt 0.048737 0.692639
vt 0.050789 0.696265
vt 0.045139 0.696267
vt 0.042825 0.688449
vt 0.047166 0.688450
vt 0.049203 0.692046
vt 0.043516 0.692047
vt 0.047617 0.687826
vt 0.041892 0.687826
vt 0.090194 0.759426
vt 0.086747 0.771346
vt 0.085230 0.771357
vt 0.087605 0.759423
vt 0.091482 0.759167
vt 0.087706 0.771995
vt 0.083768 0.771997
vt 0.086349 0.759172
vt 0.089166 0.755252
vt 0.091787 0.755255
vt 0.093105 0.754936
vt 0.087935 0.754940
vt 0.090728 0.751081
vt 0.093380 0.751084
vt 0.094728 0.750705
vt 0.089521 0.750709
vt 0.092290 0.746910
vt 0.094973 0.746912
vt 0.096351 0.746474
vt 0.091107 0.746478
vt 0.093851 0.742738
vt 0.096566 0.742741
vt 0.097975 0.742243
vt 0.092694 0.742247
vt 0.095413 0.738567
vt 0.098159 0.738570
vt 0.099598 0.738012
vt 0.094280 0.738016
vt 0.096975 0.734396
vt 0.099752 0.734399
vt 0.101221 0.733782
vt 0.095866 0.733784
vt 0.098536 0.730225
vt 0.101345 0.730228
vt 0.102844 0.729551
vt 0.097453 0.729553
vt 0.100098 0.726054
vt 0.102938 0.726056
vt 0.104468 0.725320
vt 0.099039 0.725322
vt 0.101660 0.721883
vt 0.104531 0.721885
vt 0.106091 0.721089
vt 0.100625 0.721091
vt 0.103222 0.717712
vt 0.106124 0.717714
vt 0.107714 0.716858
vt 0.102211 0.716860
vt 0.104783 0.713541
vt 0.107717 0.713543
vt 0.109337 0.712627
vt 0.103798 0.712628
vt 0.106345 0.709370
vt 0.109310 0.709372
vt 0.110961 0.708396
vt 0.105384 0.708397
vt 0.107907 0.705199
vt 0.110904 0.705200
vt 0.112584 0.704165
vt 0.106970 0.704166
vt 0.109468 0.701027
vt 0.112497 0.701029
vt 0.114207 0.699934
vt 0.108556 0.699935
vt 0.111030 0.696856
vt 0.114090 0.696858
vt 0.115830 0.695703
vt 0.110143 0.695704
vt 0.112592 0.692685
vt 0.115683 0.692687
vt 0.117454 0.691472
vt 0.111729 0.691472
vt 0.255191 0.651644
vt 0.255191 0.636300
vt 0.259386 0.636399
vt 0.259385 0.651644
vt 0.255191 0.620955
vt 0.259387 0.621153
vt 0.263582 0.636498
vt 0.263579 0.651644
vt 0.255191 0.605610
vt 0.259388 0.605908
vt 0.263584 0.621351
vt 0.264293 0.658396
vt 0.260187 0.659273
vt 0.255191 0.590266
vt 0.259390 0.590662
vt 0.263586 0.606205
vt 0.255191 0.574921
vt 0.259391 0.575417
vt 0.263588 0.591059
vt 0.263590 0.575912
vt 0.259392 0.560171
vt 0.263592 0.560766
vt 0.867249 0.842526
vt 0.867249 0.827181
vt 0.871457 0.828470
vt 0.871456 0.843715
vt 0.867249 0.811836
vt 0.871458 0.813224
vt 0.875665 0.829758
vt 0.875663 0.844905
vt 0.867249 0.796492
vt 0.871459 0.797979
vt 0.875667 0.814612
vt 0.875669 0.799466
vt 0.879879 0.800952
vt 0.879876 0.816000
vt 0.853323 0.829847
vt 0.853324 0.845093
vt 0.849114 0.846580
vt 0.849114 0.831235
vt 0.857532 0.828460
vt 0.857534 0.843606
vt 0.853322 0.814602
vt 0.849114 0.815890
vt 0.861741 0.827072
vt 0.861744 0.842119
vt 0.857530 0.813313
vt 0.853321 0.799356
vt 0.849114 0.800546
vt 0.857528 0.798167
vt 0.275126 0.628969
vt 0.275127 0.644215
vt 0.270928 0.644711
vt 0.270928 0.629366
vt 0.279325 0.628573
vt 0.279327 0.643719
vt 0.275125 0.613724
vt 0.270928 0.614021
vt 0.279329 0.658866
vt 0.275128 0.659461
vt 0.279322 0.613427
vt 0.275124 0.598478
vt 0.270928 0.598677
vt 0.279320 0.598280
vt 0.275123 0.583233
vt 0.270928 0.583332
vt 0.279318 0.583134
vt 0.275122 0.567987
vt 0.270928 0.567987
vt 0.279316 0.567987
vt 0.275923 0.560359
vt 0.280029 0.561236
vt 0.472005 0.704286
vt 0.472010 0.689437
vt 0.476208 0.689735
vt 0.476201 0.704484
vt 0.472016 0.674588
vt 0.476214 0.674985
vt 0.480405 0.690032
vt 0.480398 0.704683
vt 0.472021 0.659739
vt 0.476221 0.660235
vt 0.480413 0.675381
vt 0.484603 0.690329
vt 0.484594 0.704881
vt 0.472027 0.644890
vt 0.476227 0.645485
vt 0.480420 0.660730
vt 0.484611 0.675778
vt 0.488800 0.690627
vt 0.488790 0.705079
vt 0.472032 0.630041
vt 0.476234 0.630735
vt 0.480428 0.646080
vt 0.484620 0.661226
vt 0.488810 0.676174
vt 0.492998 0.690924
vt 0.492987 0.705277
vt 0.472037 0.615192
vt 0.476240 0.615985
vt 0.480435 0.631429
vt 0.484628 0.646674
vt 0.488819 0.661722
vt 0.493008 0.676571
vt 0.497195 0.691221
vt 0.497183 0.705476
vt 0.480443 0.616778
vt 0.484637 0.632123
vt 0.488829 0.647269
vt 0.493019 0.662217
vt 0.497207 0.676967
vt 0.501392 0.691519
vt 0.501379 0.705674
vt 0.484646 0.617571
vt 0.488839 0.632817
vt 0.493030 0.647864
vt 0.497218 0.662713
vt 0.501405 0.677364
vt 0.505590 0.691816
vt 0.505576 0.705872
vt 0.488848 0.618364
vt 0.493040 0.633510
vt 0.497230 0.648459
vt 0.501418 0.663209
vt 0.505604 0.677760
vt 0.509787 0.692114
vt 0.509772 0.706070
vt 0.493051 0.619157
vt 0.497242 0.634204
vt 0.501431 0.649053
vt 0.505618 0.663704
vt 0.509802 0.678157
vt 0.513985 0.692411
vt 0.513968 0.706269
vt 0.497254 0.619950
vt 0.501444 0.634898
vt 0.505632 0.649648
vt 0.509817 0.664200
vt 0.514001 0.678553
vt 0.501457 0.620743
vt 0.505646 0.635592
vt 0.509832 0.650243
vt 0.514017 0.664696
vt 0.505659 0.621536
vt 0.509847 0.636286
vt 0.514033 0.650838
vt 0.509862 0.622329
vt 0.514049 0.636980
vt 0.514065 0.623122
vt 0.372592 0.768498
vt 0.372597 0.753649
vt 0.376803 0.754739
vt 0.376797 0.769489
vt 0.372603 0.738800
vt 0.376810 0.739990
vt 0.381009 0.755830
vt 0.381002 0.770481
vt 0.372608 0.723951
vt 0.376816 0.725240
vt 0.381017 0.741179
vt 0.385215 0.756920
vt 0.385207 0.771472
vt 0.372613 0.709102
vt 0.376822 0.710490
vt 0.381024 0.726528
vt 0.385224 0.742369
vt 0.389421 0.758011
vt 0.389412 0.772463
vt 0.372619 0.694253
vt 0.376829 0.695740
vt 0.381032 0.711877
vt 0.385232 0.727817
vt 0.389431 0.743558
vt 0.393627 0.759101
vt 0.393616 0.773454
vt 0.381039 0.697227
vt 0.385241 0.713265
vt 0.389440 0.729106
vt 0.393638 0.744748
vt 0.397833 0.760192
vt 0.397821 0.774446
vt 0.385249 0.698714
vt 0.389450 0.714653
vt 0.393649 0.730394
vt 0.397845 0.745937
vt 0.402039 0.761282
vt 0.402026 0.775437
vt 0.389460 0.700201
vt 0.393659 0.716041
vt 0.397857 0.731683
vt 0.402052 0.747127
vt 0.406245 0.762372
vt 0.406231 0.776428
vt 0.393670 0.701688
vt 0.397869 0.717429
vt 0.402065 0.732972
vt 0.406259 0.748316
vt 0.410451 0.763463
vt 0.410436 0.777420
vt 0.397880 0.703175
vt 0.402078 0.718817
vt 0.406273 0.734260
vt 0.410466 0.749506
vt 0.414657 0.764553
vt 0.414641 0.778411
vt 0.402091 0.704661
vt 0.406287 0.720204
vt 0.410481 0.735549
vt 0.414673 0.750696
vt 0.406301 0.706148
vt 0.410496 0.721592
vt 0.414689 0.736838
vt 0.410511 0.707635
vt 0.414705 0.722980
vt 0.414721 0.709122
vt 0.329189 0.755868
vt 0.329195 0.770618
vt 0.324985 0.772105
vt 0.324979 0.757256
vt 0.333398 0.754481
vt 0.333405 0.769131
vt 0.329182 0.741118
vt 0.324974 0.742407
vt 0.337607 0.753093
vt 0.337616 0.767644
vt 0.333390 0.739830
vt 0.329176 0.726369
vt 0.324969 0.727558
vt 0.341816 0.751705
vt 0.341826 0.766157
vt 0.337599 0.738541
vt 0.333383 0.725179
vt 0.329169 0.711619
vt 0.324963 0.712709
vt 0.346025 0.750317
vt 0.346036 0.764670
vt 0.341807 0.737252
vt 0.337590 0.723989
vt 0.333375 0.710528
vt 0.329163 0.696869
vt 0.324958 0.697860
vt 0.350235 0.748929
vt 0.350246 0.763183
vt 0.346015 0.735964
vt 0.341797 0.722800
vt 0.337581 0.709438
vt 0.333368 0.695877
vt 0.354444 0.747541
vt 0.354457 0.761696
vt 0.350223 0.734675
vt 0.346004 0.721610
vt 0.341787 0.708347
vt 0.337573 0.694886
vt 0.358653 0.746154
vt 0.358667 0.760210
vt 0.354431 0.733386
vt 0.350211 0.720421
vt 0.345993 0.707257
vt 0.341778 0.693895
vt 0.362862 0.744766
vt 0.362877 0.758723
vt 0.358639 0.732098
vt 0.354418 0.719231
vt 0.350199 0.706167
vt 0.345983 0.692904
vt 0.367071 0.743378
vt 0.367088 0.757236
vt 0.362847 0.730809
vt 0.358625 0.718042
vt 0.354405 0.705076
vt 0.350187 0.691912
vt 0.367055 0.729520
vt 0.362832 0.716852
vt 0.358611 0.703986
vt 0.354392 0.690921
vt 0.367039 0.715663
vt 0.362817 0.702895
vt 0.358597 0.689930
vt 0.367023 0.701805
vt 0.362802 0.688938
vt 0.367007 0.687947
vt 0.525192 0.690726
vt 0.525198 0.705476
vt 0.520995 0.706269
vt 0.520990 0.691420
vt 0.529393 0.690032
vt 0.529401 0.704683
vt 0.525185 0.675976
vt 0.520984 0.676571
vt 0.533595 0.689338
vt 0.533603 0.703889
vt 0.529386 0.675381
vt 0.525179 0.661226
vt 0.520979 0.661722
vt 0.537797 0.688644
vt 0.537806 0.703097
vt 0.533586 0.674786
vt 0.529378 0.660730
vt 0.525172 0.646476
vt 0.520974 0.646873
vt 0.541998 0.687950
vt 0.542009 0.702303
vt 0.537787 0.674191
vt 0.533578 0.660235
vt 0.529371 0.646080
vt 0.525166 0.631726
vt 0.520968 0.632023
vt 0.546200 0.687256
vt 0.546212 0.701510
vt 0.541988 0.673597
vt 0.537777 0.659739
vt 0.533569 0.645683
vt 0.529363 0.631429
vt 0.525159 0.616976
vt 0.520963 0.617175
vt 0.550402 0.686562
vt 0.550415 0.700717
vt 0.546188 0.673002
vt 0.541977 0.659243
vt 0.537768 0.645287
vt 0.533561 0.631131
vt 0.529356 0.616778
vt 0.554603 0.685868
vt 0.554617 0.699924
vt 0.550389 0.672407
vt 0.546176 0.658748
vt 0.541966 0.644890
vt 0.537758 0.630834
vt 0.533552 0.616580
vt 0.558805 0.685174
vt 0.558820 0.699131
vt 0.554589 0.671812
vt 0.550376 0.658252
vt 0.546165 0.644493
vt 0.541955 0.630537
vt 0.537748 0.616381
vt 0.563007 0.684481
vt 0.563023 0.698338
vt 0.558790 0.671218
vt 0.554576 0.657756
vt 0.550363 0.644097
vt 0.546153 0.630239
vt 0.541945 0.616183
vt 0.562991 0.670623
vt 0.558775 0.657261
vt 0.554562 0.643700
vt 0.550350 0.629942
vt 0.546141 0.615985
vt 0.562975 0.656765
vt 0.558760 0.643304
vt 0.554548 0.629644
vt 0.550337 0.615787
vt 0.562959 0.642907
vt 0.558745 0.629347
vt 0.554534 0.615588
vt 0.562943 0.629050
vt 0.558730 0.615390
vt 0.562926 0.615192
vt 0.774095 0.976612
vt 0.768282 0.969215
vt 0.768282 0.969159
vt 0.773311 0.969159
vt 0.756965 0.976547
vt 0.762778 0.969150
vt 0.761993 0.976604
vt 0.756965 0.976604
vt 0.452075 0.808044
vt 0.451023 0.803121
vt 0.457880 0.801728
vt 0.458932 0.806651
vt 0.453126 0.812968
vt 0.459983 0.811574
vt 0.454178 0.817891
vt 0.461035 0.816498
vt 0.455230 0.822814
vt 0.462087 0.821421
vt 0.456281 0.827737
vt 0.463138 0.826344
vt 0.457333 0.832660
vt 0.464190 0.831267
vt 0.458385 0.837583
vt 0.465242 0.836190
vt 0.459436 0.842506
vt 0.466293 0.841113
vt 0.460488 0.847429
vt 0.467345 0.846036
vt 0.461540 0.852352
vt 0.468397 0.850959
vt 0.462592 0.857275
vt 0.469448 0.855882
vt 0.463643 0.862198
vt 0.470500 0.860805
vt 0.464695 0.867122
vt 0.471552 0.865728
vt 0.497779 0.803121
vt 0.496727 0.808044
vt 0.489871 0.806651
vt 0.490922 0.801728
vt 0.495676 0.812968
vt 0.488819 0.811574
vt 0.494624 0.817891
vt 0.487767 0.816497
vt 0.493573 0.822814
vt 0.486716 0.821421
vt 0.492521 0.827737
vt 0.485664 0.826344
vt 0.491469 0.832660
vt 0.484612 0.831267
vt 0.490417 0.837583
vt 0.483561 0.836190
vt 0.489366 0.842506
vt 0.482509 0.841113
vt 0.488314 0.847429
vt 0.481457 0.846036
vt 0.487262 0.852352
vt 0.480406 0.850959
vt 0.486211 0.857275
vt 0.479354 0.855882
vt 0.485159 0.862198
vt 0.478302 0.860805
vt 0.484107 0.867122
vt 0.477251 0.865728
vt 0.614381 0.236027
vt 0.602868 0.236259
vt 0.600425 0.205358
vt 0.611036 0.205276
vt 0.615051 0.262983
vt 0.603250 0.263948
vt 0.585872 0.236600
vt 0.584760 0.205478
vt 0.600161 0.136423
vt 0.610861 0.136135
vt 0.615157 0.270870
vt 0.603345 0.271785
vt 0.585830 0.265373
vt 0.570350 0.236911
vt 0.570454 0.205589
vt 0.584365 0.136849
vt 0.603846 0.127010
vt 0.610837 0.126845
vt 0.615556 0.300320
vt 0.603699 0.301048
vt 0.585907 0.273135
vt 0.569921 0.266674
vt 0.569940 0.137238
vt 0.593524 0.127254
vt 0.605714 0.122431
vt 0.610826 0.122326
vt 0.614434 0.320627
vt 0.607861 0.321196
vt 0.586196 0.302123
vt 0.569982 0.274369
vt 0.584098 0.127477
vt 0.598168 0.122586
vt 0.606423 0.117566
vt 0.610814 0.117524
vt 0.613914 0.328254
vt 0.608664 0.328743
vt 0.598159 0.322035
vt 0.570212 0.303105
vt 0.591277 0.122728
vt 0.599942 0.117627
vt 0.606740 0.112227
vt 0.610800 0.112188
vt 0.613218 0.338482
vt 0.608578 0.338865
vt 0.600914 0.329465
vt 0.589299 0.322801
vt 0.594023 0.117683
vt 0.600747 0.112285
vt 0.606629 0.070730
vt 0.610695 0.070710
vt 0.609684 0.382352
vt 0.605722 0.383024
vt 0.601728 0.339430
vt 0.593836 0.330125
vt 0.595274 0.112337
vt 0.600626 0.070760
vt 0.605461 0.065445
vt 0.610683 0.065587
vt 0.604187 0.393548
vt 0.607659 0.392911
vt 0.599874 0.384016
vt 0.595473 0.339946
vt 0.595144 0.070787
vt 0.597753 0.065236
vt 0.604040 0.060633
vt 0.610673 0.060922
vt 0.599062 0.394488
vt 0.603631 0.397610
vt 0.607753 0.397345
vt 0.594533 0.384922
vt 0.590713 0.065045
vt 0.594248 0.060206
vt 0.601034 0.051480
vt 0.610653 0.052050
vt 0.594382 0.395347
vt 0.597545 0.398003
vt 0.585306 0.059816
vt 0.586835 0.050639
vt 0.600892 0.022157
vt 0.610584 0.022157
vt 0.591987 0.398361
vt 0.573868 0.049871
vt 0.586583 0.022157
vt 0.573516 0.022157
vt 0.660114 0.027606
vt 0.656486 0.026970
vt 0.655866 0.022907
vt 0.660208 0.023173
vt 0.662139 0.038166
vt 0.658177 0.037494
vt 0.651131 0.026030
vt 0.649455 0.022515
vt 0.661033 0.081653
vt 0.665673 0.082036
vt 0.652329 0.036502
vt 0.646241 0.025171
vt 0.643600 0.022157
vt 0.654183 0.081088
vt 0.661119 0.091775
vt 0.666369 0.092264
vt 0.646988 0.035596
vt 0.647928 0.080572
vt 0.653369 0.091053
vt 0.660316 0.099322
vt 0.666889 0.099890
vt 0.646291 0.090393
vt 0.650614 0.098483
vt 0.656154 0.119470
vt 0.668011 0.120198
vt 0.641754 0.097717
vt 0.638651 0.118394
vt 0.668222 0.149648
vt 0.655800 0.148733
vt 0.622667 0.117412
vt 0.638362 0.147382
vt 0.655705 0.156569
vt 0.667506 0.162633
vt 0.622437 0.146149
vt 0.638285 0.155145
vt 0.655323 0.184259
vt 0.666836 0.184490
vt 0.622376 0.153844
vt 0.638327 0.183918
vt 0.652880 0.215160
vt 0.663491 0.215242
vt 0.622805 0.183606
vt 0.637215 0.215039
vt 0.652616 0.284095
vt 0.663316 0.284383
vt 0.622909 0.214929
vt 0.636820 0.283669
vt 0.656301 0.293508
vt 0.663292 0.293673
vt 0.622395 0.283280
vt 0.645979 0.293264
vt 0.663281 0.298192
vt 0.658169 0.298087
vt 0.636553 0.293041
vt 0.650623 0.297932
vt 0.658878 0.302952
vt 0.663269 0.302993
vt 0.643732 0.297790
vt 0.652397 0.302891
vt 0.659195 0.308291
vt 0.663255 0.308330
vt 0.646478 0.302835
vt 0.653202 0.308233
vt 0.659084 0.349788
vt 0.663150 0.349808
vt 0.647729 0.308180
vt 0.653081 0.349758
vt 0.657916 0.355072
vt 0.663138 0.354931
vt 0.647599 0.349731
vt 0.650208 0.355282
vt 0.656495 0.359885
vt 0.663128 0.359596
vt 0.643168 0.355473
vt 0.646703 0.360312
vt 0.653489 0.369038
vt 0.663108 0.368468
vt 0.637761 0.360702
vt 0.639290 0.369879
vt 0.653347 0.398361
vt 0.663040 0.398361
vt 0.626323 0.370647
vt 0.639038 0.398361
vt 0.625971 0.398361
vt 0.751460 0.973765
vt 0.748690 0.973765
vt 0.747175 0.970655
vt 0.750419 0.969142
vt 0.748949 0.976592
vt 0.102656 0.396890
vt 0.104169 0.400134
vt 0.110106 0.398361
vt 0.108384 0.405985
vt 0.112747 0.395347
vt 0.112747 0.395347
vt 0.077982 0.411170
vt 0.073347 0.399818
vt 0.118467 0.395347
vt 0.115827 0.399646
vt 0.113494 0.384922
vt 0.119215 0.384922
vt 0.114433 0.339946
vt 0.120154 0.339946
vt 0.112796 0.330125
vt 0.118517 0.330125
vt 0.108259 0.322801
vt 0.113980 0.322801
vt 0.089172 0.303105
vt 0.091504 0.303105
vt 0.088943 0.274369
vt 0.091275 0.274369
vt 0.088882 0.266674
vt 0.091214 0.266674
vt 0.089311 0.236911
vt 0.091643 0.236911
vt 0.089415 0.205589
vt 0.091747 0.205589
vt 0.088900 0.137238
vt 0.091232 0.137238
vt 0.103059 0.127477
vt 0.110719 0.127477
vt 0.110238 0.122728
vt 0.117898 0.122728
vt 0.112983 0.117683
vt 0.120643 0.117683
vt 0.114235 0.112337
vt 0.121895 0.112337
vt 0.114105 0.070787
vt 0.121765 0.070787
vt 0.109673 0.065045
vt 0.117333 0.065045
vt 0.104267 0.059815
vt 0.111927 0.059815
vt 0.092829 0.049871
vt 0.100489 0.049871
vt 0.092476 0.022157
vt 0.100137 0.022157
vt 0.162447 0.036004
vt 0.161483 0.036469
vt 0.156860 0.035428
vt 0.160668 0.033553
vt 0.162880 0.046826
vt 0.161898 0.046859
vt 0.162588 0.026333
vt 0.163788 0.033809
vt 0.165996 0.037403
vt 0.163145 0.092279
vt 0.162163 0.092122
vt 0.166717 0.047461
vt 0.127551 0.033509
vt 0.132186 0.022157
vt 0.166950 0.036971
vt 0.160798 0.102442
vt 0.159918 0.101838
vt 0.167653 0.092270
vt 0.167697 0.047396
vt 0.170030 0.032671
vt 0.172671 0.036971
vt 0.154723 0.109962
vt 0.154066 0.109083
vt 0.166080 0.101703
vt 0.168637 0.092372
vt 0.173418 0.047396
vt 0.161740 0.108709
vt 0.134043 0.129196
vt 0.133061 0.128619
vt 0.167000 0.102193
vt 0.174358 0.092372
vt 0.162463 0.109517
vt 0.142398 0.128668
vt 0.134042 0.157356
vt 0.133061 0.157170
vt 0.172721 0.102193
vt 0.168184 0.109517
vt 0.143376 0.129212
vt 0.142166 0.157837
vt 0.134042 0.164896
vt 0.133061 0.164815
vt 0.145708 0.129212
vt 0.143147 0.157949
vt 0.142103 0.165648
vt 0.134043 0.195317
vt 0.133061 0.195308
vt 0.145479 0.157949
vt 0.143085 0.165644
vt 0.142533 0.195397
vt 0.134043 0.226655
vt 0.133061 0.226647
vt 0.145417 0.165644
vt 0.143514 0.195406
vt 0.142636 0.226721
vt 0.133447 0.294117
vt 0.132459 0.294793
vt 0.145846 0.195406
vt 0.143618 0.226729
vt 0.142117 0.295758
vt 0.147171 0.303636
vt 0.146710 0.304676
vt 0.145950 0.226729
vt 0.143104 0.295080
vt 0.156781 0.305867
vt 0.155453 0.308467
vt 0.154953 0.309485
vt 0.145436 0.295080
vt 0.157262 0.304841
vt 0.163753 0.310479
vt 0.161838 0.313845
vt 0.161018 0.314593
vt 0.162983 0.304841
vt 0.164441 0.309590
vt 0.166282 0.315127
vt 0.163590 0.319739
vt 0.162608 0.319941
vt 0.170162 0.309590
vt 0.167187 0.314635
vt 0.167456 0.320140
vt 0.163534 0.361951
vt 0.162553 0.361511
vt 0.172908 0.314635
vt 0.168438 0.319980
vt 0.167328 0.361068
vt 0.158955 0.368296
vt 0.158293 0.367414
vt 0.160806 0.361498
vt 0.160862 0.319928
vt 0.174159 0.319980
vt 0.168309 0.361531
vt 0.163205 0.366410
vt 0.152422 0.373765
vt 0.151872 0.372790
vt 0.174029 0.361531
vt 0.163877 0.367273
vt 0.157874 0.371566
vt 0.139862 0.383657
vt 0.138891 0.383013
vt 0.169598 0.367273
vt 0.158470 0.372502
vt 0.146058 0.381839
vt 0.139456 0.408983
vt 0.138455 0.410161
vt 0.164191 0.372502
vt 0.147032 0.382447
vt 0.145713 0.408983
vt 0.146680 0.410161
vt 0.152753 0.382447
vt 0.152401 0.410161
vt 0.059415 0.394980
vt 0.060392 0.395347
vt 0.057231 0.404510
vt 0.057448 0.398512
vt 0.059562 0.385013
vt 0.060543 0.384922
vt 0.066113 0.395347
vt 0.063718 0.399646
vt 0.051843 0.398279
vt 0.054418 0.398771
vt 0.056075 0.396235
vt 0.060499 0.340048
vt 0.061483 0.339946
vt 0.066264 0.384922
vt 0.055726 0.385440
vt 0.025815 0.415179
vt 0.020717 0.404471
vt 0.055080 0.395849
vt 0.058926 0.330615
vt 0.059846 0.330125
vt 0.067204 0.339946
vt 0.055991 0.340039
vt 0.054744 0.385459
vt 0.053644 0.329876
vt 0.054586 0.323609
vt 0.055309 0.322801
vt 0.065567 0.330125
vt 0.055009 0.340195
vt 0.052764 0.330480
vt 0.047569 0.322356
vt 0.035244 0.303650
vt 0.036222 0.303105
vt 0.061030 0.322801
vt 0.046912 0.323235
vt 0.026889 0.303121
vt 0.035012 0.274480
vt 0.035993 0.274369
vt 0.038554 0.303105
vt 0.025907 0.303698
vt 0.026888 0.274962
vt 0.034949 0.266669
vt 0.035931 0.266674
vt 0.038324 0.274369
vt 0.025907 0.275148
vt 0.026888 0.267421
vt 0.035379 0.236921
vt 0.036360 0.236911
vt 0.038263 0.266674
vt 0.025907 0.267502
vt 0.026889 0.237001
vt 0.035482 0.205597
vt 0.036464 0.205589
vt 0.038692 0.236911
vt 0.025907 0.237010
vt 0.026889 0.205663
vt 0.034963 0.136560
vt 0.035950 0.137238
vt 0.038796 0.205589
vt 0.025907 0.205670
vt 0.026293 0.138200
vt 0.049627 0.126451
vt 0.050108 0.127477
vt 0.038282 0.137238
vt 0.025305 0.137525
vt 0.040017 0.128682
vt 0.056599 0.121839
vt 0.057287 0.122728
vt 0.055829 0.127477
vt 0.039556 0.127641
vt 0.048299 0.123851
vt 0.059128 0.117191
vt 0.060033 0.117683
vt 0.063008 0.122728
vt 0.047799 0.122833
vt 0.054684 0.118473
vt 0.060302 0.112177
vt 0.061284 0.112337
vt 0.065753 0.117683
vt 0.053864 0.117725
vt 0.056436 0.112579
vt 0.060174 0.071250
vt 0.061155 0.070787
vt 0.067005 0.112337
vt 0.055454 0.112376
vt 0.056380 0.070367
vt 0.056051 0.065908
vt 0.056723 0.065045
vt 0.066875 0.070787
vt 0.055398 0.070807
vt 0.051801 0.064022
vt 0.050720 0.060751
vt 0.051316 0.059816
vt 0.062444 0.065045
vt 0.053230 0.112389
vt 0.053175 0.070820
vt 0.051139 0.064903
vt 0.045268 0.058552
vt 0.038904 0.050479
vt 0.039879 0.049871
vt 0.057037 0.059816
vt 0.044718 0.059528
vt 0.032708 0.048661
vt 0.038559 0.023335
vt 0.039526 0.022157
vt 0.045599 0.049871
vt 0.031737 0.049304
vt 0.032302 0.023335
vt 0.031301 0.022157
vt 0.045247 0.022157
vt 0.203920 0.096118
vt 0.205557 0.086296
vt 0.211278 0.086296
vt 0.209641 0.096117
vt 0.204618 0.041320
vt 0.210339 0.041320
vt 0.199383 0.103441
vt 0.205104 0.103441
vt 0.204466 0.030896
vt 0.210187 0.030895
vt 0.180296 0.123137
vt 0.182628 0.123137
vt 0.201426 0.022157
vt 0.207792 0.026596
vt 0.182399 0.151873
vt 0.180067 0.151873
vt 0.204466 0.030896
vt 0.202072 0.027881
vt 0.180006 0.159568
vt 0.182338 0.159568
vt 0.180435 0.189331
vt 0.182767 0.189331
vt 0.180539 0.220653
vt 0.182871 0.220653
vt 0.180024 0.289004
vt 0.182356 0.289004
vt 0.194183 0.298765
vt 0.199904 0.298765
vt 0.201361 0.303514
vt 0.207082 0.303514
vt 0.204107 0.308559
vt 0.209828 0.308559
vt 0.205359 0.313905
vt 0.211079 0.313905
vt 0.205229 0.355455
vt 0.210950 0.355455
vt 0.200797 0.361197
vt 0.206518 0.361197
vt 0.195391 0.366427
vt 0.201111 0.366427
vt 0.183953 0.376371
vt 0.189674 0.376371
vt 0.183600 0.404085
vt 0.189321 0.404085
vt 0.037302 0.888968
vt 0.026913 0.889304
vt 0.026659 0.884181
vt 0.037049 0.883845
vt 0.026374 0.878424
vt 0.036764 0.878088
vt 0.021870 0.854104
vt 0.028368 0.853768
vt 0.053664 0.888806
vt 0.043274 0.889221
vt 0.043054 0.884100
vt 0.053443 0.883685
vt 0.042806 0.878345
vt 0.053196 0.877930
vt 0.048954 0.854033
vt 0.054601 0.853618
vt 0.066326 0.889785
vt 0.060105 0.884430
vt 0.065627 0.853357
vt 0.076322 0.858369
vt 0.646855 0.955411
vt 0.647090 0.950288
vt 0.652718 0.950514
vt 0.652473 0.955268
vt 0.647114 0.958247
vt 0.652733 0.957907
vt 0.647362 0.965819
vt 0.652992 0.965652
vt 0.628337 0.950263
vt 0.628513 0.955386
vt 0.622894 0.955244
vt 0.622709 0.950489
vt 0.628254 0.958233
vt 0.622634 0.957893
vt 0.628006 0.967286
vt 0.622376 0.967118
vt 0.634736 0.955572
vt 0.634616 0.950447
vt 0.640245 0.950282
vt 0.640356 0.955239
vt 0.634995 0.958469
vt 0.640614 0.958124
vt 0.635243 0.966657
vt 0.640872 0.966469
vt 0.803541 0.950585
vt 0.803362 0.955709
vt 0.797742 0.955376
vt 0.797912 0.950420
vt 0.803103 0.958616
vt 0.797483 0.958271
vt 0.802855 0.965258
vt 0.797226 0.965070
vt 0.692995 0.935025
vt 0.693112 0.929900
vt 0.698517 0.930013
vt 0.698390 0.934837
vt 0.693243 0.924141
vt 0.698631 0.923889
vt 0.693254 0.937881
vt 0.698648 0.937562
vt 0.690496 0.899811
vt 0.695867 0.899194
vt 0.693502 0.946757
vt 0.698906 0.946606
vt 0.682261 0.929901
vt 0.682358 0.935027
vt 0.676963 0.934839
vt 0.676856 0.930014
vt 0.682099 0.937886
vt 0.676705 0.937567
vt 0.682152 0.924142
vt 0.676764 0.923890
vt 0.681851 0.946751
vt 0.676447 0.946600
vt 0.684992 0.899811
vt 0.679622 0.899194
vt 0.807563 0.935153
vt 0.807562 0.930027
vt 0.812968 0.930015
vt 0.812959 0.934905
vt 0.807560 0.924267
vt 0.812941 0.923891
vt 0.807822 0.938030
vt 0.813290 0.937711
vt 0.804251 0.899933
vt 0.809606 0.899194
vt 0.808070 0.946840
vt 0.813475 0.946687
vt 0.795320 0.930027
vt 0.795298 0.935152
vt 0.789903 0.934904
vt 0.789913 0.930015
vt 0.795039 0.938033
vt 0.789572 0.937714
vt 0.795344 0.924267
vt 0.789963 0.923891
vt 0.794791 0.946831
vt 0.789387 0.946679
vt 0.798747 0.899933
vt 0.793392 0.899194
vt 0.778303 0.924096
vt 0.775744 0.899770
vt 0.781119 0.899194
vt 0.783693 0.923885
vt 0.778128 0.929854
vt 0.783532 0.930009
vt 0.777972 0.934979
vt 0.783366 0.934811
vt 0.778230 0.937828
vt 0.783625 0.937509
vt 0.778478 0.946822
vt 0.783883 0.946673
vt 0.712684 0.899770
vt 0.710032 0.924098
vt 0.704642 0.923887
vt 0.707309 0.899194
vt 0.710185 0.929857
vt 0.704781 0.930011
vt 0.710322 0.934981
vt 0.704927 0.934814
vt 0.710063 0.937835
vt 0.704668 0.937515
vt 0.709815 0.946769
vt 0.704410 0.946620
vt 0.735444 0.924184
vt 0.732510 0.899851
vt 0.737875 0.899194
vt 0.740829 0.923890
vt 0.735357 0.929943
vt 0.740763 0.930015
vt 0.735279 0.935069
vt 0.740675 0.934861
vt 0.735538 0.937932
vt 0.741006 0.937613
vt 0.735786 0.946786
vt 0.741191 0.946634
vt 0.727005 0.899851
vt 0.723978 0.924185
vt 0.718592 0.923891
vt 0.721640 0.899194
vt 0.724042 0.929945
vt 0.718636 0.930016
vt 0.724100 0.935070
vt 0.718705 0.934862
vt 0.723841 0.937937
vt 0.718373 0.937618
vt 0.723593 0.946780
vt 0.718189 0.946628
vt 0.764409 0.924226
vt 0.761287 0.899892
vt 0.766648 0.899194
vt 0.769792 0.923891
vt 0.764366 0.929986
vt 0.769773 0.930015
vt 0.764329 0.935112
vt 0.769724 0.934883
vt 0.764588 0.937982
vt 0.769982 0.937663
vt 0.764835 0.946813
vt 0.770240 0.946661
vt 0.755783 0.899892
vt 0.752568 0.924226
vt 0.747184 0.923892
vt 0.750422 0.899194
vt 0.752588 0.929986
vt 0.747182 0.930016
vt 0.752606 0.935112
vt 0.747211 0.934884
vt 0.752347 0.937985
vt 0.746953 0.937667
vt 0.752099 0.946806
vt 0.746695 0.946654
vt 0.837611 0.823279
vt 0.834114 0.798946
vt 0.839463 0.798167
vt 0.842988 0.822863
vt 0.837657 0.829040
vt 0.843063 0.828986
vt 0.837698 0.834165
vt 0.843094 0.833897
vt 0.837957 0.837049
vt 0.843352 0.836731
vt 0.838205 0.845836
vt 0.843609 0.845684
vt 0.828610 0.899973
vt 0.825020 0.924306
vt 0.819642 0.923890
vt 0.823261 0.899194
vt 0.824951 0.930066
vt 0.819545 0.930012
vt 0.824890 0.935192
vt 0.819495 0.934923
vt 0.824631 0.938079
vt 0.819237 0.937761
vt 0.824383 0.946855
vt 0.818979 0.946703
vt 0.642002 0.924345
vt 0.638318 0.900013
vt 0.643661 0.899194
vt 0.647376 0.923888
vt 0.642093 0.930105
vt 0.647498 0.930010
vt 0.642173 0.935230
vt 0.647569 0.934942
vt 0.642432 0.938121
vt 0.647827 0.937801
vt 0.642680 0.946701
vt 0.648084 0.946543
vt 0.562710 0.901382
vt 0.558932 0.925713
vt 0.553557 0.925255
vt 0.557366 0.900562
vt 0.558819 0.931472
vt 0.553413 0.931377
vt 0.558719 0.936597
vt 0.553323 0.936308
vt 0.558460 0.939491
vt 0.553065 0.939171
vt 0.558212 0.947875
vt 0.552808 0.947717
vt 0.896891 0.862214
vt 0.896891 0.852521
vt 0.898906 0.852521
vt 0.898906 0.862214
vt 0.907649 0.852521
vt 0.907649 0.862214
vt 0.905633 0.862214
vt 0.905633 0.852521
vt 0.912276 0.875488
vt 0.912276 0.865795
vt 0.914292 0.865795
vt 0.914292 0.875488
vt 0.906772 0.865795
vt 0.906772 0.875488
vt 0.904756 0.875488
vt 0.904756 0.865795
vt 0.809466 0.964729
vt 0.809466 0.950420
vt 0.813059 0.950420
vt 0.813059 0.964729
vt 0.823550 0.950436
vt 0.823550 0.964745
vt 0.819957 0.964745
vt 0.819957 0.950436
vt 0.830448 0.964745
vt 0.830448 0.950436
vt 0.834041 0.950436
vt 0.834041 0.964745
vt 0.844532 0.850161
vt 0.844532 0.864470
vt 0.840939 0.864470
vt 0.840939 0.850161
vt 0.367659 0.533231
vt 0.367659 0.540877
vt 0.358189 0.529982
vt 0.358189 0.523866
vt 0.367659 0.569427
vt 0.358189 0.552820
vt 0.367659 0.502739
vt 0.358189 0.499474
vt 0.367659 0.471399
vt 0.358190 0.474470
vt 0.367056 0.403254
vt 0.357588 0.420024
vt 0.352083 0.431805
vt 0.352083 0.439450
vt 0.342614 0.448815
vt 0.342614 0.442700
vt 0.352083 0.469943
vt 0.342614 0.473207
vt 0.352083 0.403254
vt 0.342614 0.419861
vt 0.352083 0.501282
vt 0.342614 0.498212
vt 0.351481 0.569427
vt 0.342012 0.552658
vt 0.114763 0.894063
vt 0.115198 0.921210
vt 0.105255 0.914929
vt 0.104820 0.894222
vt 0.132683 0.894063
vt 0.132248 0.921210
vt 0.122305 0.921050
vt 0.122740 0.900343
vt 0.356401 0.851456
vt 0.356456 0.893026
vt 0.354710 0.893039
vt 0.354655 0.851470
vt 0.349150 0.851469
vt 0.349095 0.893039
vt 0.346871 0.893026
vt 0.346926 0.851456
vt 0.710204 0.969464
vt 0.708431 0.975182
vt 0.708690 0.972265
vt 0.705919 0.972265
vt 0.707934 0.969182
vt 0.074913 0.798506
vt 0.074826 0.785723
vt 0.091250 0.785723
vt 0.091337 0.798506
vt 0.072370 0.798642
vt 0.072283 0.785980
vt 0.074689 0.775578
vt 0.091114 0.775578
vt 0.093869 0.798642
vt 0.093783 0.785980
vt 0.074943 0.812677
vt 0.091367 0.812677
vt 0.072400 0.812677
vt 0.070065 0.799034
vt 0.069981 0.786727
vt 0.072149 0.775932
vt 0.093648 0.775932
vt 0.093899 0.812677
vt 0.096142 0.799034
vt 0.096058 0.786727
vt 0.074913 0.826847
vt 0.091337 0.826847
vt 0.072370 0.826712
vt 0.070094 0.812677
vt 0.069850 0.776960
vt 0.095927 0.776960
vt 0.096171 0.812677
vt 0.093869 0.826712
vt 0.074826 0.839631
vt 0.091250 0.839631
vt 0.072283 0.839374
vt 0.070065 0.826320
vt 0.096142 0.826320
vt 0.093783 0.839374
vt 0.074689 0.849776
vt 0.091114 0.849776
vt 0.072149 0.849422
vt 0.069981 0.838627
vt 0.096058 0.838627
vt 0.093648 0.849422
vt 0.069850 0.848394
vt 0.095927 0.848394
vt 0.107992 0.839651
vt 0.107905 0.826867
vt 0.124329 0.826867
vt 0.124417 0.839651
vt 0.105460 0.839393
vt 0.105373 0.826732
vt 0.107875 0.812697
vt 0.124299 0.812697
vt 0.126959 0.839393
vt 0.126872 0.826732
vt 0.108128 0.849796
vt 0.124553 0.849796
vt 0.105594 0.849442
vt 0.103185 0.838646
vt 0.103101 0.826339
vt 0.105344 0.812697
vt 0.107905 0.798526
vt 0.124329 0.798526
vt 0.126843 0.812697
vt 0.127093 0.849442
vt 0.129261 0.838646
vt 0.129177 0.826339
vt 0.103315 0.848414
vt 0.103072 0.812697
vt 0.105373 0.798661
vt 0.107992 0.785742
vt 0.124417 0.785742
vt 0.126872 0.798661
vt 0.129149 0.812697
vt 0.129392 0.848414
vt 0.103101 0.799054
vt 0.105460 0.786000
vt 0.108128 0.775597
vt 0.124553 0.775597
vt 0.126959 0.786000
vt 0.129177 0.799054
vt 0.103185 0.786747
vt 0.105594 0.775952
vt 0.127093 0.775952
vt 0.129261 0.786747
vt 0.103315 0.776979
vt 0.129392 0.776979
vt 0.141356 0.786137
vt 0.141269 0.773353
vt 0.157693 0.773353
vt 0.157780 0.786137
vt 0.138813 0.786272
vt 0.138726 0.773611
vt 0.141133 0.763208
vt 0.157557 0.763208
vt 0.160312 0.786272
vt 0.160226 0.773611
vt 0.141386 0.800308
vt 0.157810 0.800308
vt 0.138843 0.800308
vt 0.136508 0.786665
vt 0.136424 0.774358
vt 0.138592 0.763563
vt 0.160091 0.763563
vt 0.160342 0.800308
vt 0.162585 0.786665
vt 0.162501 0.774358
vt 0.141356 0.814478
vt 0.157780 0.814478
vt 0.138813 0.814343
vt 0.136537 0.800308
vt 0.136293 0.764591
vt 0.162370 0.764591
vt 0.162614 0.800308
vt 0.160312 0.814343
vt 0.141269 0.827262
vt 0.157693 0.827262
vt 0.138726 0.827004
vt 0.136508 0.813950
vt 0.162585 0.813950
vt 0.160226 0.827004
vt 0.141133 0.837407
vt 0.157557 0.837407
vt 0.138592 0.837053
vt 0.136424 0.826258
vt 0.162501 0.826258
vt 0.160091 0.837053
vt 0.136293 0.836025
vt 0.162370 0.836025
vt 0.174435 0.827262
vt 0.174348 0.814478
vt 0.190772 0.814478
vt 0.190860 0.827262
vt 0.171903 0.827004
vt 0.171816 0.814343
vt 0.174318 0.800308
vt 0.190742 0.800308
vt 0.193402 0.827004
vt 0.193315 0.814343
vt 0.174571 0.837407
vt 0.190996 0.837407
vt 0.172037 0.837053
vt 0.169628 0.826258
vt 0.169544 0.813950
vt 0.171786 0.800308
vt 0.174348 0.786137
vt 0.190772 0.786137
vt 0.193286 0.800308
vt 0.193536 0.837053
vt 0.195704 0.826258
vt 0.195620 0.813950
vt 0.169758 0.836025
vt 0.169515 0.800308
vt 0.171816 0.786272
vt 0.174435 0.773354
vt 0.190860 0.773354
vt 0.193315 0.786272
vt 0.195592 0.800308
vt 0.195835 0.836025
vt 0.169544 0.786665
vt 0.171903 0.773611
vt 0.174571 0.763209
vt 0.190996 0.763209
vt 0.193402 0.773611
vt 0.195620 0.786665
vt 0.169628 0.774358
vt 0.172037 0.763563
vt 0.193536 0.763563
vt 0.195704 0.774358
vt 0.169758 0.764591
vt 0.195835 0.764591
vt 0.703275 0.294939
vt 0.711535 0.022489
vt 0.714267 0.022572
vt 0.706007 0.295022
vt 0.700246 0.294847
vt 0.708506 0.022398
vt 0.716436 0.022638
vt 0.708176 0.295087
vt 0.697217 0.294755
vt 0.705477 0.022306
vt 0.694485 0.294672
vt 0.702744 0.022223
vt 0.692316 0.294607
vt 0.700576 0.022157
vt 0.737900 0.022157
vt 0.746160 0.294607
vt 0.743992 0.294672
vt 0.735732 0.022223
vt 0.741259 0.294755
vt 0.733000 0.022306
vt 0.738230 0.294847
vt 0.729971 0.022398
vt 0.735201 0.294939
vt 0.726942 0.022489
vt 0.732469 0.295022
vt 0.724209 0.022572
vt 0.730300 0.295088
vt 0.722041 0.022638
vt 0.208867 0.407666
vt 0.210153 0.407666
vt 0.210153 0.557448
vt 0.208867 0.557448
vt 0.211173 0.407666
vt 0.211173 0.557448
vt 0.207443 0.407666
vt 0.207443 0.557448
vt 0.206018 0.407666
vt 0.206018 0.557448
vt 0.204732 0.407666
vt 0.204732 0.557448
vt 0.203712 0.407666
vt 0.203712 0.557448
vt 0.180843 0.407666
vt 0.182129 0.407666
vt 0.182129 0.557448
vt 0.180843 0.557448
vt 0.183554 0.407666
vt 0.183554 0.557448
vt 0.179823 0.407666
vt 0.179823 0.557448
vt 0.184978 0.407666
vt 0.184978 0.557448
vt 0.186264 0.407666
vt 0.186264 0.557448
vt 0.187284 0.407666
vt 0.187284 0.557448
vt 0.889611 0.740462
vt 0.889611 0.752900
vt 0.873629 0.752900
vt 0.873630 0.740462
vt 0.892079 0.740713
vt 0.892080 0.753031
vt 0.889611 0.766686
vt 0.873630 0.766686
vt 0.871161 0.740713
vt 0.871161 0.753031
vt 0.894307 0.741439
vt 0.894307 0.753413
vt 0.892079 0.766686
vt 0.889611 0.780473
vt 0.873629 0.780473
vt 0.871161 0.766686
vt 0.868934 0.741439
vt 0.868934 0.753413
vt 0.896074 0.742571
vt 0.896074 0.754008
vt 0.894307 0.766686
vt 0.892079 0.780342
vt 0.889611 0.792911
vt 0.873629 0.792911
vt 0.871161 0.780342
vt 0.868934 0.766686
vt 0.867166 0.742571
vt 0.867166 0.754008
vt 0.896074 0.766686
vt 0.894307 0.779960
vt 0.892079 0.792660
vt 0.871161 0.792660
vt 0.868934 0.779960
vt 0.867166 0.766686
vt 0.896074 0.779365
vt 0.894307 0.791934
vt 0.868934 0.791934
vt 0.867166 0.779365
vt 0.896074 0.790802
vt 0.867166 0.790802
vt 0.891847 0.848940
vt 0.891847 0.836503
vt 0.907828 0.836503
vt 0.907828 0.848940
vt 0.889378 0.848690
vt 0.889378 0.836371
vt 0.891847 0.822716
vt 0.907828 0.822716
vt 0.910297 0.848690
vt 0.910297 0.836371
vt 0.887151 0.847963
vt 0.887151 0.835989
vt 0.889378 0.822716
vt 0.891847 0.808929
vt 0.907828 0.808929
vt 0.910297 0.822716
vt 0.912524 0.847963
vt 0.912524 0.835989
vt 0.885384 0.846832
vt 0.885384 0.835394
vt 0.887151 0.822716
vt 0.889378 0.809061
vt 0.891847 0.796492
vt 0.907828 0.796492
vt 0.910297 0.809061
vt 0.912524 0.822716
vt 0.914292 0.846832
vt 0.914292 0.835394
vt 0.885384 0.822716
vt 0.887151 0.809443
vt 0.889378 0.796742
vt 0.910297 0.796742
vt 0.912524 0.809443
vt 0.914292 0.822716
vt 0.885384 0.810038
vt 0.887151 0.797469
vt 0.912524 0.797469
vt 0.914292 0.810038
vt 0.885384 0.798600
vt 0.914292 0.798600
vt 0.207799 0.786137
vt 0.207712 0.773354
vt 0.224136 0.773354
vt 0.224223 0.786137
vt 0.205256 0.786272
vt 0.205169 0.773611
vt 0.207576 0.763209
vt 0.224000 0.763209
vt 0.226755 0.786272
vt 0.226669 0.773611
vt 0.207829 0.800308
vt 0.224253 0.800308
vt 0.205286 0.800308
vt 0.202951 0.786665
vt 0.202867 0.774358
vt 0.205035 0.763563
vt 0.226534 0.763563
vt 0.226785 0.800308
vt 0.229028 0.786665
vt 0.228944 0.774358
vt 0.207799 0.814478
vt 0.224223 0.814478
vt 0.205256 0.814343
vt 0.202980 0.800308
vt 0.202736 0.764591
vt 0.228813 0.764591
vt 0.229057 0.800308
vt 0.226755 0.814343
vt 0.207712 0.827262
vt 0.224136 0.827262
vt 0.205169 0.827005
vt 0.202951 0.813950
vt 0.229028 0.813950
vt 0.226669 0.827005
vt 0.207576 0.837407
vt 0.224000 0.837407
vt 0.205035 0.837053
vt 0.202867 0.826258
vt 0.228944 0.826258
vt 0.226534 0.837053
vt 0.202736 0.836025
vt 0.228813 0.836025
vt 0.240878 0.818762
vt 0.240791 0.805979
vt 0.257215 0.805979
vt 0.257303 0.818762
vt 0.238346 0.818505
vt 0.238259 0.805843
vt 0.240761 0.791808
vt 0.257185 0.791808
vt 0.259845 0.818505
vt 0.259758 0.805843
vt 0.241014 0.828907
vt 0.257439 0.828907
vt 0.238480 0.828553
vt 0.236071 0.817758
vt 0.235987 0.805450
vt 0.238230 0.791808
vt 0.240791 0.777637
vt 0.257215 0.777637
vt 0.259729 0.791808
vt 0.259979 0.828553
vt 0.262147 0.817758
vt 0.262063 0.805450
vt 0.236201 0.827525
vt 0.235958 0.791808
vt 0.238259 0.777773
vt 0.240878 0.764854
vt 0.257303 0.764854
vt 0.259758 0.777773
vt 0.262035 0.791808
vt 0.262278 0.827525
vt 0.235987 0.778165
vt 0.238346 0.765111
vt 0.241014 0.754709
vt 0.257439 0.754709
vt 0.259845 0.765111
vt 0.262063 0.778165
vt 0.236071 0.765858
vt 0.238480 0.755063
vt 0.259979 0.755063
vt 0.262147 0.765858
vt 0.236201 0.756091
vt 0.262278 0.756091
vt 0.161089 0.413741
vt 0.162375 0.413741
vt 0.162375 0.563523
vt 0.161089 0.563523
vt 0.163395 0.413741
vt 0.163395 0.563523
vt 0.159665 0.413741
vt 0.159665 0.563523
vt 0.158240 0.413741
vt 0.158240 0.563523
vt 0.156954 0.413741
vt 0.156954 0.563523
vt 0.155934 0.413741
vt 0.155934 0.563523
vt 0.133065 0.413742
vt 0.134351 0.413742
vt 0.134351 0.563523
vt 0.133065 0.563523
vt 0.135776 0.413742
vt 0.135776 0.563523
vt 0.132045 0.413742
vt 0.132045 0.563523
vt 0.137200 0.413742
vt 0.137200 0.563523
vt 0.138486 0.413742
vt 0.138486 0.563523
vt 0.139506 0.413742
vt 0.139506 0.563523
vt 0.274242 0.777637
vt 0.274155 0.764854
vt 0.290579 0.764854
vt 0.290666 0.777637
vt 0.271699 0.777772
vt 0.271613 0.765111
vt 0.274019 0.754709
vt 0.290443 0.754709
vt 0.293198 0.777772
vt 0.293112 0.765111
vt 0.274272 0.791808
vt 0.290696 0.791808
vt 0.271729 0.791808
vt 0.269394 0.778165
vt 0.269310 0.765858
vt 0.271478 0.755063
vt 0.292977 0.755063
vt 0.293228 0.791808
vt 0.295471 0.778165
vt 0.295387 0.765858
vt 0.274242 0.805978
vt 0.290666 0.805978
vt 0.271699 0.805843
vt 0.269423 0.791808
vt 0.269179 0.756091
vt 0.295256 0.756091
vt 0.295500 0.791808
vt 0.293198 0.805843
vt 0.274155 0.818762
vt 0.290579 0.818762
vt 0.271613 0.818505
vt 0.269394 0.805450
vt 0.295471 0.805450
vt 0.293112 0.818505
vt 0.274019 0.828907
vt 0.290443 0.828907
vt 0.271478 0.828553
vt 0.269310 0.817758
vt 0.295387 0.817758
vt 0.292977 0.828553
vt 0.269179 0.827525
vt 0.295256 0.827525
vt 0.307321 0.839739
vt 0.307234 0.826956
vt 0.323658 0.826956
vt 0.323746 0.839739
vt 0.304789 0.839482
vt 0.304702 0.826821
vt 0.307204 0.812785
vt 0.323628 0.812785
vt 0.326288 0.839482
vt 0.326201 0.826821
vt 0.307457 0.849884
vt 0.323882 0.849884
vt 0.304923 0.849530
vt 0.302514 0.838735
vt 0.302429 0.826428
vt 0.304673 0.812785
vt 0.307234 0.798615
vt 0.323658 0.798615
vt 0.326172 0.812785
vt 0.326422 0.849530
vt 0.328590 0.838735
vt 0.328506 0.826428
vt 0.302644 0.848502
vt 0.302401 0.812785
vt 0.304702 0.798750
vt 0.307321 0.785831
vt 0.323746 0.785831
vt 0.326201 0.798750
vt 0.328478 0.812785
vt 0.328721 0.848502
vt 0.302429 0.799143
vt 0.304789 0.786088
vt 0.307457 0.775686
vt 0.323882 0.775686
vt 0.326288 0.786088
vt 0.328506 0.799143
vt 0.302514 0.786835
vt 0.304923 0.776040
vt 0.326422 0.776040
vt 0.328590 0.786835
vt 0.302644 0.777068
vt 0.328721 0.777068
vt 0.503478 0.860480
vt 0.504876 0.801728
vt 0.511187 0.801878
vt 0.509789 0.860630
vt 0.477164 0.595117
vt 0.475766 0.536365
vt 0.482077 0.536215
vt 0.483475 0.594967
vt 0.475585 0.528741
vt 0.481896 0.528591
vt 0.474642 0.489106
vt 0.480952 0.488956
vt 0.474445 0.480825
vt 0.480755 0.480675
vt 0.472578 0.402351
vt 0.478888 0.402201
vt 0.806474 0.968839
vt 0.814098 0.969020
vt 0.813948 0.975331
vt 0.806324 0.975149
vt 0.813916 0.976663
vt 0.806293 0.976481
vt 0.292624 0.893101
vt 0.293567 0.853465
vt 0.299878 0.853615
vt 0.298935 0.893251
vt 0.539571 0.849770
vt 0.539768 0.841489
vt 0.546078 0.841639
vt 0.545881 0.849920
vt 0.544759 0.897099
vt 0.538448 0.896949
vt 0.020717 0.850036
vt 0.022584 0.771562
vt 0.028895 0.771712
vt 0.027028 0.850187
vt 0.568214 0.900680
vt 0.574525 0.900530
vt 0.575647 0.947710
vt 0.569336 0.947860
vt 0.793815 0.976752
vt 0.793634 0.969128
vt 0.800607 0.969097
vt 0.800788 0.976721
vt 0.788130 0.969128
vt 0.787948 0.976752
vt 0.786616 0.976721
vt 0.786798 0.969097
vt 0.819799 0.976638
vt 0.819602 0.968358
vt 0.826575 0.968326
vt 0.826772 0.976607
vt 0.555088 0.841521
vt 0.554890 0.849802
vt 0.553559 0.849770
vt 0.553756 0.841489
vt 0.553768 0.896981
vt 0.552436 0.896949
vt 0.545971 0.947892
vt 0.544849 0.900712
vt 0.546181 0.900680
vt 0.547303 0.947860
vt 0.780931 0.969159
vt 0.781112 0.976782
vt 0.779780 0.976814
vt 0.779599 0.969190
vt 0.451400 0.870813
vt 0.452256 0.870789
vt 0.453741 0.916377
vt 0.452885 0.916401
vt 0.453094 0.870761
vt 0.454578 0.916349
vt 0.450609 0.870829
vt 0.452094 0.916417
vt 0.453831 0.870731
vt 0.455315 0.916320
vt 0.449961 0.870837
vt 0.451446 0.916425
vt 0.454395 0.870703
vt 0.455879 0.916291
vt 0.441462 0.855786
vt 0.442319 0.855809
vt 0.440834 0.901397
vt 0.439978 0.901374
vt 0.443156 0.855837
vt 0.441671 0.901425
vt 0.440672 0.855769
vt 0.439187 0.901357
vt 0.443893 0.855867
vt 0.442408 0.901455
vt 0.440024 0.855761
vt 0.438539 0.901349
vt 0.444457 0.855896
vt 0.442973 0.901484
vt 0.784145 0.547397
vt 0.791372 0.547298
vt 0.791372 0.553022
vt 0.784145 0.553121
vt 0.795912 0.547397
vt 0.795912 0.553121
vt 0.789228 0.553121
vt 0.782474 0.553124
vt 0.782473 0.547400
vt 0.807680 0.547397
vt 0.807680 0.553121
vt 0.795912 0.532052
vt 0.807680 0.532052
vt 0.819448 0.547397
vt 0.819448 0.553121
vt 0.795912 0.516707
vt 0.807680 0.516707
vt 0.819448 0.532052
vt 0.831216 0.547397
vt 0.831216 0.553121
vt 0.791372 0.531953
vt 0.791372 0.516608
vt 0.795912 0.501363
vt 0.807680 0.501363
vt 0.819448 0.516707
vt 0.831216 0.532052
vt 0.842983 0.547397
vt 0.842983 0.553121
vt 0.784145 0.516707
vt 0.784145 0.532052
vt 0.791372 0.501263
vt 0.795912 0.486018
vt 0.807680 0.486018
vt 0.819448 0.501363
vt 0.831216 0.516707
vt 0.842983 0.532052
vt 0.854751 0.547397
vt 0.854751 0.553121
vt 0.784145 0.501363
vt 0.791372 0.485919
vt 0.795912 0.470673
vt 0.807680 0.470673
vt 0.819448 0.486018
vt 0.831216 0.501363
vt 0.842983 0.516707
vt 0.854751 0.532052
vt 0.866519 0.547397
vt 0.866519 0.553121
vt 0.784145 0.486018
vt 0.791372 0.470574
vt 0.795912 0.455329
vt 0.807680 0.455329
vt 0.819448 0.470673
vt 0.842983 0.501363
vt 0.854751 0.516707
vt 0.866519 0.532052
vt 0.878287 0.547397
vt 0.878287 0.553121
vt 0.784145 0.470673
vt 0.791372 0.455230
vt 0.795912 0.439984
vt 0.807680 0.439984
vt 0.819448 0.455329
vt 0.831216 0.486018
vt 0.831216 0.470673
vt 0.854751 0.501363
vt 0.866519 0.516707
vt 0.878287 0.532052
vt 0.890055 0.547397
vt 0.890055 0.553121
vt 0.784145 0.455329
vt 0.791372 0.439885
vt 0.795912 0.424639
vt 0.807680 0.424639
vt 0.819448 0.439984
vt 0.831216 0.455329
vt 0.832435 0.486075
vt 0.820668 0.486075
vt 0.842983 0.486018
vt 0.842983 0.470673
vt 0.854751 0.486018
vt 0.866519 0.501363
vt 0.878287 0.516707
vt 0.890055 0.532052
vt 0.901822 0.547397
vt 0.901822 0.553121
vt 0.784145 0.439984
vt 0.791372 0.424540
vt 0.795912 0.409295
vt 0.807680 0.409295
vt 0.819448 0.424639
vt 0.831216 0.439984
vt 0.842983 0.455329
vt 0.854751 0.470673
vt 0.878287 0.501363
vt 0.890055 0.516707
vt 0.901822 0.532052
vt 0.906362 0.547298
vt 0.906362 0.553022
vt 0.784145 0.424639
vt 0.791372 0.409196
vt 0.795912 0.393950
vt 0.807680 0.393950
vt 0.819448 0.409295
vt 0.831216 0.424639
vt 0.842983 0.439984
vt 0.854751 0.455329
vt 0.866519 0.486018
vt 0.866519 0.470673
vt 0.890055 0.501363
vt 0.901822 0.516707
vt 0.906362 0.531953
vt 0.913590 0.547397
vt 0.913590 0.553121
vt 0.784145 0.409295
vt 0.791372 0.393851
vt 0.795912 0.378605
vt 0.807680 0.378605
vt 0.819448 0.393950
vt 0.831216 0.409295
vt 0.842983 0.424639
vt 0.854751 0.439984
vt 0.866519 0.455329
vt 0.878287 0.486018
vt 0.878287 0.470673
vt 0.890055 0.486018
vt 0.901822 0.501363
vt 0.906362 0.516608
vt 0.913590 0.532052
vt 0.914291 0.547396
vt 0.914292 0.553120
vt 0.784145 0.393950
vt 0.791372 0.378506
vt 0.795912 0.363261
vt 0.807680 0.363261
vt 0.831216 0.393950
vt 0.842983 0.409295
vt 0.854751 0.424639
vt 0.866519 0.439984
vt 0.878287 0.455329
vt 0.877067 0.486075
vt 0.865299 0.486075
vt 0.890055 0.470673
vt 0.901822 0.486018
vt 0.906362 0.501263
vt 0.913590 0.516707
vt 0.784145 0.378605
vt 0.791372 0.363161
vt 0.795912 0.347916
vt 0.807680 0.347916
vt 0.808900 0.363317
vt 0.808900 0.378662
vt 0.819448 0.378605
vt 0.831216 0.378605
vt 0.842983 0.393950
vt 0.854751 0.409295
vt 0.866519 0.424639
vt 0.878287 0.439984
vt 0.890054 0.455329
vt 0.901822 0.470673
vt 0.906362 0.485919
vt 0.913590 0.501363
vt 0.784145 0.363261
vt 0.791372 0.347817
vt 0.795912 0.332571
vt 0.807680 0.332571
vt 0.808900 0.347972
vt 0.819448 0.363261
vt 0.831216 0.363261
vt 0.842983 0.378605
vt 0.854751 0.393950
vt 0.866519 0.409295
vt 0.878287 0.424639
vt 0.890055 0.439984
vt 0.901822 0.455329
vt 0.906362 0.470574
vt 0.913590 0.486018
vt 0.784145 0.347916
vt 0.791372 0.332472
vt 0.808900 0.332628
vt 0.819448 0.347916
vt 0.831216 0.347916
vt 0.842983 0.363261
vt 0.854751 0.378605
vt 0.866519 0.393950
vt 0.878287 0.409295
vt 0.890055 0.424639
vt 0.901822 0.439984
vt 0.906362 0.455230
vt 0.913590 0.470673
vt 0.784145 0.332571
vt 0.819448 0.332571
vt 0.831216 0.332571
vt 0.842983 0.347916
vt 0.854751 0.363261
vt 0.866519 0.378605
vt 0.878287 0.393950
vt 0.890055 0.409295
vt 0.901822 0.424639
vt 0.906362 0.439885
vt 0.913590 0.455329
vt 0.842983 0.332571
vt 0.854751 0.347916
vt 0.866519 0.363261
vt 0.878287 0.378605
vt 0.890055 0.393950
vt 0.901822 0.409295
vt 0.906362 0.424540
vt 0.913590 0.439984
vt 0.831216 0.317227
vt 0.842983 0.317227
vt 0.854751 0.332571
vt 0.866519 0.347916
vt 0.878287 0.363261
vt 0.901822 0.393950
vt 0.906362 0.409196
vt 0.913590 0.424639
vt 0.831216 0.301882
vt 0.842983 0.301882
vt 0.854751 0.317227
vt 0.866519 0.332571
vt 0.878287 0.347916
vt 0.890055 0.378605
vt 0.901822 0.378605
vt 0.906362 0.393851
vt 0.913590 0.409295
vt 0.831232 0.294485
vt 0.843000 0.294485
vt 0.854751 0.301882
vt 0.866519 0.317227
vt 0.878287 0.332571
vt 0.890055 0.363261
vt 0.901822 0.363261
vt 0.906362 0.378506
vt 0.913590 0.393950
vt 0.819448 0.301882
vt 0.819464 0.294485
vt 0.854735 0.294485
vt 0.866519 0.301882
vt 0.888835 0.378662
vt 0.888835 0.363317
vt 0.890055 0.347916
vt 0.901822 0.347916
vt 0.906362 0.363161
vt 0.913590 0.378605
vt 0.807680 0.301882
vt 0.807697 0.294485
vt 0.866503 0.294485
vt 0.888835 0.347972
vt 0.890055 0.332571
vt 0.901822 0.332571
vt 0.906362 0.347817
vt 0.913590 0.363261
vt 0.820668 0.301938
vt 0.808900 0.301938
vt 0.878270 0.294485
vt 0.878287 0.301882
vt 0.888835 0.332628
vt 0.906362 0.332472
vt 0.913590 0.347916
vt 0.820668 0.317283
vt 0.808900 0.317283
vt 0.890038 0.294485
vt 0.890055 0.301882
vt 0.913590 0.332571
vt 0.797132 0.317283
vt 0.797132 0.301938
vt 0.888835 0.301938
vt 0.877067 0.301938
vt 0.792592 0.317184
vt 0.792592 0.301839
vt 0.888835 0.317283
vt 0.877067 0.317283
vt 0.785364 0.301938
vt 0.785364 0.317283
vt 0.900603 0.317283
vt 0.900603 0.301938
vt 0.905142 0.317184
vt 0.905142 0.301839
vt 0.912370 0.317283
vt 0.912370 0.301939
vt 0.601573 0.405590
vt 0.606222 0.404988
vt 0.606172 0.418417
vt 0.601530 0.418976
vt 0.606123 0.431847
vt 0.601487 0.432361
vt 0.589805 0.405590
vt 0.589762 0.418976
vt 0.606073 0.445276
vt 0.601444 0.445747
vt 0.589719 0.432361
vt 0.578038 0.405590
vt 0.577994 0.418976
vt 0.606023 0.458706
vt 0.601401 0.459133
vt 0.589676 0.445747
vt 0.577951 0.432361
vt 0.566270 0.405590
vt 0.566227 0.418976
vt 0.605973 0.472135
vt 0.601358 0.472518
vt 0.589633 0.459133
vt 0.577908 0.445747
vt 0.566184 0.432361
vt 0.554502 0.405590
vt 0.554459 0.418976
vt 0.605923 0.485565
vt 0.601315 0.485904
vt 0.589590 0.472518
vt 0.577865 0.459133
vt 0.566141 0.445747
vt 0.554416 0.432361
vt 0.542734 0.405590
vt 0.542691 0.418976
vt 0.605873 0.498994
vt 0.601272 0.499290
vt 0.589547 0.485904
vt 0.577822 0.472518
vt 0.566098 0.459133
vt 0.554373 0.445747
vt 0.542648 0.432361
vt 0.530966 0.405590
vt 0.530923 0.418976
vt 0.605824 0.512423
vt 0.601229 0.512675
vt 0.589504 0.499290
vt 0.577779 0.485904
vt 0.566055 0.472518
vt 0.554330 0.459133
vt 0.542605 0.445747
vt 0.530880 0.432361
vt 0.519199 0.405590
vt 0.519156 0.418976
vt 0.605774 0.525853
vt 0.601186 0.526061
vt 0.589461 0.512675
vt 0.577736 0.499290
vt 0.566012 0.485904
vt 0.554287 0.472518
vt 0.542562 0.459133
vt 0.530837 0.445747
vt 0.519113 0.432361
vt 0.507431 0.405590
vt 0.507388 0.418976
vt 0.605724 0.539282
vt 0.601143 0.539446
vt 0.589418 0.526061
vt 0.577693 0.512675
vt 0.565969 0.499290
vt 0.554244 0.485904
vt 0.542519 0.472518
vt 0.530794 0.459133
vt 0.519070 0.445747
vt 0.507345 0.432361
vt 0.495663 0.405590
vt 0.495620 0.418976
vt 0.605674 0.552712
vt 0.601100 0.552832
vt 0.589375 0.539446
vt 0.577650 0.526061
vt 0.565926 0.512675
vt 0.554201 0.499289
vt 0.542476 0.485904
vt 0.530751 0.472518
vt 0.519027 0.459133
vt 0.507302 0.445747
vt 0.495577 0.432361
vt 0.488979 0.402201
vt 0.491080 0.415897
vt 0.605624 0.566141
vt 0.601057 0.566218
vt 0.589332 0.552832
vt 0.577607 0.539446
vt 0.565883 0.526061
vt 0.554158 0.512675
vt 0.542433 0.499290
vt 0.530708 0.485904
vt 0.518984 0.472518
vt 0.507259 0.459133
vt 0.495534 0.445747
vt 0.491037 0.429495
vt 0.605574 0.579571
vt 0.601014 0.579603
vt 0.589289 0.566218
vt 0.577564 0.552832
vt 0.565840 0.539446
vt 0.554115 0.526061
vt 0.542390 0.512675
vt 0.530665 0.499290
vt 0.518941 0.485904
vt 0.507216 0.472518
vt 0.495491 0.459133
vt 0.490994 0.443092
vt 0.605525 0.593000
vt 0.600971 0.592989
vt 0.589246 0.579603
vt 0.577521 0.566218
vt 0.565797 0.552832
vt 0.554072 0.539446
vt 0.542347 0.526061
vt 0.530622 0.512675
vt 0.518898 0.499290
vt 0.507173 0.485904
vt 0.495448 0.472518
vt 0.490951 0.456690
vt 0.605475 0.606430
vt 0.600928 0.606374
vt 0.589203 0.592989
vt 0.577478 0.579603
vt 0.565754 0.566218
vt 0.554029 0.552832
vt 0.542304 0.539446
vt 0.530579 0.526061
vt 0.518855 0.512675
vt 0.507130 0.499290
vt 0.495405 0.485904
vt 0.490908 0.470287
vt 0.605408 0.611611
vt 0.600869 0.611382
vt 0.589160 0.606374
vt 0.577435 0.592989
vt 0.565711 0.579603
vt 0.553986 0.566217
vt 0.542261 0.552832
vt 0.530536 0.539446
vt 0.518812 0.526061
vt 0.507087 0.512675
vt 0.495362 0.499290
vt 0.490865 0.483885
vt 0.589101 0.611382
vt 0.577392 0.606374
vt 0.565668 0.592989
vt 0.553943 0.579603
vt 0.542218 0.566218
vt 0.530493 0.552832
vt 0.518769 0.539446
vt 0.507044 0.526061
vt 0.495319 0.512675
vt 0.490822 0.497482
vt 0.577333 0.611382
vt 0.565625 0.606374
vt 0.553900 0.592989
vt 0.542175 0.579603
vt 0.530450 0.566218
vt 0.518726 0.552832
vt 0.507001 0.539446
vt 0.495276 0.526061
vt 0.490779 0.511079
vt 0.565565 0.611382
vt 0.553857 0.606374
vt 0.542132 0.592989
vt 0.530407 0.579603
vt 0.518683 0.566218
vt 0.506958 0.552832
vt 0.495233 0.539446
vt 0.490736 0.524677
vt 0.553797 0.611382
vt 0.542089 0.606374
vt 0.530364 0.592989
vt 0.518640 0.579603
vt 0.506915 0.566218
vt 0.495190 0.552832
vt 0.490693 0.538275
vt 0.542062 0.611382
vt 0.530321 0.606374
vt 0.518597 0.592989
vt 0.506872 0.579603
vt 0.495147 0.566218
vt 0.490650 0.551872
vt 0.530295 0.611382
vt 0.518554 0.606374
vt 0.506829 0.592989
vt 0.495104 0.579603
vt 0.490607 0.565469
vt 0.518527 0.611382
vt 0.506786 0.606374
vt 0.495061 0.592989
vt 0.490564 0.579067
vt 0.506759 0.611382
vt 0.495018 0.606374
vt 0.490521 0.592664
vt 0.494991 0.611382
vt 0.490478 0.606262
vt 0.490452 0.611611
vt 0.659095 0.950411
vt 0.666322 0.950312
vt 0.664178 0.965756
vt 0.659095 0.965756
vt 0.670862 0.965756
vt 0.670862 0.950412
vt 0.889897 0.864289
vt 0.889897 0.859205
vt 0.889996 0.857061
vt 0.889897 0.852521
vt 0.104634 0.561702
vt 0.104359 0.555716
vt 0.107059 0.555736
vt 0.107670 0.561781
vt 0.103656 0.561741
vt 0.103337 0.554832
vt 0.107950 0.554867
vt 0.108649 0.561758
vt 0.104631 0.573610
vt 0.107667 0.573619
vt 0.103653 0.573607
vt 0.108647 0.573623
vt 0.104631 0.585377
vt 0.107667 0.585387
vt 0.103653 0.585374
vt 0.108647 0.585390
vt 0.104631 0.597145
vt 0.107667 0.597155
vt 0.103653 0.597142
vt 0.108647 0.597158
vt 0.104631 0.608913
vt 0.107667 0.608923
vt 0.103653 0.608910
vt 0.108647 0.608926
vt 0.104631 0.620681
vt 0.107667 0.620690
vt 0.103653 0.620678
vt 0.108647 0.620694
vt 0.104631 0.632448
vt 0.107667 0.632458
vt 0.103653 0.632445
vt 0.108647 0.632461
vt 0.104631 0.644216
vt 0.107667 0.644226
vt 0.103653 0.644213
vt 0.108647 0.644229
vt 0.104631 0.655984
vt 0.107667 0.655994
vt 0.103653 0.655981
vt 0.108647 0.655997
vt 0.104636 0.668010
vt 0.107669 0.667680
vt 0.103655 0.667847
vt 0.108649 0.667863
vt 0.102666 0.673789
vt 0.104635 0.673775
vt 0.101323 0.674675
vt 0.105261 0.674645
vt 0.516841 0.934600
vt 0.517629 0.935039
vt 0.517605 0.938282
vt 0.516808 0.939213
vt 0.514015 0.939308
vt 0.514050 0.934695
vt 0.458131 0.941964
vt 0.459631 0.941006
vt 0.459656 0.944944
vt 0.458143 0.943481
vt 0.461166 0.941003
vt 0.461196 0.944941
vt 0.347723 0.588410
vt 0.335955 0.588410
vt 0.335955 0.573065
vt 0.347723 0.573065
vt 0.347723 0.603754
vt 0.335955 0.603754
vt 0.334736 0.573008
vt 0.346503 0.573008
vt 0.324188 0.603754
vt 0.324188 0.588410
vt 0.335955 0.619099
vt 0.324188 0.619099
vt 0.312420 0.603754
vt 0.312420 0.588410
vt 0.335955 0.634444
vt 0.324188 0.634444
vt 0.307880 0.603655
vt 0.307880 0.588310
vt 0.335955 0.649788
vt 0.324188 0.649788
vt 0.300652 0.588410
vt 0.300652 0.603754
vt 0.335955 0.665133
vt 0.324188 0.665133
vt 0.322968 0.665076
vt 0.322968 0.649732
vt 0.366623 0.607643
vt 0.354856 0.607643
vt 0.354856 0.592298
vt 0.366623 0.592298
vt 0.366623 0.622988
vt 0.354856 0.622988
vt 0.356075 0.592242
vt 0.367843 0.592242
vt 0.378391 0.622987
vt 0.378391 0.607643
vt 0.378391 0.638332
vt 0.366623 0.638332
vt 0.390159 0.622988
vt 0.390159 0.607643
vt 0.378391 0.653677
vt 0.366623 0.653677
vt 0.394699 0.622888
vt 0.394699 0.607544
vt 0.378391 0.669021
vt 0.366623 0.669022
vt 0.401927 0.622988
vt 0.401927 0.607643
vt 0.378391 0.684366
vt 0.366623 0.684366
vt 0.379611 0.668965
vt 0.379611 0.684310
vt 0.198904 0.894863
vt 0.198904 0.906631
vt 0.183559 0.906631
vt 0.183559 0.894863
vt 0.198847 0.907851
vt 0.183503 0.907851
vt 0.198904 0.883096
vt 0.183559 0.883096
vt 0.183503 0.896083
vt 0.183503 0.884315
vt 0.219886 0.896083
vt 0.219886 0.907851
vt 0.204541 0.907851
vt 0.204541 0.896083
vt 0.204485 0.906631
vt 0.204485 0.894863
vt 0.219886 0.884315
vt 0.204541 0.884315
vt 0.204485 0.883096
vt 0.219829 0.883096
vt 0.432595 0.690672
vt 0.432595 0.675327
vt 0.433814 0.675271
vt 0.433814 0.690616
vt 0.432595 0.659983
vt 0.433814 0.659926
vt 0.420827 0.659983
vt 0.422047 0.659926
vt 0.420827 0.644638
vt 0.422047 0.644581
vt 0.420827 0.629293
vt 0.422047 0.629237
vt 0.420827 0.613949
vt 0.422047 0.613892
vt 0.420827 0.598604
vt 0.422047 0.598547
vt 0.409059 0.598604
vt 0.410279 0.598547
vt 0.512319 0.910401
vt 0.505091 0.910301
vt 0.506311 0.910245
vt 0.513539 0.910344
vt 0.505091 0.894957
vt 0.506311 0.894900
vt 0.516859 0.910301
vt 0.518079 0.910245
vt 0.505091 0.879612
vt 0.506311 0.879556
vt 0.528627 0.910301
vt 0.529846 0.910245
vt 0.505091 0.864267
vt 0.506311 0.864211
vt 0.267605 0.888675
vt 0.267605 0.876907
vt 0.275059 0.875704
vt 0.275059 0.887472
vt 0.267500 0.893215
vt 0.274960 0.892012
vt 0.267431 0.900443
vt 0.275059 0.899240
vt 0.286664 0.582200
vt 0.286675 0.560359
vt 0.287879 0.567110
vt 0.287884 0.582257
vt 0.286669 0.597347
vt 0.287889 0.597403
vt 0.286675 0.612493
vt 0.287895 0.612549
vt 0.286680 0.627639
vt 0.287900 0.627696
vt 0.286686 0.642786
vt 0.287905 0.642842
vt 0.286691 0.657932
vt 0.287911 0.657989
vt 0.676580 0.965634
vt 0.676582 0.950388
vt 0.677802 0.950332
vt 0.677799 0.965577
vt 0.441752 0.675327
vt 0.441752 0.690672
vt 0.440532 0.690615
vt 0.440532 0.675271
vt 0.441752 0.659983
vt 0.440532 0.659926
vt 0.453520 0.659983
vt 0.452300 0.659926
vt 0.453520 0.644638
vt 0.452300 0.644581
vt 0.453520 0.629293
vt 0.452300 0.629237
vt 0.453520 0.613949
vt 0.452300 0.613892
vt 0.453520 0.598604
vt 0.452300 0.598547
vt 0.465287 0.598604
vt 0.464068 0.598547
vt 0.487819 0.916793
vt 0.476052 0.916793
vt 0.474832 0.916737
vt 0.486600 0.916737
vt 0.492359 0.916892
vt 0.491139 0.916836
vt 0.499587 0.916793
vt 0.498367 0.916737
vt 0.499587 0.901448
vt 0.498367 0.901392
vt 0.499587 0.886104
vt 0.498367 0.886047
vt 0.499587 0.870759
vt 0.498367 0.870703
vt 0.281593 0.908599
vt 0.281488 0.904059
vt 0.288948 0.905263
vt 0.289047 0.909803
vt 0.281419 0.896832
vt 0.289047 0.898035
vt 0.281593 0.920367
vt 0.289047 0.921571
vt 0.294905 0.642786
vt 0.294910 0.657932
vt 0.293690 0.657989
vt 0.293685 0.642842
vt 0.294899 0.627639
vt 0.293680 0.627696
vt 0.294894 0.612493
vt 0.293674 0.612549
vt 0.294889 0.597347
vt 0.293669 0.597403
vt 0.294883 0.582200
vt 0.293663 0.582257
vt 0.294861 0.560359
vt 0.293658 0.567110
vt 0.684796 0.950388
vt 0.684793 0.965634
vt 0.683574 0.965578
vt 0.683576 0.950332
vt 0.225523 0.896083
vt 0.225523 0.907851
vt 0.225467 0.906631
vt 0.225467 0.894863
vt 0.225523 0.884315
vt 0.225467 0.883096
vt 0.240868 0.884315
vt 0.240811 0.883096
vt 0.246505 0.894863
vt 0.246505 0.906631
vt 0.246449 0.907851
vt 0.246449 0.896083
vt 0.261850 0.906631
vt 0.261793 0.907851
vt 0.246505 0.883096
vt 0.246449 0.884315
vt 0.468108 0.916793
vt 0.468108 0.901448
vt 0.469328 0.901392
vt 0.469328 0.916737
vt 0.468108 0.886104
vt 0.469328 0.886047
vt 0.468108 0.870759
vt 0.469328 0.870703
vt 0.034885 0.908032
vt 0.034880 0.892885
vt 0.036100 0.892942
vt 0.036105 0.908088
vt 0.034891 0.923178
vt 0.036111 0.923234
vt 0.783246 0.965450
vt 0.783238 0.950403
vt 0.784458 0.950459
vt 0.784466 0.965507
vt 0.462603 0.870759
vt 0.462603 0.886104
vt 0.461384 0.886047
vt 0.461384 0.870703
vt 0.462603 0.901448
vt 0.461384 0.901392
vt 0.462603 0.916793
vt 0.461384 0.916737
vt 0.043099 0.907948
vt 0.043105 0.923095
vt 0.041885 0.923151
vt 0.041879 0.908005
vt 0.043094 0.892802
vt 0.041874 0.892858
vt 0.791452 0.950412
vt 0.791460 0.965459
vt 0.790240 0.965516
vt 0.790232 0.950469
vt 0.569921 0.704343
vt 0.569934 0.689494
vt 0.571154 0.689437
vt 0.571141 0.704286
vt 0.569948 0.674645
vt 0.571168 0.674588
vt 0.569961 0.659796
vt 0.571181 0.659739
vt 0.569975 0.644946
vt 0.571195 0.644890
vt 0.569988 0.630097
vt 0.571208 0.630041
vt 0.570002 0.615248
vt 0.571221 0.615192
vt 0.318032 0.682572
vt 0.317992 0.668714
vt 0.319212 0.668770
vt 0.319252 0.682628
vt 0.318073 0.696429
vt 0.319292 0.696486
vt 0.318113 0.710287
vt 0.319333 0.710344
vt 0.318153 0.724145
vt 0.319373 0.724201
vt 0.318194 0.738003
vt 0.319413 0.738059
vt 0.318234 0.751860
vt 0.319454 0.751917
vt 0.055862 0.845863
vt 0.055876 0.831014
vt 0.057095 0.830958
vt 0.057082 0.845807
vt 0.055889 0.816166
vt 0.057109 0.816109
vt 0.055902 0.801316
vt 0.057122 0.801260
vt 0.055916 0.786467
vt 0.057136 0.786411
vt 0.055929 0.771618
vt 0.057149 0.771562
vt 0.405602 0.795850
vt 0.405562 0.781992
vt 0.406782 0.782048
vt 0.406822 0.795906
vt 0.405643 0.809707
vt 0.406863 0.809764
vt 0.405683 0.823565
vt 0.406903 0.823622
vt 0.405723 0.837423
vt 0.406943 0.837479
vt 0.405764 0.851281
vt 0.406983 0.851337
vt 0.064143 0.771618
vt 0.064130 0.786467
vt 0.062910 0.786411
vt 0.062923 0.771562
vt 0.064116 0.801316
vt 0.062896 0.801260
vt 0.064103 0.816165
vt 0.062883 0.816109
vt 0.064089 0.831014
vt 0.062869 0.830958
vt 0.064076 0.845863
vt 0.062856 0.845807
vt 0.413937 0.837423
vt 0.413977 0.851281
vt 0.412758 0.851337
vt 0.412717 0.837479
vt 0.413897 0.823565
vt 0.412677 0.823622
vt 0.413856 0.809707
vt 0.412637 0.809764
vt 0.413816 0.795850
vt 0.412596 0.795906
vt 0.413776 0.781992
vt 0.412556 0.782048
vt 0.578215 0.615248
vt 0.578202 0.630097
vt 0.576982 0.630041
vt 0.576996 0.615192
vt 0.578189 0.644946
vt 0.576969 0.644890
vt 0.578175 0.659795
vt 0.576955 0.659739
vt 0.578162 0.674644
vt 0.576942 0.674588
vt 0.578148 0.689494
vt 0.576928 0.689437
vt 0.578135 0.704342
vt 0.576915 0.704286
vt 0.312447 0.738002
vt 0.312488 0.751860
vt 0.311268 0.751917
vt 0.311228 0.738059
vt 0.312407 0.724145
vt 0.311187 0.724201
vt 0.312367 0.710287
vt 0.311147 0.710343
vt 0.312326 0.696429
vt 0.311107 0.696486
vt 0.312286 0.682572
vt 0.311066 0.682628
vt 0.312246 0.668714
vt 0.311026 0.668770
vt 0.202599 0.561029
vt 0.202599 0.572797
vt 0.195742 0.572797
vt 0.195742 0.561029
vt 0.202599 0.584564
vt 0.195742 0.584564
vt 0.202599 0.596332
vt 0.195742 0.596332
vt 0.202599 0.608100
vt 0.195742 0.608100
vt 0.202599 0.619835
vt 0.195742 0.619835
vt 0.202599 0.631603
vt 0.195742 0.631603
vt 0.202599 0.643370
vt 0.195742 0.643370
vt 0.202599 0.655138
vt 0.195742 0.655138
vt 0.202599 0.666906
vt 0.195742 0.666906
vt 0.209730 0.572797
vt 0.209730 0.561029
vt 0.216587 0.561029
vt 0.216587 0.572797
vt 0.209730 0.584564
vt 0.216587 0.584564
vt 0.209730 0.596332
vt 0.216587 0.596332
vt 0.209730 0.608100
vt 0.216587 0.608100
vt 0.209730 0.619835
vt 0.216587 0.619835
vt 0.209730 0.631603
vt 0.216587 0.631603
vt 0.209730 0.643370
vt 0.216587 0.643370
vt 0.209730 0.655138
vt 0.216587 0.655138
vt 0.209730 0.666906
vt 0.216587 0.666906
vt 0.529920 0.258137
vt 0.546957 0.258137
vt 0.546957 0.264253
vt 0.529920 0.264253
vt 0.529920 0.233746
vt 0.546957 0.233746
vt 0.546957 0.287091
vt 0.529920 0.287091
vt 0.512883 0.258137
vt 0.512883 0.264253
vt 0.529920 0.208741
vt 0.546957 0.208741
vt 0.512883 0.233746
vt 0.546957 0.303698
vt 0.529920 0.303698
vt 0.512883 0.287091
vt 0.503895 0.264253
vt 0.503895 0.258137
vt 0.529920 0.154295
vt 0.546957 0.154295
vt 0.512883 0.208741
vt 0.503895 0.233745
vt 0.546957 0.323235
vt 0.529920 0.323235
vt 0.512883 0.303698
vt 0.503895 0.287091
vt 0.501811 0.264253
vt 0.501811 0.258137
vt 0.529920 0.137525
vt 0.546957 0.137525
vt 0.512883 0.154295
vt 0.503895 0.208782
vt 0.501811 0.233745
vt 0.548548 0.303699
vt 0.547752 0.323235
vt 0.546957 0.330480
vt 0.529920 0.330480
vt 0.512883 0.323235
vt 0.507204 0.303698
vt 0.507204 0.287091
vt 0.501811 0.287091
vt 0.499727 0.264253
vt 0.499727 0.258137
vt 0.529920 0.127641
vt 0.546957 0.127641
vt 0.512883 0.137525
vt 0.503895 0.154376
vt 0.501811 0.208782
vt 0.499727 0.233745
vt 0.546957 0.275148
vt 0.547920 0.275148
vt 0.562993 0.303698
vt 0.562993 0.323235
vt 0.547752 0.330480
vt 0.546957 0.340195
vt 0.529920 0.340195
vt 0.512883 0.330480
vt 0.507204 0.323235
vt 0.501525 0.303698
vt 0.501525 0.287091
vt 0.499727 0.287091
vt 0.497643 0.258137
vt 0.497643 0.264253
vt 0.529920 0.122833
vt 0.546957 0.122833
vt 0.548548 0.137525
vt 0.547753 0.127641
vt 0.512883 0.127641
vt 0.507204 0.137525
vt 0.507204 0.154295
vt 0.501811 0.154376
vt 0.499727 0.208782
vt 0.497643 0.233745
vt 0.546957 0.267502
vt 0.547752 0.267502
vt 0.562992 0.275148
vt 0.562993 0.330480
vt 0.547752 0.340195
vt 0.546829 0.388230
vt 0.529792 0.388230
vt 0.512883 0.340195
vt 0.507204 0.330480
vt 0.501525 0.323235
vt 0.495845 0.303698
vt 0.495845 0.287091
vt 0.497643 0.287091
vt 0.495559 0.264253
vt 0.495559 0.258137
vt 0.529920 0.117725
vt 0.546957 0.117725
vt 0.547752 0.122833
vt 0.512883 0.122833
vt 0.547752 0.205670
vt 0.546957 0.205670
vt 0.562993 0.127641
vt 0.562993 0.137525
vt 0.507204 0.127641
vt 0.501525 0.137525
vt 0.501525 0.154295
vt 0.499727 0.154376
vt 0.497643 0.208782
vt 0.495559 0.233745
vt 0.546957 0.237010
vt 0.547752 0.237010
vt 0.562991 0.267503
vt 0.562993 0.340195
vt 0.547752 0.385459
vt 0.512754 0.388230
vt 0.507204 0.340195
vt 0.501525 0.330480
vt 0.495845 0.323235
vt 0.490166 0.303698
vt 0.490166 0.287091
vt 0.495559 0.287091
vt 0.493475 0.264253
vt 0.493475 0.258137
vt 0.529920 0.112376
vt 0.546957 0.112376
vt 0.547752 0.117725
vt 0.512883 0.117725
vt 0.562993 0.122833
vt 0.507204 0.122833
vt 0.562993 0.205670
vt 0.501525 0.127641
vt 0.495845 0.137525
vt 0.495845 0.154295
vt 0.497643 0.154376
vt 0.495559 0.208782
vt 0.493475 0.233745
vt 0.562993 0.237010
vt 0.562993 0.385459
vt 0.547752 0.395849
vt 0.546829 0.398620
vt 0.507075 0.388230
vt 0.501524 0.340195
vt 0.495845 0.330480
vt 0.490166 0.323235
vt 0.484487 0.303698
vt 0.484487 0.287091
vt 0.493475 0.287091
vt 0.491391 0.258137
vt 0.491391 0.264253
vt 0.529920 0.070807
vt 0.546957 0.070807
vt 0.547752 0.112376
vt 0.512883 0.112376
vt 0.562993 0.117725
vt 0.507204 0.117725
vt 0.501525 0.122833
vt 0.495845 0.127641
vt 0.490166 0.137525
vt 0.490166 0.154295
vt 0.495559 0.154376
vt 0.493475 0.208782
vt 0.491391 0.233745
vt 0.562993 0.395849
vt 0.501396 0.388230
vt 0.495845 0.340195
vt 0.490166 0.330480
vt 0.484487 0.323235
vt 0.478808 0.303698
vt 0.478808 0.287091
vt 0.491391 0.287091
vt 0.489307 0.264253
vt 0.489307 0.258137
vt 0.529920 0.064904
vt 0.546957 0.064904
vt 0.547752 0.070807
vt 0.512883 0.070807
vt 0.562993 0.112376
vt 0.507204 0.112376
vt 0.501525 0.117725
vt 0.495845 0.122833
vt 0.490166 0.127641
vt 0.484487 0.137525
vt 0.484487 0.154295
vt 0.493475 0.154376
vt 0.491391 0.208782
vt 0.489307 0.233745
vt 0.495717 0.388230
vt 0.490166 0.340195
vt 0.484487 0.330480
vt 0.478808 0.323235
vt 0.473129 0.303698
vt 0.473129 0.287091
vt 0.489307 0.287091
vt 0.451272 0.264253
vt 0.451272 0.258137
vt 0.529920 0.059528
vt 0.546957 0.059528
vt 0.547752 0.064904
vt 0.512883 0.064904
vt 0.507204 0.070807
vt 0.501524 0.112376
vt 0.495845 0.117725
vt 0.490166 0.122833
vt 0.484487 0.127641
vt 0.478808 0.137525
vt 0.478808 0.154295
vt 0.491391 0.154376
vt 0.489307 0.208782
vt 0.451272 0.233745
vt 0.490038 0.388230
vt 0.484487 0.340195
vt 0.478808 0.330480
vt 0.473129 0.323235
vt 0.467450 0.303698
vt 0.467450 0.287091
vt 0.451272 0.287091
vt 0.449188 0.258137
vt 0.449188 0.264253
vt 0.529920 0.049305
vt 0.546957 0.049305
vt 0.547752 0.059528
vt 0.512883 0.059528
vt 0.562993 0.064904
vt 0.562993 0.070807
vt 0.507204 0.064904
vt 0.501525 0.070807
vt 0.495845 0.112376
vt 0.490166 0.117725
vt 0.484487 0.122833
vt 0.478808 0.127641
vt 0.473129 0.137525
vt 0.473129 0.154295
vt 0.489307 0.154376
vt 0.451272 0.208782
vt 0.449188 0.233745
vt 0.484359 0.388230
vt 0.478808 0.340195
vt 0.473129 0.330480
vt 0.467450 0.323235
vt 0.461771 0.303698
vt 0.461771 0.287091
vt 0.449188 0.287091
vt 0.447104 0.264253
vt 0.447104 0.258137
vt 0.529920 0.043024
vt 0.546957 0.043024
vt 0.548548 0.049305
vt 0.512883 0.049305
vt 0.562993 0.059528
vt 0.507204 0.059528
vt 0.501524 0.064904
vt 0.495845 0.070807
vt 0.490166 0.112376
vt 0.484487 0.117725
vt 0.478808 0.122833
vt 0.473129 0.127641
vt 0.467450 0.137525
vt 0.467450 0.154295
vt 0.451272 0.154376
vt 0.449188 0.208782
vt 0.447104 0.233745
vt 0.478680 0.388230
vt 0.473129 0.340195
vt 0.467450 0.330480
vt 0.461771 0.323235
vt 0.456092 0.303698
vt 0.456092 0.287091
vt 0.447104 0.287091
vt 0.445020 0.264253
vt 0.445020 0.258137
vt 0.512883 0.043024
vt 0.529920 0.022317
vt 0.546957 0.022317
vt 0.546957 0.022157
vt 0.548548 0.022157
vt 0.562993 0.049305
vt 0.507204 0.049305
vt 0.501525 0.059528
vt 0.495845 0.064904
vt 0.490166 0.070807
vt 0.484487 0.112376
vt 0.478808 0.117725
vt 0.473129 0.122833
vt 0.467450 0.127641
vt 0.461771 0.137525
vt 0.461771 0.154295
vt 0.449188 0.154376
vt 0.447104 0.208782
vt 0.445020 0.233745
vt 0.473001 0.388230
vt 0.467450 0.340195
vt 0.461771 0.330480
vt 0.456092 0.323235
vt 0.450412 0.303698
vt 0.450412 0.287091
vt 0.445020 0.287091
vt 0.442936 0.258137
vt 0.442936 0.264253
vt 0.507204 0.043024
vt 0.512883 0.022317
vt 0.562993 0.022157
vt 0.501525 0.049305
vt 0.495845 0.059528
vt 0.490166 0.064904
vt 0.484487 0.070807
vt 0.478808 0.112376
vt 0.473129 0.117725
vt 0.467450 0.122833
vt 0.461771 0.127641
vt 0.456092 0.137525
vt 0.456092 0.154295
vt 0.447104 0.154376
vt 0.445020 0.208782
vt 0.442936 0.233745
vt 0.467321 0.388230
vt 0.461771 0.340195
vt 0.456092 0.330480
vt 0.450413 0.323235
vt 0.444733 0.303698
vt 0.444733 0.287091
vt 0.442936 0.287091
vt 0.440852 0.264253
vt 0.440852 0.258137
vt 0.501525 0.043024
vt 0.507204 0.022317
vt 0.495845 0.049305
vt 0.490166 0.059528
vt 0.484487 0.064904
vt 0.478808 0.070807
vt 0.473129 0.112376
vt 0.467450 0.117725
vt 0.461771 0.122833
vt 0.456092 0.127641
vt 0.450412 0.137525
vt 0.450412 0.154295
vt 0.445020 0.154376
vt 0.442936 0.208782
vt 0.440852 0.233745
vt 0.461642 0.388230
vt 0.456092 0.340195
vt 0.450412 0.330480
vt 0.444733 0.323235
vt 0.439054 0.303698
vt 0.439054 0.287091
vt 0.440852 0.287091
vt 0.438768 0.264253
vt 0.438768 0.258137
vt 0.495845 0.043024
vt 0.501525 0.022317
vt 0.490166 0.049305
vt 0.484487 0.059528
vt 0.478808 0.064904
vt 0.473129 0.070807
vt 0.467450 0.112376
vt 0.461771 0.117725
vt 0.456092 0.122833
vt 0.450412 0.127641
vt 0.444733 0.137525
vt 0.444733 0.154295
vt 0.442936 0.154376
vt 0.440852 0.208782
vt 0.438768 0.233745
vt 0.455963 0.388230
vt 0.450412 0.340195
vt 0.444733 0.330480
vt 0.439054 0.323235
vt 0.433375 0.303698
vt 0.433375 0.287091
vt 0.438768 0.287091
vt 0.436684 0.258137
vt 0.436684 0.264253
vt 0.490166 0.043024
vt 0.495845 0.022317
vt 0.484487 0.049305
vt 0.478808 0.059528
vt 0.473129 0.064904
vt 0.467450 0.070807
vt 0.461771 0.112376
vt 0.456092 0.117725
vt 0.450413 0.122833
vt 0.444733 0.127641
vt 0.439054 0.137525
vt 0.439054 0.154295
vt 0.440852 0.154376
vt 0.438768 0.208782
vt 0.436684 0.233745
vt 0.450284 0.388230
vt 0.444733 0.340195
vt 0.439054 0.330480
vt 0.433375 0.323235
vt 0.427696 0.303698
vt 0.427696 0.287091
vt 0.436684 0.287091
vt 0.427696 0.264253
vt 0.427696 0.258137
vt 0.484487 0.043024
vt 0.490166 0.022317
vt 0.478808 0.049305
vt 0.473129 0.059528
vt 0.467450 0.064903
vt 0.461771 0.070807
vt 0.456092 0.112376
vt 0.450412 0.117725
vt 0.444733 0.122833
vt 0.439054 0.127641
vt 0.433375 0.137525
vt 0.433375 0.154295
vt 0.438768 0.154376
vt 0.436684 0.208782
vt 0.427696 0.233745
vt 0.444605 0.388230
vt 0.439054 0.340195
vt 0.433375 0.330480
vt 0.427696 0.323235
vt 0.410659 0.303698
vt 0.410659 0.287091
vt 0.410659 0.258137
vt 0.410659 0.264253
vt 0.478808 0.043024
vt 0.484487 0.022317
vt 0.473129 0.049305
vt 0.467450 0.059528
vt 0.461771 0.064903
vt 0.456092 0.070807
vt 0.450412 0.112376
vt 0.444733 0.117725
vt 0.439054 0.122833
vt 0.433375 0.127641
vt 0.427696 0.137525
vt 0.427696 0.154295
vt 0.436684 0.154376
vt 0.427696 0.208741
vt 0.410659 0.233746
vt 0.438926 0.388230
vt 0.433375 0.340195
vt 0.427696 0.330480
vt 0.410659 0.323235
vt 0.393621 0.303698
vt 0.393621 0.287091
vt 0.393621 0.258137
vt 0.393621 0.264253
vt 0.473129 0.043024
vt 0.478808 0.022317
vt 0.467450 0.049305
vt 0.461771 0.059528
vt 0.456092 0.064903
vt 0.450412 0.070807
vt 0.444733 0.112376
vt 0.439054 0.117725
vt 0.433375 0.122833
vt 0.427696 0.127641
vt 0.410659 0.137525
vt 0.410659 0.154295
vt 0.410659 0.208741
vt 0.393621 0.233745
vt 0.433247 0.388230
vt 0.427696 0.340195
vt 0.410659 0.330480
vt 0.393621 0.323235
vt 0.467450 0.043024
vt 0.473129 0.022317
vt 0.461771 0.049305
vt 0.456092 0.059528
vt 0.450413 0.064903
vt 0.444733 0.070807
vt 0.439054 0.112376
vt 0.433375 0.117725
vt 0.427696 0.122833
vt 0.410659 0.127641
vt 0.393621 0.137525
vt 0.393621 0.154295
vt 0.393621 0.208741
vt 0.427568 0.388230
vt 0.410659 0.340195
vt 0.393621 0.330480
vt 0.392031 0.303698
vt 0.392826 0.323235
vt 0.461771 0.043024
vt 0.467450 0.022317
vt 0.456092 0.049305
vt 0.450413 0.059528
vt 0.444733 0.064903
vt 0.439054 0.070807
vt 0.433375 0.112376
vt 0.427696 0.117725
vt 0.410659 0.122833
vt 0.393621 0.127641
vt 0.410530 0.388230
vt 0.393621 0.340195
vt 0.392826 0.330480
vt 0.392658 0.275148
vt 0.393621 0.275148
vt 0.377586 0.323235
vt 0.377586 0.303698
vt 0.456092 0.043024
vt 0.461771 0.022317
vt 0.450413 0.049305
vt 0.444733 0.059528
vt 0.439054 0.064903
vt 0.433375 0.070807
vt 0.427696 0.112376
vt 0.410659 0.117725
vt 0.393621 0.122833
vt 0.392031 0.137525
vt 0.392826 0.127641
vt 0.393493 0.388230
vt 0.392826 0.340195
vt 0.377586 0.330480
vt 0.392826 0.267503
vt 0.393621 0.267502
vt 0.377587 0.275148
vt 0.450413 0.043024
vt 0.456092 0.022317
vt 0.444733 0.049305
vt 0.439054 0.059528
vt 0.433375 0.064903
vt 0.427696 0.070807
vt 0.410659 0.112376
vt 0.393621 0.117725
vt 0.392826 0.122833
vt 0.393621 0.205670
vt 0.392826 0.205670
vt 0.377586 0.137525
vt 0.377586 0.127641
vt 0.392826 0.385459
vt 0.377586 0.340195
vt 0.392826 0.237010
vt 0.393621 0.237010
vt 0.377587 0.267503
vt 0.444733 0.043024
vt 0.450412 0.022317
vt 0.439054 0.049305
vt 0.433375 0.059528
vt 0.427696 0.064903
vt 0.410659 0.070807
vt 0.393621 0.112376
vt 0.392826 0.117725
vt 0.377586 0.122833
vt 0.377586 0.205670
vt 0.393493 0.398620
vt 0.392826 0.395849
vt 0.377586 0.385459
vt 0.377586 0.237010
vt 0.439054 0.043024
vt 0.444733 0.022317
vt 0.433375 0.049305
vt 0.427696 0.059528
vt 0.410659 0.064903
vt 0.393621 0.070807
vt 0.392826 0.112376
vt 0.377586 0.117725
vt 0.377586 0.395849
vt 0.433375 0.043024
vt 0.439054 0.022317
vt 0.427696 0.049305
vt 0.410659 0.059528
vt 0.393621 0.064903
vt 0.392826 0.070807
vt 0.377586 0.112376
vt 0.427696 0.043024
vt 0.433375 0.022317
vt 0.410659 0.049305
vt 0.393621 0.059528
vt 0.392826 0.064903
vt 0.410659 0.043024
vt 0.427696 0.022317
vt 0.393621 0.049305
vt 0.392826 0.059528
vt 0.377586 0.070807
vt 0.377586 0.064903
vt 0.393621 0.043024
vt 0.410659 0.022317
vt 0.392031 0.049305
vt 0.377586 0.059528
vt 0.393621 0.022317
vt 0.392031 0.022157
vt 0.393621 0.022157
vt 0.377586 0.049305
vt 0.377586 0.022157
vt 0.354771 0.080828
vt 0.365821 0.081333
vt 0.365821 0.091561
vt 0.354771 0.091056
vt 0.354771 0.036958
vt 0.365821 0.037463
vt 0.365821 0.099187
vt 0.354771 0.098682
vt 0.337734 0.080828
vt 0.337734 0.091056
vt 0.354762 0.026513
vt 0.365821 0.026903
vt 0.337734 0.036958
vt 0.354771 0.118990
vt 0.365821 0.119495
vt 0.337734 0.098682
vt 0.332055 0.091056
vt 0.332055 0.080828
vt 0.337724 0.026513
vt 0.354762 0.022157
vt 0.366752 0.022470
vt 0.332055 0.036958
vt 0.337734 0.118990
vt 0.365821 0.148945
vt 0.354771 0.148440
vt 0.332055 0.098682
vt 0.326376 0.091056
vt 0.326376 0.080828
vt 0.332048 0.026475
vt 0.337724 0.022157
vt 0.326376 0.036958
vt 0.332055 0.118990
vt 0.337734 0.148440
vt 0.224460 0.161930
vt 0.224460 0.148945
vt 0.235510 0.148440
vt 0.252547 0.148440
vt 0.258226 0.148440
vt 0.263905 0.148440
vt 0.269585 0.148440
vt 0.275264 0.148440
vt 0.280943 0.148440
vt 0.286622 0.148440
vt 0.292301 0.148440
vt 0.297980 0.148440
vt 0.303659 0.148440
vt 0.309338 0.148440
vt 0.315017 0.148440
vt 0.320696 0.148440
vt 0.326376 0.148440
vt 0.332055 0.148440
vt 0.365821 0.156831
vt 0.354771 0.156326
vt 0.354771 0.183282
vt 0.354771 0.214539
vt 0.371809 0.214539
vt 0.354771 0.214539
vt 0.354771 0.283680
vt 0.371809 0.283680
vt 0.354771 0.283680
vt 0.354771 0.292970
vt 0.354771 0.297489
vt 0.354771 0.302290
vt 0.354771 0.307627
vt 0.354771 0.349105
vt 0.354771 0.354228
vt 0.354771 0.358893
vt 0.354771 0.367765
vt 0.354771 0.397658
vt 0.337734 0.397658
vt 0.332055 0.397658
vt 0.326376 0.397658
vt 0.320697 0.397658
vt 0.315018 0.397658
vt 0.309338 0.397658
vt 0.303659 0.397658
vt 0.297980 0.397658
vt 0.292301 0.397658
vt 0.286622 0.397658
vt 0.280943 0.397658
vt 0.275264 0.397658
vt 0.269585 0.397658
vt 0.263905 0.397658
vt 0.258226 0.397658
vt 0.252547 0.397658
vt 0.235510 0.397658
vt 0.235510 0.367765
vt 0.235510 0.358893
vt 0.235510 0.354228
vt 0.235510 0.349105
vt 0.235510 0.307627
vt 0.235510 0.302291
vt 0.235510 0.297489
vt 0.235510 0.292970
vt 0.235510 0.283680
vt 0.218473 0.283680
vt 0.235510 0.283680
vt 0.235510 0.214539
vt 0.218473 0.214539
vt 0.235510 0.214539
vt 0.235510 0.183282
vt 0.235510 0.161425
vt 0.326376 0.098682
vt 0.320697 0.080828
vt 0.320696 0.091056
vt 0.326372 0.026436
vt 0.332045 0.022157
vt 0.320697 0.036958
vt 0.326376 0.118990
vt 0.224460 0.119495
vt 0.235510 0.118990
vt 0.252547 0.118990
vt 0.258226 0.118990
vt 0.263906 0.118990
vt 0.269585 0.118990
vt 0.275264 0.118990
vt 0.280943 0.118990
vt 0.286622 0.118990
vt 0.292301 0.118990
vt 0.297980 0.118990
vt 0.303659 0.118990
vt 0.309338 0.118990
vt 0.315017 0.118990
vt 0.320697 0.118990
vt 0.365821 0.183787
vt 0.371809 0.292970
vt 0.371809 0.297489
vt 0.371809 0.302290
vt 0.371808 0.307627
vt 0.371809 0.349105
vt 0.371808 0.354228
vt 0.371809 0.358893
vt 0.371809 0.367765
vt 0.371809 0.397658
vt 0.354844 0.399673
vt 0.337807 0.399673
vt 0.252474 0.399673
vt 0.235437 0.399673
vt 0.218473 0.367765
vt 0.218473 0.397658
vt 0.218473 0.358893
vt 0.218473 0.354228
vt 0.218473 0.349105
vt 0.218473 0.307627
vt 0.218473 0.302290
vt 0.218473 0.297489
vt 0.218473 0.292970
vt 0.224460 0.183787
vt 0.320697 0.098682
vt 0.315017 0.091056
vt 0.315017 0.080828
vt 0.320697 0.026398
vt 0.326366 0.022157
vt 0.315017 0.036958
vt 0.224460 0.099187
vt 0.235510 0.098682
vt 0.252547 0.098682
vt 0.258226 0.098682
vt 0.263905 0.098682
vt 0.269585 0.098682
vt 0.275264 0.098682
vt 0.280943 0.098682
vt 0.286622 0.098682
vt 0.292301 0.098682
vt 0.297980 0.098682
vt 0.303659 0.098682
vt 0.309338 0.098682
vt 0.315017 0.098682
vt 0.309338 0.091056
vt 0.309338 0.080828
vt 0.315017 0.026398
vt 0.320687 0.022157
vt 0.309338 0.036958
vt 0.224460 0.091561
vt 0.235510 0.091056
vt 0.252547 0.091056
vt 0.258226 0.091056
vt 0.263905 0.091056
vt 0.269585 0.091056
vt 0.275264 0.091056
vt 0.280943 0.091056
vt 0.286622 0.091056
vt 0.292301 0.091056
vt 0.297980 0.091056
vt 0.303659 0.091056
vt 0.303659 0.080828
vt 0.309338 0.026398
vt 0.315008 0.022157
vt 0.303659 0.036958
vt 0.224460 0.081333
vt 0.235510 0.080828
vt 0.252547 0.080828
vt 0.258226 0.080828
vt 0.263905 0.080828
vt 0.269585 0.080828
vt 0.275264 0.080828
vt 0.280943 0.080828
vt 0.286622 0.080828
vt 0.292301 0.080828
vt 0.297980 0.080828
vt 0.303659 0.026398
vt 0.308995 0.022230
vt 0.297980 0.036958
vt 0.224460 0.037463
vt 0.235510 0.036958
vt 0.252547 0.036958
vt 0.258226 0.036958
vt 0.263905 0.036958
vt 0.269585 0.036958
vt 0.275264 0.036958
vt 0.280943 0.036958
vt 0.286622 0.036958
vt 0.292301 0.036958
vt 0.297980 0.026398
vt 0.303316 0.022230
vt 0.235510 0.026398
vt 0.224460 0.026903
vt 0.252547 0.026398
vt 0.258226 0.026398
vt 0.263905 0.026398
vt 0.269585 0.026398
vt 0.275264 0.026398
vt 0.280943 0.026398
vt 0.286622 0.026398
vt 0.292301 0.026398
vt 0.297977 0.022157
vt 0.235520 0.022157
vt 0.223529 0.022470
vt 0.252557 0.022157
vt 0.258236 0.022157
vt 0.263915 0.022157
vt 0.269594 0.022157
vt 0.275273 0.022157
vt 0.281286 0.022230
vt 0.286965 0.022230
vt 0.292304 0.022157
vt 0.219525 0.420089
vt 0.220035 0.403434
vt 0.226533 0.403254
vt 0.226023 0.419908
vt 0.219119 0.437126
vt 0.225617 0.436946
vt 0.225481 0.442625
vt 0.218983 0.442805
vt 0.225345 0.448304
vt 0.218847 0.448484
vt 0.218711 0.454163
vt 0.225209 0.453983
vt 0.225074 0.459662
vt 0.218576 0.459842
vt 0.224938 0.465341
vt 0.218440 0.465521
vt 0.218304 0.471200
vt 0.224802 0.471020
vt 0.224667 0.476699
vt 0.218169 0.476880
vt 0.224531 0.482378
vt 0.218033 0.481892
vt 0.217897 0.487572
vt 0.224395 0.488058
vt 0.224259 0.493737
vt 0.217762 0.493251
vt 0.224124 0.499416
vt 0.217626 0.498930
vt 0.217490 0.504609
vt 0.223988 0.505095
vt 0.223853 0.510774
vt 0.217355 0.510288
vt 0.223717 0.516453
vt 0.217219 0.515967
vt 0.217084 0.521646
vt 0.223581 0.522132
vt 0.216677 0.538684
vt 0.222324 0.539130
vt 0.216780 0.555695
vt 0.222427 0.556142
vt 0.675458 0.143135
vt 0.676421 0.143135
vt 0.676421 0.150830
vt 0.675626 0.150830
vt 0.674831 0.114399
vt 0.676421 0.114399
vt 0.676421 0.180593
vt 0.675626 0.180593
vt 0.675626 0.094703
vt 0.676421 0.094703
vt 0.676421 0.211915
vt 0.675626 0.211915
vt 0.675626 0.087379
vt 0.676421 0.087379
vt 0.676421 0.280266
vt 0.674831 0.280266
vt 0.675626 0.077558
vt 0.676421 0.077558
vt 0.676421 0.290027
vt 0.675626 0.290027
vt 0.675626 0.032582
vt 0.676421 0.032582
vt 0.676421 0.294776
vt 0.675626 0.294776
vt 0.675626 0.022157
vt 0.676421 0.022157
vt 0.676421 0.299821
vt 0.675626 0.299821
vt 0.676421 0.305166
vt 0.675626 0.305166
vt 0.676421 0.346717
vt 0.675626 0.346717
vt 0.676421 0.352459
vt 0.675626 0.352459
vt 0.676421 0.357688
vt 0.675626 0.357688
vt 0.676421 0.367633
vt 0.674831 0.367633
vt 0.676421 0.395347
vt 0.674831 0.395347
vt 0.683574 0.143135
vt 0.684537 0.143135
vt 0.684369 0.150830
vt 0.683574 0.150830
vt 0.683574 0.114399
vt 0.685164 0.114399
vt 0.684369 0.180592
vt 0.683574 0.180592
vt 0.683574 0.094703
vt 0.684369 0.094703
vt 0.684369 0.211915
vt 0.683574 0.211915
vt 0.683574 0.087379
vt 0.684369 0.087379
vt 0.685164 0.280266
vt 0.683574 0.280266
vt 0.683574 0.077558
vt 0.684369 0.077558
vt 0.684369 0.290027
vt 0.683574 0.290027
vt 0.683574 0.032582
vt 0.684369 0.032582
vt 0.684369 0.294776
vt 0.683574 0.294776
vt 0.683574 0.022157
vt 0.684369 0.022157
vt 0.684369 0.299821
vt 0.683574 0.299821
vt 0.684369 0.305166
vt 0.683574 0.305166
vt 0.684369 0.346717
vt 0.683574 0.346717
vt 0.684369 0.352459
vt 0.683574 0.352459
vt 0.684369 0.357688
vt 0.683574 0.357688
vt 0.685164 0.367633
vt 0.683574 0.367633
vt 0.685164 0.395347
vt 0.683574 0.395347
vt 0.788148 0.153773
vt 0.788245 0.161468
vt 0.779483 0.161468
vt 0.779483 0.153773
vt 0.788245 0.191230
vt 0.779483 0.191230
vt 0.787788 0.125037
vt 0.779483 0.125037
vt 0.788245 0.222553
vt 0.779483 0.222553
vt 0.788245 0.105341
vt 0.779483 0.105341
vt 0.787788 0.290904
vt 0.779483 0.290904
vt 0.788245 0.098017
vt 0.779483 0.098017
vt 0.788245 0.088196
vt 0.779483 0.088196
vt 0.788245 0.043220
vt 0.779483 0.043220
vt 0.788245 0.032795
vt 0.779483 0.032795
vt 0.787788 0.028495
vt 0.779483 0.028495
vt 0.776244 0.022157
vt 0.790689 0.022157
vt 0.082835 0.853357
vt 0.094187 0.853702
vt 0.093178 0.889934
vt 0.081826 0.889588
vt 0.232480 0.569965
vt 0.232480 0.575311
vt 0.223718 0.575311
vt 0.223718 0.569965
vt 0.232480 0.616861
vt 0.223718 0.616861
vt 0.232480 0.564920
vt 0.223718 0.564920
vt 0.232480 0.622603
vt 0.223718 0.622603
vt 0.232480 0.560171
vt 0.223718 0.560171
vt 0.232480 0.627833
vt 0.223718 0.627833
vt 0.232023 0.637777
vt 0.223718 0.637777
vt 0.232022 0.665491
vt 0.223718 0.665491
vt 0.341367 0.853465
vt 0.341366 0.895035
vt 0.326126 0.895035
vt 0.326126 0.853465
vt 0.805460 0.159993
vt 0.805557 0.152298
vt 0.814222 0.152298
vt 0.814222 0.159993
vt 0.805917 0.123562
vt 0.814222 0.123562
vt 0.805460 0.189756
vt 0.814222 0.189756
vt 0.805460 0.103866
vt 0.814222 0.103866
vt 0.805460 0.221078
vt 0.814222 0.221078
vt 0.805460 0.096543
vt 0.814222 0.096543
vt 0.805917 0.289429
vt 0.814222 0.289429
vt 0.805460 0.086722
vt 0.814222 0.086722
vt 0.805460 0.041745
vt 0.814220 0.041745
vt 0.805460 0.031321
vt 0.814222 0.031321
vt 0.805918 0.027021
vt 0.814222 0.027021
vt 0.797226 0.022582
vt 0.821214 0.022157
vt 0.266515 0.871304
vt 0.255820 0.871015
vt 0.256906 0.832488
vt 0.267614 0.832777
vt 0.239455 0.575310
vt 0.239455 0.569965
vt 0.248216 0.569965
vt 0.248216 0.575310
vt 0.239455 0.564920
vt 0.248216 0.564920
vt 0.239455 0.616861
vt 0.248216 0.616861
vt 0.239455 0.560171
vt 0.248216 0.560171
vt 0.239455 0.622603
vt 0.248216 0.622603
vt 0.239455 0.627832
vt 0.248216 0.627832
vt 0.239912 0.637777
vt 0.248216 0.637777
vt 0.239912 0.665491
vt 0.248216 0.665491
vt 0.305382 0.895035
vt 0.305382 0.853465
vt 0.320622 0.853465
vt 0.320622 0.895035
vt 0.470316 0.937519
vt 0.470257 0.920482
vt 0.475884 0.920473
vt 0.475943 0.937511
vt 0.488126 0.920481
vt 0.488126 0.937519
vt 0.482496 0.937511
vt 0.482496 0.920473
vt 0.458076 0.937422
vt 0.458017 0.920385
vt 0.463647 0.920374
vt 0.463706 0.937411
vt 0.500365 0.920473
vt 0.500365 0.937511
vt 0.494736 0.937518
vt 0.494736 0.920481
vt 0.663302 0.975103
vt 0.663167 0.969424
vt 0.668537 0.969337
vt 0.668673 0.975016
vt 0.602743 0.972163
vt 0.602743 0.977842
vt 0.597339 0.977841
vt 0.597339 0.972162
vt 0.685296 0.974981
vt 0.685160 0.969302
vt 0.690515 0.969215
vt 0.690651 0.974894
vt 0.591835 0.972163
vt 0.591835 0.977842
vt 0.586430 0.977841
vt 0.586430 0.972162
vt 0.619292 0.976638
vt 0.619156 0.970959
vt 0.624531 0.970872
vt 0.624667 0.976551
vt 0.559109 0.972091
vt 0.559109 0.977770
vt 0.553704 0.977770
vt 0.553704 0.972091
vt 0.652297 0.975166
vt 0.652161 0.969487
vt 0.657526 0.969400
vt 0.657662 0.975079
vt 0.580926 0.972080
vt 0.580926 0.977759
vt 0.575522 0.977758
vt 0.575522 0.972079
vt 0.641296 0.976004
vt 0.641160 0.970325
vt 0.646521 0.970238
vt 0.646657 0.975917
vt 0.548200 0.972091
vt 0.548200 0.977768
vt 0.542796 0.977767
vt 0.542796 0.972091
vt 0.630307 0.976633
vt 0.630171 0.970954
vt 0.635520 0.970867
vt 0.635656 0.976546
vt 0.570017 0.972075
vt 0.570017 0.977754
vt 0.564613 0.977754
vt 0.564613 0.972074
vt 0.674313 0.975104
vt 0.674177 0.969425
vt 0.679520 0.969337
vt 0.679656 0.975016
vt 0.613652 0.972162
vt 0.613652 0.977841
vt 0.608248 0.977843
vt 0.608248 0.972164
vt 0.442548 0.905065
vt 0.442548 0.922102
vt 0.440532 0.922175
vt 0.440532 0.905138
vt 0.451290 0.920079
vt 0.451290 0.937117
vt 0.449275 0.937044
vt 0.449275 0.920006
vt 0.580412 0.968498
vt 0.580412 0.951461
vt 0.584006 0.951461
vt 0.584006 0.968498
vt 0.594497 0.951544
vt 0.594497 0.968581
vt 0.590903 0.968581
vt 0.590903 0.951544
vt 0.601394 0.968581
vt 0.601394 0.951544
vt 0.604988 0.951544
vt 0.604988 0.968581
vt 0.615479 0.950254
vt 0.615479 0.967291
vt 0.611885 0.967291
vt 0.611885 0.950254
vt 0.419550 0.852180
vt 0.419550 0.783039
vt 0.428538 0.783021
vt 0.428538 0.852162
vt 0.444274 0.783039
vt 0.444274 0.852180
vt 0.435287 0.852161
vt 0.435287 0.783020
vt 0.606929 0.895613
vt 0.606758 0.882831
vt 0.623182 0.882610
vt 0.623354 0.895393
vt 0.604388 0.895390
vt 0.604219 0.882729
vt 0.606568 0.868661
vt 0.622992 0.868441
vt 0.625887 0.895101
vt 0.625718 0.882441
vt 0.602089 0.894673
vt 0.601925 0.882367
vt 0.604031 0.868695
vt 0.606378 0.854492
vt 0.622803 0.854272
vt 0.625530 0.868407
vt 0.628166 0.894324
vt 0.628001 0.882018
vt 0.601742 0.868726
vt 0.603843 0.854661
vt 0.606207 0.841709
vt 0.622631 0.841489
vt 0.625342 0.854373
vt 0.627819 0.868376
vt 0.601559 0.855084
vt 0.603673 0.842001
vt 0.625172 0.841713
vt 0.627636 0.854735
vt 0.601394 0.842778
vt 0.627471 0.842429
vt 0.639428 0.895393
vt 0.639599 0.882610
vt 0.656024 0.882830
vt 0.655853 0.895613
vt 0.636894 0.895101
vt 0.637064 0.882441
vt 0.639789 0.868441
vt 0.656214 0.868661
vt 0.658393 0.895390
vt 0.658563 0.882729
vt 0.634616 0.894324
vt 0.634780 0.882018
vt 0.637252 0.868407
vt 0.639979 0.854272
vt 0.656404 0.854492
vt 0.658751 0.868695
vt 0.660692 0.894673
vt 0.660857 0.882367
vt 0.634963 0.868376
vt 0.637440 0.854373
vt 0.640150 0.841489
vt 0.656575 0.841709
vt 0.658939 0.854661
vt 0.661040 0.868726
vt 0.635146 0.854735
vt 0.637610 0.841713
vt 0.659109 0.842001
vt 0.661223 0.855084
vt 0.635311 0.842429
vt 0.661388 0.842778
vt 0.673372 0.895613
vt 0.673201 0.882831
vt 0.689625 0.882610
vt 0.689796 0.895393
vt 0.670831 0.895390
vt 0.670662 0.882729
vt 0.673011 0.868661
vt 0.689435 0.868441
vt 0.692330 0.895101
vt 0.692161 0.882441
vt 0.668532 0.894673
vt 0.668368 0.882367
vt 0.670474 0.868695
vt 0.672821 0.854492
vt 0.689246 0.854272
vt 0.691973 0.868407
vt 0.694609 0.894324
vt 0.694444 0.882018
vt 0.668185 0.868726
vt 0.670286 0.854661
vt 0.672650 0.841709
vt 0.689074 0.841489
vt 0.691785 0.854373
vt 0.694262 0.868376
vt 0.668002 0.855084
vt 0.670116 0.842001
vt 0.691615 0.841713
vt 0.694079 0.854735
vt 0.667837 0.842778
vt 0.693914 0.842429
vt 0.705871 0.895393
vt 0.706042 0.882610
vt 0.722467 0.882830
vt 0.722296 0.895613
vt 0.703337 0.895101
vt 0.703507 0.882441
vt 0.706232 0.868441
vt 0.722657 0.868661
vt 0.724836 0.895390
vt 0.725006 0.882729
vt 0.701059 0.894324
vt 0.701223 0.882018
vt 0.703695 0.868407
vt 0.706422 0.854272
vt 0.722847 0.854492
vt 0.725194 0.868695
vt 0.727135 0.894673
vt 0.727300 0.882367
vt 0.701406 0.868376
vt 0.703883 0.854373
vt 0.706593 0.841489
vt 0.723018 0.841709
vt 0.725382 0.854661
vt 0.727483 0.868726
vt 0.701589 0.854735
vt 0.704053 0.841713
vt 0.725552 0.842001
vt 0.727666 0.855084
vt 0.701754 0.842429
vt 0.727831 0.842778
vt 0.320763 0.902657
vt 0.324482 0.908418
vt 0.320110 0.905389
vt 0.321780 0.900488
vt 0.319886 0.908418
vt 0.323062 0.899096
vt 0.320110 0.911447
vt 0.324482 0.898616
vt 0.320763 0.914180
vt 0.325902 0.899096
vt 0.321780 0.916348
vt 0.327184 0.900488
vt 0.323062 0.917740
vt 0.328201 0.902657
vt 0.324482 0.918220
vt 0.328853 0.905389
vt 0.325902 0.917740
vt 0.329078 0.908418
vt 0.327184 0.916348
vt 0.328853 0.911447
vt 0.328201 0.914180
vt 0.344590 0.905389
vt 0.340219 0.908418
vt 0.343937 0.902657
vt 0.344815 0.908418
vt 0.342920 0.900488
vt 0.344590 0.911447
vt 0.341639 0.899096
vt 0.343937 0.914180
vt 0.340219 0.898616
vt 0.342920 0.916348
vt 0.338798 0.899096
vt 0.341639 0.917740
vt 0.337517 0.900488
vt 0.340219 0.918220
vt 0.336500 0.902657
vt 0.338798 0.917740
vt 0.335847 0.905389
vt 0.337517 0.916348
vt 0.335622 0.908418
vt 0.336500 0.914180
vt 0.335847 0.911447
vt 0.192788 0.407666
vt 0.194073 0.407666
vt 0.194073 0.557448
vt 0.192788 0.557448
vt 0.195498 0.407666
vt 0.195498 0.557448
vt 0.196923 0.407666
vt 0.196923 0.557448
vt 0.198208 0.407666
vt 0.198208 0.557448
vt 0.168899 0.413741
vt 0.170184 0.413741
vt 0.170184 0.563523
vt 0.168899 0.563523
vt 0.171609 0.413741
vt 0.171609 0.563523
vt 0.173034 0.413741
vt 0.173034 0.563523
vt 0.174319 0.413741
vt 0.174319 0.563523
vt 0.293503 0.688991
vt 0.298604 0.699002
vt 0.264494 0.710100
vt 0.301206 0.698171
vt 0.295723 0.687410
vt 0.300362 0.710100
vt 0.285558 0.681046
vt 0.303096 0.710100
vt 0.287183 0.678870
vt 0.303514 0.697421
vt 0.297686 0.685984
vt 0.298604 0.721197
vt 0.275547 0.675945
vt 0.305522 0.710100
vt 0.301206 0.722028
vt 0.276422 0.673387
vt 0.288609 0.676907
vt 0.293503 0.731209
vt 0.264494 0.674187
vt 0.303514 0.722778
vt 0.295723 0.732789
vt 0.264494 0.671498
vt 0.277172 0.671080
vt 0.299244 0.684852
vt 0.289741 0.675350
vt 0.285558 0.739154
vt 0.253441 0.675945
vt 0.297686 0.734215
vt 0.287183 0.741329
vt 0.252565 0.673387
vt 0.264494 0.669072
vt 0.275547 0.744255
vt 0.243429 0.681046
vt 0.288609 0.743292
vt 0.276422 0.746812
vt 0.241804 0.678870
vt 0.251815 0.671080
vt 0.264494 0.746012
vt 0.235484 0.688991
vt 0.277172 0.749120
vt 0.289741 0.744850
vt 0.299244 0.735347
vt 0.264494 0.748702
vt 0.233264 0.687410
vt 0.240378 0.676907
vt 0.253441 0.744255
vt 0.230383 0.699002
vt 0.264494 0.751128
vt 0.252565 0.746812
vt 0.227781 0.698171
vt 0.231302 0.685984
vt 0.243429 0.739154
vt 0.228626 0.710100
vt 0.251815 0.749120
vt 0.241804 0.741329
vt 0.225892 0.710100
vt 0.225474 0.697421
vt 0.239246 0.675350
vt 0.229744 0.684852
vt 0.235484 0.731209
vt 0.230383 0.721197
vt 0.240378 0.743292
vt 0.233264 0.732789
vt 0.227781 0.722028
vt 0.223466 0.710100
vt 0.231302 0.734215
vt 0.225474 0.722778
vt 0.229744 0.735347
vt 0.239246 0.744850
vt 0.211134 0.729697
vt 0.206033 0.739708
vt 0.176934 0.718600
vt 0.213646 0.730528
vt 0.208163 0.741289
vt 0.198088 0.747653
vt 0.212891 0.718600
vt 0.215535 0.718600
vt 0.215954 0.731278
vt 0.210126 0.742715
vt 0.199623 0.749829
vt 0.188076 0.752754
vt 0.211134 0.707502
vt 0.213646 0.706671
vt 0.217962 0.718600
vt 0.201049 0.751792
vt 0.188862 0.755312
vt 0.176934 0.754512
vt 0.206033 0.697491
vt 0.208163 0.695910
vt 0.215953 0.705921
vt 0.211684 0.743847
vt 0.202181 0.753350
vt 0.189612 0.757620
vt 0.176934 0.757202
vt 0.165791 0.752754
vt 0.198088 0.689546
vt 0.199623 0.687370
vt 0.210126 0.694484
vt 0.176934 0.759628
vt 0.165005 0.755312
vt 0.155780 0.747653
vt 0.188076 0.684445
vt 0.188862 0.681887
vt 0.201049 0.685407
vt 0.164255 0.757620
vt 0.154244 0.749829
vt 0.147835 0.739708
vt 0.176934 0.682687
vt 0.176934 0.679998
vt 0.189612 0.679580
vt 0.202181 0.683850
vt 0.211684 0.693352
vt 0.152818 0.751792
vt 0.145704 0.741289
vt 0.142734 0.729697
vt 0.165791 0.684445
vt 0.165005 0.681887
vt 0.176934 0.677572
vt 0.143741 0.742715
vt 0.140221 0.730528
vt 0.140976 0.718600
vt 0.155780 0.689546
vt 0.154244 0.687370
vt 0.164255 0.679580
vt 0.151686 0.753350
vt 0.142184 0.743847
vt 0.137914 0.731278
vt 0.138332 0.718600
vt 0.142734 0.707502
vt 0.147835 0.697491
vt 0.145704 0.695910
vt 0.152818 0.685407
vt 0.135906 0.718600
vt 0.140221 0.706671
vt 0.143741 0.694484
vt 0.137914 0.705921
vt 0.142184 0.693352
vt 0.151686 0.683850
vt 0.739815 0.895613
vt 0.739644 0.882830
vt 0.756068 0.882610
vt 0.756240 0.895393
vt 0.737274 0.895389
vt 0.737105 0.882729
vt 0.739454 0.868661
vt 0.755878 0.868441
vt 0.758773 0.895101
vt 0.758604 0.882441
vt 0.734976 0.894673
vt 0.734811 0.882367
vt 0.736917 0.868695
vt 0.739264 0.854492
vt 0.755689 0.854272
vt 0.758416 0.868407
vt 0.761052 0.894324
vt 0.760887 0.882018
vt 0.734628 0.868726
vt 0.736729 0.854661
vt 0.739093 0.841709
vt 0.755517 0.841489
vt 0.758228 0.854373
vt 0.760705 0.868376
vt 0.734445 0.855084
vt 0.736559 0.842000
vt 0.758058 0.841713
vt 0.760522 0.854735
vt 0.734280 0.842778
vt 0.760357 0.842429
vt 0.772314 0.895393
vt 0.772485 0.882610
vt 0.788910 0.882830
vt 0.788739 0.895613
vt 0.769780 0.895101
vt 0.769950 0.882441
vt 0.772676 0.868441
vt 0.789100 0.868661
vt 0.791279 0.895389
vt 0.791449 0.882729
vt 0.767502 0.894324
vt 0.767667 0.882018
vt 0.770138 0.868407
vt 0.772865 0.854272
vt 0.789290 0.854492
vt 0.791637 0.868695
vt 0.793578 0.894673
vt 0.793743 0.882367
vt 0.767849 0.868376
vt 0.770326 0.854373
vt 0.773036 0.841489
vt 0.789461 0.841709
vt 0.791825 0.854661
vt 0.793926 0.868726
vt 0.768032 0.854735
vt 0.770496 0.841712
vt 0.791995 0.842000
vt 0.794109 0.855084
vt 0.768197 0.842429
vt 0.794274 0.842778
vt 0.145010 0.413741
vt 0.146295 0.413741
vt 0.146295 0.563523
vt 0.145010 0.563523
vt 0.147720 0.413741
vt 0.147720 0.563523
vt 0.149145 0.413741
vt 0.149145 0.563523
vt 0.150430 0.413741
vt 0.150430 0.563523
vt 0.121121 0.414751
vt 0.122406 0.414751
vt 0.122406 0.564533
vt 0.121121 0.564533
vt 0.123831 0.414751
vt 0.123831 0.564533
vt 0.125256 0.414751
vt 0.125256 0.564533
vt 0.126541 0.414751
vt 0.126541 0.564533
vt 0.806258 0.895613
vt 0.806087 0.882830
vt 0.822511 0.882610
vt 0.822682 0.895393
vt 0.803717 0.895389
vt 0.803548 0.882729
vt 0.805897 0.868661
vt 0.822321 0.868441
vt 0.825216 0.895101
vt 0.825047 0.882441
vt 0.801419 0.894673
vt 0.801254 0.882367
vt 0.803360 0.868695
vt 0.805707 0.854492
vt 0.822132 0.854272
vt 0.824859 0.868407
vt 0.827495 0.894324
vt 0.827330 0.882018
vt 0.801071 0.868726
vt 0.803172 0.854661
vt 0.805536 0.841709
vt 0.821960 0.841489
vt 0.824671 0.854373
vt 0.827148 0.868376
vt 0.800888 0.855084
vt 0.803002 0.842000
vt 0.824501 0.841713
vt 0.826965 0.854735
vt 0.800723 0.842778
vt 0.826800 0.842429
vt 0.838757 0.794366
vt 0.838928 0.781583
vt 0.855353 0.781803
vt 0.855182 0.794586
vt 0.836223 0.794074
vt 0.836393 0.781414
vt 0.839118 0.767414
vt 0.855543 0.767634
vt 0.857723 0.794362
vt 0.857892 0.781702
vt 0.833945 0.793297
vt 0.834109 0.780991
vt 0.836581 0.767380
vt 0.839308 0.753245
vt 0.855733 0.753465
vt 0.858080 0.767668
vt 0.860021 0.793646
vt 0.860186 0.781340
vt 0.834292 0.767349
vt 0.836769 0.753346
vt 0.839480 0.740462
vt 0.855904 0.740682
vt 0.858268 0.753634
vt 0.860369 0.767699
vt 0.834475 0.753708
vt 0.836939 0.740686
vt 0.858438 0.740974
vt 0.860552 0.754057
vt 0.834640 0.741402
vt 0.860717 0.741751
vt 0.517466 0.860480
vt 0.517466 0.801728
vt 0.531468 0.801728
vt 0.531468 0.860480
vt 0.453072 0.594966
vt 0.453072 0.536215
vt 0.467073 0.536215
vt 0.467073 0.594966
vt 0.453072 0.528591
vt 0.467073 0.528591
vt 0.453072 0.488956
vt 0.467073 0.488956
vt 0.453072 0.480675
vt 0.467073 0.480675
vt 0.437897 0.488956
vt 0.437897 0.480675
vt 0.453072 0.402201
vt 0.467073 0.402201
vt 0.433903 0.488956
vt 0.433903 0.480675
vt 0.048868 0.907368
vt 0.048868 0.893366
vt 0.056492 0.893366
vt 0.056492 0.907368
vt 0.056492 0.922542
vt 0.048868 0.922542
vt 0.287120 0.872123
vt 0.273118 0.872123
vt 0.273118 0.832488
vt 0.287120 0.832488
vt 0.575180 0.849770
vt 0.561179 0.849770
vt 0.561179 0.841489
vt 0.575180 0.841489
vt 0.590355 0.841489
vt 0.590355 0.849770
vt 0.594349 0.841489
vt 0.594349 0.849770
vt 0.594349 0.896949
vt 0.590355 0.896949
vt 0.048882 0.850037
vt 0.034880 0.850037
vt 0.034880 0.771562
vt 0.048882 0.771562
vt 0.750646 0.965562
vt 0.743023 0.965562
vt 0.743023 0.950387
vt 0.750646 0.950387
vt 0.535351 0.900680
vt 0.539345 0.900680
vt 0.539345 0.947860
vt 0.535351 0.947860
vt 0.428087 0.855816
vt 0.429043 0.855791
vt 0.429706 0.901380
vt 0.428750 0.901404
vt 0.430149 0.855773
vt 0.430812 0.901361
vt 0.431296 0.855762
vt 0.431959 0.901351
vt 0.432372 0.855761
vt 0.433035 0.901349
vt 0.418297 0.855761
vt 0.419254 0.855786
vt 0.418591 0.901374
vt 0.417635 0.901349
vt 0.420360 0.855805
vt 0.419697 0.901393
vt 0.421507 0.855815
vt 0.420844 0.901403
vt 0.422583 0.855816
vt 0.421920 0.901404
vt 0.094043 0.548920
vt 0.105744 0.543880
vt 0.110736 0.543839
vt 0.098254 0.548876
vt 0.089831 0.548964
vt 0.100752 0.543921
vt 0.106035 0.537153
vt 0.111046 0.537109
vt 0.111409 0.545374
vt 0.098581 0.550385
vt 0.094350 0.550439
vt 0.085619 0.549008
vt 0.095761 0.543962
vt 0.101024 0.537197
vt 0.090119 0.550493
vt 0.106035 0.525385
vt 0.111046 0.525341
vt 0.115611 0.537207
vt 0.115302 0.544035
vt 0.081407 0.549052
vt 0.090769 0.544003
vt 0.096012 0.537241
vt 0.085888 0.550548
vt 0.101024 0.525429
vt 0.106035 0.513617
vt 0.111046 0.513573
vt 0.115617 0.525341
vt 0.077196 0.549096
vt 0.085777 0.544044
vt 0.091001 0.537285
vt 0.081657 0.550602
vt 0.096013 0.525473
vt 0.101024 0.513661
vt 0.106035 0.501849
vt 0.111046 0.501805
vt 0.115617 0.513573
vt 0.072984 0.549140
vt 0.080785 0.544086
vt 0.085990 0.537329
vt 0.077426 0.550656
vt 0.091001 0.525517
vt 0.096012 0.513705
vt 0.101024 0.501893
vt 0.106035 0.490082
vt 0.111046 0.490038
vt 0.115617 0.501805
vt 0.068772 0.549184
vt 0.075793 0.544127
vt 0.080979 0.537373
vt 0.073195 0.550710
vt 0.085990 0.525561
vt 0.091001 0.513749
vt 0.096012 0.501937
vt 0.101024 0.490126
vt 0.106035 0.478314
vt 0.111046 0.478270
vt 0.115617 0.490038
vt 0.064560 0.549228
vt 0.070801 0.544168
vt 0.075968 0.537417
vt 0.068964 0.550764
vt 0.080979 0.525605
vt 0.085990 0.513793
vt 0.091001 0.501981
vt 0.096012 0.490170
vt 0.101024 0.478358
vt 0.106035 0.466546
vt 0.111046 0.466502
vt 0.115617 0.478270
vt 0.060349 0.549272
vt 0.065809 0.544209
vt 0.070956 0.537461
vt 0.064733 0.550818
vt 0.075968 0.525649
vt 0.080979 0.513837
vt 0.085990 0.502025
vt 0.091001 0.490214
vt 0.096013 0.478402
vt 0.101024 0.466590
vt 0.106035 0.454778
vt 0.111046 0.454734
vt 0.115617 0.466502
vt 0.056137 0.549317
vt 0.060818 0.544250
vt 0.065945 0.537505
vt 0.060502 0.550873
vt 0.070956 0.525693
vt 0.075968 0.513881
vt 0.080979 0.502069
vt 0.085990 0.490258
vt 0.091001 0.478446
vt 0.096012 0.466634
vt 0.101024 0.454822
vt 0.106035 0.443011
vt 0.111046 0.442967
vt 0.115617 0.454734
vt 0.051925 0.549361
vt 0.055826 0.544291
vt 0.060934 0.537549
vt 0.056272 0.550927
vt 0.065945 0.525737
vt 0.070956 0.513925
vt 0.075968 0.502113
vt 0.080979 0.490302
vt 0.085990 0.478490
vt 0.091001 0.466678
vt 0.096012 0.454866
vt 0.101024 0.443055
vt 0.106035 0.431243
vt 0.111046 0.431199
vt 0.115617 0.442967
vt 0.047713 0.549405
vt 0.050834 0.544332
vt 0.055923 0.537593
vt 0.052041 0.550981
vt 0.060934 0.525781
vt 0.065945 0.513969
vt 0.070956 0.502157
vt 0.075968 0.490346
vt 0.080979 0.478534
vt 0.085990 0.466722
vt 0.091001 0.454910
vt 0.096013 0.443099
vt 0.101024 0.431287
vt 0.105744 0.424439
vt 0.110736 0.426531
vt 0.115614 0.431101
vt 0.043502 0.549448
vt 0.045842 0.542229
vt 0.050911 0.537637
vt 0.047810 0.551035
vt 0.055923 0.525825
vt 0.060934 0.514013
vt 0.065945 0.502201
vt 0.070956 0.490390
vt 0.075968 0.478578
vt 0.080979 0.466766
vt 0.085990 0.454954
vt 0.091001 0.443143
vt 0.096012 0.431331
vt 0.100752 0.424491
vt 0.094043 0.419475
vt 0.098254 0.419431
vt 0.115302 0.424192
vt 0.039290 0.549493
vt 0.040850 0.542270
vt 0.045900 0.537681
vt 0.043579 0.551089
vt 0.050911 0.525869
vt 0.055923 0.514057
vt 0.060934 0.502245
vt 0.065945 0.490434
vt 0.070956 0.478622
vt 0.075968 0.466810
vt 0.080979 0.454998
vt 0.085990 0.443187
vt 0.091001 0.431375
vt 0.095761 0.424543
vt 0.089831 0.419519
vt 0.094168 0.418802
vt 0.098388 0.418760
vt 0.111013 0.423740
vt 0.035078 0.549537
vt 0.035858 0.542312
vt 0.040889 0.537725
vt 0.039348 0.551143
vt 0.045900 0.525913
vt 0.050911 0.514101
vt 0.055923 0.502289
vt 0.060934 0.490478
vt 0.065945 0.478666
vt 0.070956 0.466854
vt 0.075968 0.455042
vt 0.080979 0.443231
vt 0.085990 0.431419
vt 0.090769 0.424595
vt 0.085619 0.419563
vt 0.089947 0.418844
vt 0.030866 0.549581
vt 0.030866 0.544497
vt 0.035878 0.537769
vt 0.035117 0.551197
vt 0.040889 0.525957
vt 0.045900 0.514145
vt 0.050911 0.502334
vt 0.055923 0.490522
vt 0.060934 0.478710
vt 0.065945 0.466898
vt 0.070956 0.455086
vt 0.075968 0.443275
vt 0.080979 0.431463
vt 0.085777 0.424647
vt 0.081407 0.419607
vt 0.085726 0.418886
vt 0.030866 0.537813
vt 0.030886 0.551251
vt 0.035878 0.526001
vt 0.040889 0.514189
vt 0.045900 0.502378
vt 0.050911 0.490566
vt 0.055923 0.478754
vt 0.060934 0.466942
vt 0.065945 0.455130
vt 0.070956 0.443319
vt 0.075968 0.431507
vt 0.080785 0.424699
vt 0.077196 0.419651
vt 0.081506 0.418928
vt 0.030866 0.526045
vt 0.035878 0.514233
vt 0.040889 0.502422
vt 0.045900 0.490610
vt 0.050911 0.478798
vt 0.055923 0.466986
vt 0.060934 0.455174
vt 0.065945 0.443363
vt 0.070956 0.431551
vt 0.075793 0.424751
vt 0.072984 0.419695
vt 0.077285 0.418971
vt 0.030866 0.514277
vt 0.035878 0.502466
vt 0.040889 0.490654
vt 0.045900 0.478842
vt 0.050911 0.467030
vt 0.055923 0.455218
vt 0.060934 0.443407
vt 0.065945 0.431595
vt 0.070801 0.424803
vt 0.068772 0.419739
vt 0.073064 0.419013
vt 0.030866 0.502510
vt 0.035878 0.490698
vt 0.040889 0.478886
vt 0.045900 0.467074
vt 0.050911 0.455262
vt 0.055923 0.443451
vt 0.060934 0.431639
vt 0.065809 0.424855
vt 0.064560 0.419783
vt 0.068844 0.419055
vt 0.030866 0.490742
vt 0.035878 0.478930
vt 0.040889 0.467118
vt 0.045900 0.455307
vt 0.050911 0.443495
vt 0.055923 0.431683
vt 0.060818 0.424907
vt 0.060349 0.419827
vt 0.064623 0.419097
vt 0.030866 0.478974
vt 0.035878 0.467162
vt 0.040889 0.455351
vt 0.045900 0.443539
vt 0.050911 0.431727
vt 0.055826 0.424959
vt 0.056137 0.419871
vt 0.060402 0.419139
vt 0.030866 0.467206
vt 0.035878 0.455394
vt 0.040889 0.443583
vt 0.045900 0.431771
vt 0.050834 0.425011
vt 0.051925 0.419915
vt 0.056182 0.419181
vt 0.030866 0.455438
vt 0.035878 0.443627
vt 0.040889 0.431815
vt 0.045842 0.427207
vt 0.047713 0.419959
vt 0.051961 0.419223
vt 0.030866 0.443671
vt 0.035878 0.431859
vt 0.040850 0.427259
vt 0.043502 0.420003
vt 0.047741 0.419265
vt 0.030866 0.431903
vt 0.035858 0.427311
vt 0.039290 0.420047
vt 0.043520 0.419307
vt 0.030866 0.427363
vt 0.035078 0.420091
vt 0.039299 0.419349
vt 0.030866 0.420135
vt 0.035079 0.419392
vt 0.030858 0.419434
vt 0.033790 0.684245
vt 0.021313 0.677017
vt 0.026198 0.677017
vt 0.037896 0.684245
vt 0.020717 0.672477
vt 0.025640 0.672477
vt 0.031082 0.677017
vt 0.042002 0.684245
vt 0.020717 0.660710
vt 0.025640 0.660710
vt 0.030563 0.672477
vt 0.035967 0.677017
vt 0.046108 0.684245
vt 0.020717 0.648942
vt 0.025640 0.648942
vt 0.035486 0.672477
vt 0.040852 0.677017
vt 0.050214 0.684245
vt 0.020717 0.637174
vt 0.025640 0.637174
vt 0.040410 0.672477
vt 0.045736 0.677017
vt 0.054320 0.684245
vt 0.020717 0.625406
vt 0.025640 0.625406
vt 0.045333 0.672477
vt 0.050621 0.677017
vt 0.058426 0.684245
vt 0.020717 0.613671
vt 0.025640 0.613671
vt 0.050256 0.672477
vt 0.055505 0.677017
vt 0.062532 0.684245
vt 0.020717 0.601904
vt 0.025640 0.601903
vt 0.055179 0.672477
vt 0.060390 0.677017
vt 0.066638 0.684245
vt 0.020717 0.590136
vt 0.025640 0.590136
vt 0.060102 0.672477
vt 0.065275 0.677017
vt 0.070744 0.684245
vt 0.020717 0.578368
vt 0.025640 0.578368
vt 0.065025 0.672477
vt 0.070159 0.677017
vt 0.074850 0.684245
vt 0.020717 0.566600
vt 0.025640 0.566600
vt 0.069948 0.672477
vt 0.075044 0.677017
vt 0.078956 0.684245
vt 0.021313 0.562060
vt 0.026198 0.562060
vt 0.074871 0.672477
vt 0.079928 0.677017
vt 0.083062 0.684245
vt 0.037896 0.554832
vt 0.033790 0.554832
vt 0.030563 0.566600
vt 0.031082 0.562060
vt 0.079794 0.672477
vt 0.084813 0.677017
vt 0.087168 0.684245
vt 0.042002 0.554832
vt 0.035486 0.566600
vt 0.035967 0.562060
vt 0.084717 0.672477
vt 0.089698 0.677017
vt 0.091274 0.684245
vt 0.046108 0.554832
vt 0.040410 0.566600
vt 0.040852 0.562060
vt 0.089640 0.672477
vt 0.094582 0.677017
vt 0.095381 0.684245
vt 0.050214 0.554832
vt 0.045333 0.566600
vt 0.045736 0.562060
vt 0.094564 0.672477
vt 0.054320 0.554832
vt 0.050256 0.566600
vt 0.050621 0.562060
vt 0.089640 0.660710
vt 0.094563 0.660710
vt 0.058426 0.554832
vt 0.055179 0.566600
vt 0.055505 0.562060
vt 0.089640 0.648942
vt 0.094563 0.648942
vt 0.062532 0.554832
vt 0.060102 0.566600
vt 0.060390 0.562060
vt 0.089640 0.637174
vt 0.094563 0.637174
vt 0.066638 0.554832
vt 0.065025 0.566600
vt 0.065275 0.562060
vt 0.089640 0.625406
vt 0.094563 0.625406
vt 0.070744 0.554832
vt 0.069948 0.566600
vt 0.070159 0.562060
vt 0.089640 0.613671
vt 0.094564 0.613671
vt 0.074850 0.554832
vt 0.074871 0.566600
vt 0.075044 0.562060
vt 0.089640 0.601903
vt 0.094563 0.601903
vt 0.078956 0.554832
vt 0.079794 0.566600
vt 0.079928 0.562060
vt 0.089640 0.590136
vt 0.094563 0.590136
vt 0.083062 0.554832
vt 0.084717 0.566600
vt 0.084813 0.562060
vt 0.089640 0.578368
vt 0.094563 0.578368
vt 0.087168 0.554832
vt 0.089640 0.566600
vt 0.089698 0.562060
vt 0.094563 0.566600
vt 0.091274 0.554832
vt 0.094582 0.562060
vt 0.095381 0.554832
vt 0.120199 0.570452
vt 0.119882 0.575101
vt 0.115314 0.575004
vt 0.115632 0.568114
vt 0.119882 0.586869
vt 0.115311 0.586869
vt 0.119882 0.598637
vt 0.115311 0.598637
vt 0.119882 0.610405
vt 0.115311 0.610405
vt 0.119882 0.622172
vt 0.115311 0.622172
vt 0.119882 0.633940
vt 0.115311 0.633940
vt 0.119882 0.645708
vt 0.115311 0.645708
vt 0.119882 0.657476
vt 0.115311 0.657476
vt 0.119882 0.669243
vt 0.115311 0.669243
vt 0.119882 0.681011
vt 0.115314 0.681109
vt 0.120199 0.687695
vt 0.115633 0.687891
vt 0.035716 0.704802
vt 0.035759 0.700591
vt 0.036388 0.700465
vt 0.036350 0.704685
vt 0.028640 0.688103
vt 0.031433 0.687826
vt 0.035673 0.709014
vt 0.036311 0.708905
vt 0.035630 0.713225
vt 0.036273 0.713124
vt 0.035587 0.717436
vt 0.036234 0.717344
vt 0.035544 0.721648
vt 0.036195 0.721564
vt 0.035501 0.725859
vt 0.036157 0.725784
vt 0.035458 0.730070
vt 0.036118 0.730003
vt 0.035415 0.734282
vt 0.036080 0.734223
vt 0.035372 0.738493
vt 0.036041 0.738443
vt 0.035329 0.742704
vt 0.036003 0.742662
vt 0.035286 0.746916
vt 0.035964 0.746882
vt 0.035243 0.751127
vt 0.035926 0.751102
vt 0.035200 0.755338
vt 0.035887 0.755322
vt 0.035157 0.759550
vt 0.035849 0.759541
vt 0.035114 0.763761
vt 0.035810 0.763761
vt 0.035071 0.767972
vt 0.035771 0.767981
vt 0.130401 0.692147
vt 0.125318 0.704635
vt 0.123758 0.704297
vt 0.128861 0.691472
vt 0.125275 0.708846
vt 0.123708 0.708529
vt 0.125232 0.713058
vt 0.123658 0.712760
vt 0.125189 0.717269
vt 0.123608 0.716991
vt 0.125146 0.721480
vt 0.123558 0.721222
vt 0.125103 0.725691
vt 0.123508 0.725453
vt 0.125060 0.729903
vt 0.123458 0.729685
vt 0.125017 0.734114
vt 0.123408 0.733916
vt 0.124974 0.738326
vt 0.123358 0.738147
vt 0.124931 0.742537
vt 0.123308 0.742378
vt 0.124888 0.746748
vt 0.123258 0.746609
vt 0.124845 0.750960
vt 0.123208 0.750841
vt 0.124802 0.755171
vt 0.123158 0.755072
vt 0.124758 0.759382
vt 0.123108 0.759303
vt 0.124716 0.763594
vt 0.123058 0.763534
vt 0.124672 0.767805
vt 0.123008 0.767766
vt 0.124629 0.772016
vt 0.122958 0.771997
vt 0.300435 0.910384
vt 0.295407 0.910384
vt 0.295446 0.905844
vt 0.300435 0.905844
vt 0.300435 0.922152
vt 0.295407 0.922152
vt 0.296241 0.898616
vt 0.300435 0.898616
vt 0.312675 0.910384
vt 0.307646 0.910384
vt 0.307646 0.898616
vt 0.312675 0.898616
vt 0.312675 0.914924
vt 0.307685 0.914924
vt 0.308481 0.922152
vt 0.312675 0.922152
vt 0.189802 0.579881
vt 0.184879 0.579881
vt 0.184879 0.568114
vt 0.189802 0.568114
vt 0.189802 0.591649
vt 0.184879 0.591649
vt 0.179956 0.579881
vt 0.179956 0.568114
vt 0.189802 0.603417
vt 0.184879 0.603417
vt 0.179956 0.591649
vt 0.175033 0.579881
vt 0.175033 0.568114
vt 0.189802 0.615185
vt 0.184879 0.615185
vt 0.179956 0.603417
vt 0.175033 0.591649
vt 0.170110 0.579881
vt 0.170110 0.568114
vt 0.189802 0.626920
vt 0.184879 0.626920
vt 0.179956 0.615185
vt 0.175033 0.603417
vt 0.170110 0.591649
vt 0.165187 0.579881
vt 0.165187 0.568114
vt 0.189802 0.638687
vt 0.184879 0.638687
vt 0.179956 0.626920
vt 0.175033 0.615185
vt 0.170110 0.603417
vt 0.165187 0.591649
vt 0.160264 0.579881
vt 0.160264 0.568114
vt 0.189802 0.650455
vt 0.184879 0.650455
vt 0.179956 0.638687
vt 0.175033 0.626920
vt 0.170110 0.615185
vt 0.165187 0.603417
vt 0.160264 0.591649
vt 0.155341 0.579881
vt 0.155341 0.568114
vt 0.189802 0.662223
vt 0.184879 0.662223
vt 0.179956 0.650455
vt 0.175033 0.638687
vt 0.170110 0.626920
vt 0.165187 0.615185
vt 0.160264 0.603417
vt 0.155341 0.591649
vt 0.150418 0.579881
vt 0.150418 0.568114
vt 0.189802 0.673991
vt 0.184879 0.673991
vt 0.179956 0.662223
vt 0.175033 0.650455
vt 0.170110 0.638687
vt 0.165187 0.626920
vt 0.160264 0.615185
vt 0.155341 0.603417
vt 0.150418 0.591649
vt 0.145494 0.579881
vt 0.145494 0.568114
vt 0.179956 0.673991
vt 0.175033 0.662223
vt 0.170110 0.650455
vt 0.165187 0.638687
vt 0.160264 0.626920
vt 0.155341 0.615185
vt 0.150418 0.603417
vt 0.145494 0.591649
vt 0.140571 0.579881
vt 0.140571 0.568114
vt 0.175033 0.673991
vt 0.170110 0.662223
vt 0.165187 0.650455
vt 0.160264 0.638687
vt 0.155341 0.626920
vt 0.150418 0.615185
vt 0.145494 0.603417
vt 0.140571 0.591649
vt 0.135648 0.579881
vt 0.135648 0.568114
vt 0.170110 0.673991
vt 0.165187 0.662223
vt 0.160264 0.650455
vt 0.155341 0.638687
vt 0.150418 0.626920
vt 0.145494 0.615185
vt 0.140571 0.603417
vt 0.135648 0.591649
vt 0.130725 0.579881
vt 0.130725 0.568114
vt 0.165187 0.673991
vt 0.160264 0.662223
vt 0.155341 0.650455
vt 0.150418 0.638687
vt 0.145494 0.626920
vt 0.140571 0.615185
vt 0.135648 0.603417
vt 0.130725 0.591649
vt 0.125802 0.579881
vt 0.125802 0.568114
vt 0.160264 0.673991
vt 0.155341 0.662223
vt 0.150418 0.650455
vt 0.145494 0.638687
vt 0.140571 0.626920
vt 0.135648 0.615185
vt 0.130725 0.603417
vt 0.125802 0.591649
vt 0.155341 0.673991
vt 0.150418 0.662223
vt 0.145494 0.650455
vt 0.140571 0.638687
vt 0.135648 0.626920
vt 0.130725 0.615185
vt 0.125802 0.603417
vt 0.150418 0.673991
vt 0.145494 0.662223
vt 0.140571 0.650455
vt 0.135648 0.638687
vt 0.130725 0.626920
vt 0.125802 0.615185
vt 0.145494 0.673991
vt 0.140571 0.662223
vt 0.135648 0.650455
vt 0.130725 0.638687
vt 0.125802 0.626920
vt 0.140571 0.673991
vt 0.135648 0.662223
vt 0.130725 0.650455
vt 0.125802 0.638687
vt 0.135648 0.673991
vt 0.130725 0.662223
vt 0.125802 0.650455
vt 0.130725 0.673991
vt 0.125802 0.662223
vt 0.125802 0.673991
vt 0.480274 0.945300
vt 0.480287 0.941100
vt 0.481507 0.941100
vt 0.481494 0.945300
vt 0.493752 0.945300
vt 0.493768 0.941099
vt 0.494987 0.941099
vt 0.494971 0.945300
vt 0.474770 0.941100
vt 0.474756 0.945300
vt 0.473536 0.945300
vt 0.473550 0.941100
vt 0.488247 0.941100
vt 0.488231 0.945300
vt 0.487011 0.945300
vt 0.487028 0.941100
vt 0.839097 0.872257
vt 0.839065 0.868050
vt 0.840285 0.868050
vt 0.840317 0.872257
vt 0.839130 0.876465
vt 0.840349 0.876465
vt 0.875909 0.861117
vt 0.875949 0.856906
vt 0.877169 0.856906
vt 0.877128 0.861117
vt 0.875989 0.852696
vt 0.877209 0.852696
vt 0.876029 0.848486
vt 0.877249 0.848486
vt 0.507291 0.938809
vt 0.507253 0.934600
vt 0.508473 0.934600
vt 0.508511 0.938809
vt 0.884163 0.860942
vt 0.884122 0.865152
vt 0.882903 0.865152
vt 0.882943 0.860942
vt 0.884203 0.856732
vt 0.882983 0.856732
vt 0.884243 0.852521
vt 0.883024 0.852521
vt 0.833496 0.968326
vt 0.833529 0.972533
vt 0.832309 0.972533
vt 0.832277 0.968326
vt 0.833561 0.976740
vt 0.832341 0.976740
vt 0.501712 0.941099
vt 0.501749 0.945308
vt 0.500529 0.945308
vt 0.500492 0.941099
vt 0.368744 0.861958
vt 0.368738 0.857762
vt 0.369958 0.857762
vt 0.369963 0.861958
vt 0.368749 0.866155
vt 0.369969 0.866155
vt 0.368754 0.870351
vt 0.369974 0.870351
vt 0.368760 0.874547
vt 0.369980 0.874547
vt 0.368765 0.878744
vt 0.369985 0.878744
vt 0.368771 0.882940
vt 0.369990 0.882940
vt 0.368776 0.887136
vt 0.369996 0.887136
vt 0.368781 0.891333
vt 0.370001 0.891333
vt 0.368787 0.895529
vt 0.370006 0.895529
vt 0.368792 0.899725
vt 0.370012 0.899725
vt 0.382455 0.899790
vt 0.382477 0.895587
vt 0.383696 0.895587
vt 0.383675 0.899790
vt 0.382498 0.891384
vt 0.383718 0.891384
vt 0.382520 0.887182
vt 0.383739 0.887182
vt 0.382541 0.882979
vt 0.383761 0.882979
vt 0.382563 0.878776
vt 0.383783 0.878776
vt 0.382584 0.874573
vt 0.383804 0.874573
vt 0.382606 0.870370
vt 0.383826 0.870370
vt 0.382627 0.866168
vt 0.383847 0.866168
vt 0.382649 0.861965
vt 0.383869 0.861965
vt 0.382670 0.857762
vt 0.383890 0.857762
vt 0.396414 0.861967
vt 0.396387 0.857762
vt 0.397607 0.857762
vt 0.397634 0.861967
vt 0.396441 0.866172
vt 0.397661 0.866172
vt 0.396468 0.870377
vt 0.397688 0.870377
vt 0.396495 0.874582
vt 0.397714 0.874582
vt 0.396522 0.878787
vt 0.397741 0.878787
vt 0.396548 0.882992
vt 0.397768 0.882992
vt 0.396575 0.887196
vt 0.397795 0.887196
vt 0.396602 0.891401
vt 0.397822 0.891401
vt 0.396629 0.895606
vt 0.397849 0.895606
vt 0.396656 0.899811
vt 0.397876 0.899811
vt 0.410507 0.897021
vt 0.410548 0.892810
vt 0.411767 0.892810
vt 0.411727 0.897021
vt 0.410588 0.888600
vt 0.411808 0.888600
vt 0.410628 0.884390
vt 0.411848 0.884390
vt 0.410669 0.880180
vt 0.411888 0.880180
vt 0.410709 0.875969
vt 0.411929 0.875969
vt 0.410749 0.871759
vt 0.411969 0.871759
vt 0.410789 0.867549
vt 0.412009 0.867549
vt 0.410830 0.863339
vt 0.412050 0.863339
vt 0.410870 0.859128
vt 0.412090 0.859128
vt 0.410910 0.854918
vt 0.412130 0.854918
vt 0.404640 0.895655
vt 0.404600 0.899865
vt 0.403380 0.899865
vt 0.403420 0.895655
vt 0.404680 0.891444
vt 0.403461 0.891444
vt 0.404721 0.887234
vt 0.403501 0.887234
vt 0.404761 0.883024
vt 0.403541 0.883024
vt 0.404801 0.878813
vt 0.403582 0.878813
vt 0.404842 0.874603
vt 0.403622 0.874603
vt 0.404882 0.870393
vt 0.403662 0.870393
vt 0.404922 0.866183
vt 0.403703 0.866183
vt 0.404963 0.861972
vt 0.403743 0.861972
vt 0.405003 0.857762
vt 0.403783 0.857762
vt 0.390614 0.857762
vt 0.390641 0.861967
vt 0.389421 0.861967
vt 0.389394 0.857762
vt 0.390668 0.866172
vt 0.389448 0.866172
vt 0.390695 0.870377
vt 0.389475 0.870377
vt 0.390722 0.874582
vt 0.389502 0.874582
vt 0.390749 0.878787
vt 0.389529 0.878787
vt 0.390775 0.882992
vt 0.389556 0.882992
vt 0.390802 0.887196
vt 0.389582 0.887196
vt 0.390829 0.891401
vt 0.389609 0.891401
vt 0.390856 0.895606
vt 0.389636 0.895606
vt 0.390883 0.899811
vt 0.389663 0.899811
vt 0.376757 0.895587
vt 0.376736 0.899790
vt 0.375516 0.899790
vt 0.375538 0.895587
vt 0.376779 0.891384
vt 0.375559 0.891384
vt 0.376800 0.887182
vt 0.375581 0.887182
vt 0.376822 0.882979
vt 0.375602 0.882979
vt 0.376843 0.878776
vt 0.375624 0.878776
vt 0.376865 0.874573
vt 0.375645 0.874573
vt 0.376886 0.870370
vt 0.375667 0.870370
vt 0.376908 0.866168
vt 0.375688 0.866168
vt 0.376929 0.861965
vt 0.375710 0.861965
vt 0.376951 0.857762
vt 0.375731 0.857762
vt 0.363180 0.851456
vt 0.363186 0.855653
vt 0.361966 0.855653
vt 0.361960 0.851456
vt 0.363191 0.859849
vt 0.361971 0.859849
vt 0.363196 0.864045
vt 0.361977 0.864045
vt 0.363202 0.868242
vt 0.361982 0.868242
vt 0.363207 0.872438
vt 0.361987 0.872438
vt 0.363213 0.876634
vt 0.361993 0.876634
vt 0.363218 0.880831
vt 0.361998 0.880831
vt 0.363223 0.885027
vt 0.362004 0.885027
vt 0.363229 0.889223
vt 0.362009 0.889223
vt 0.363234 0.893420
vt 0.362014 0.893420
vt 0.410232 0.436327
vt 0.410232 0.419289
vt 0.418456 0.419289
vt 0.418456 0.436327
vt 0.397164 0.436327
vt 0.397164 0.419289
vt 0.418456 0.417699
vt 0.410232 0.417699
vt 0.428399 0.419289
vt 0.428399 0.436327
vt 0.410232 0.453364
vt 0.418456 0.453364
vt 0.382856 0.436327
vt 0.382856 0.419289
vt 0.397164 0.453364
vt 0.410232 0.403254
vt 0.418456 0.403254
vt 0.428399 0.453364
vt 0.418456 0.459043
vt 0.410232 0.459043
vt 0.373163 0.436327
vt 0.373163 0.419289
vt 0.397164 0.459043
vt 0.404511 0.414798
vt 0.404511 0.406494
vt 0.428399 0.459043
vt 0.418456 0.464722
vt 0.410232 0.464722
vt 0.397164 0.464722
vt 0.382856 0.459043
vt 0.382856 0.453364
vt 0.428399 0.464722
vt 0.410232 0.470401
vt 0.418456 0.470401
vt 0.397164 0.470401
vt 0.382856 0.464722
vt 0.373163 0.459043
vt 0.373163 0.453364
vt 0.428399 0.470401
vt 0.418456 0.476081
vt 0.410232 0.476080
vt 0.382856 0.470401
vt 0.397164 0.476080
vt 0.373163 0.464722
vt 0.428399 0.476081
vt 0.418456 0.481760
vt 0.410232 0.481760
vt 0.373163 0.470401
vt 0.382856 0.476080
vt 0.397164 0.481760
vt 0.428399 0.481760
vt 0.410232 0.487439
vt 0.418456 0.487439
vt 0.373163 0.476080
vt 0.382856 0.481760
vt 0.397164 0.487439
vt 0.428399 0.487439
vt 0.418456 0.493118
vt 0.410232 0.493118
vt 0.373163 0.481760
vt 0.382856 0.487439
vt 0.397164 0.493118
vt 0.428399 0.493118
vt 0.418456 0.498797
vt 0.410232 0.498797
vt 0.373163 0.487439
vt 0.382856 0.493118
vt 0.397164 0.498797
vt 0.428399 0.498797
vt 0.410232 0.504476
vt 0.418456 0.504476
vt 0.373163 0.493118
vt 0.382856 0.498797
vt 0.397164 0.504476
vt 0.428399 0.504476
vt 0.418456 0.510155
vt 0.410232 0.510155
vt 0.373163 0.498797
vt 0.382856 0.504476
vt 0.397164 0.510155
vt 0.428399 0.510155
vt 0.418456 0.515834
vt 0.410232 0.515834
vt 0.373163 0.504476
vt 0.382856 0.510155
vt 0.397164 0.515834
vt 0.428399 0.515834
vt 0.410232 0.521513
vt 0.418456 0.521513
vt 0.373163 0.510155
vt 0.382856 0.515834
vt 0.397164 0.521513
vt 0.428399 0.521513
vt 0.418456 0.527193
vt 0.410232 0.527193
vt 0.373163 0.515834
vt 0.382856 0.521513
vt 0.397164 0.527193
vt 0.428399 0.527193
vt 0.418456 0.532872
vt 0.410232 0.532872
vt 0.373163 0.521513
vt 0.382856 0.527193
vt 0.397164 0.532872
vt 0.428399 0.532872
vt 0.410232 0.538551
vt 0.418456 0.538551
vt 0.373163 0.527193
vt 0.382856 0.532872
vt 0.397164 0.538551
vt 0.428399 0.538551
vt 0.410232 0.555588
vt 0.418456 0.555588
vt 0.373163 0.532872
vt 0.382856 0.538551
vt 0.397164 0.555588
vt 0.428399 0.555588
vt 0.410232 0.572625
vt 0.418456 0.572625
vt 0.373163 0.538551
vt 0.397164 0.572625
vt 0.428399 0.572625
vt 0.418456 0.574216
vt 0.410232 0.574216
vt 0.382856 0.572625
vt 0.382856 0.555588
vt 0.416517 0.588661
vt 0.408292 0.588661
vt 0.373163 0.572625
vt 0.373163 0.555588
vt 0.402572 0.585422
vt 0.402572 0.577117
vt 0.325440 0.420343
vt 0.323262 0.407032
vt 0.327385 0.408370
vt 0.330367 0.420361
vt 0.318167 0.420316
vt 0.317176 0.405058
vt 0.328586 0.437380
vt 0.334660 0.437398
vt 0.311525 0.420292
vt 0.311618 0.403254
vt 0.319620 0.437353
vt 0.335185 0.443077
vt 0.328966 0.443059
vt 0.308618 0.420479
vt 0.308701 0.403442
vt 0.319784 0.443032
vt 0.335710 0.448756
vt 0.329345 0.448738
vt 0.303494 0.420464
vt 0.303578 0.403483
vt 0.319949 0.448711
vt 0.311400 0.443008
vt 0.311431 0.437329
vt 0.329725 0.454417
vt 0.336235 0.454435
vt 0.297736 0.420447
vt 0.297821 0.403529
vt 0.320114 0.454391
vt 0.308506 0.443196
vt 0.308534 0.437517
vt 0.336235 0.460114
vt 0.329717 0.460096
vt 0.303409 0.437502
vt 0.297650 0.437485
vt 0.273412 0.420529
vt 0.273501 0.403875
vt 0.311338 0.454366
vt 0.311369 0.448687
vt 0.320094 0.460070
vt 0.303381 0.443181
vt 0.336235 0.466127
vt 0.329709 0.465776
vt 0.297622 0.443164
vt 0.273320 0.437566
vt 0.308451 0.454554
vt 0.308479 0.448875
vt 0.320074 0.465749
vt 0.329700 0.471455
vt 0.336235 0.471806
vt 0.273291 0.443245
vt 0.303325 0.454539
vt 0.303353 0.448860
vt 0.320054 0.471428
vt 0.311275 0.465724
vt 0.311306 0.460045
vt 0.336235 0.477145
vt 0.329692 0.477129
vt 0.297565 0.454522
vt 0.297593 0.448843
vt 0.320033 0.477105
vt 0.308395 0.465912
vt 0.308423 0.460233
vt 0.336235 0.482818
vt 0.329684 0.482803
vt 0.273232 0.454603
vt 0.273261 0.448924
vt 0.320013 0.482782
vt 0.311213 0.477083
vt 0.311244 0.471404
vt 0.303269 0.465897
vt 0.303297 0.460218
vt 0.329676 0.488478
vt 0.336235 0.488158
vt 0.319993 0.488458
vt 0.308339 0.477271
vt 0.308367 0.471591
vt 0.297509 0.465880
vt 0.297537 0.460201
vt 0.336235 0.493837
vt 0.329668 0.494157
vt 0.311150 0.488441
vt 0.311182 0.482762
vt 0.319973 0.494138
vt 0.303214 0.477256
vt 0.303241 0.471576
vt 0.273175 0.465962
vt 0.273204 0.460282
vt 0.336235 0.499849
vt 0.329660 0.499836
vt 0.308284 0.488629
vt 0.308312 0.482950
vt 0.319953 0.499817
vt 0.297453 0.477238
vt 0.297481 0.471559
vt 0.329652 0.505515
vt 0.336235 0.505528
vt 0.303158 0.488614
vt 0.303186 0.482935
vt 0.319933 0.505496
vt 0.311088 0.499799
vt 0.311119 0.494120
vt 0.273119 0.477320
vt 0.273147 0.471641
vt 0.336372 0.511207
vt 0.329744 0.511194
vt 0.297398 0.488597
vt 0.297426 0.482918
vt 0.319960 0.511175
vt 0.308228 0.499987
vt 0.308256 0.494308
vt 0.336508 0.516886
vt 0.329837 0.516873
vt 0.273065 0.488678
vt 0.273092 0.482999
vt 0.319988 0.516854
vt 0.311026 0.511157
vt 0.311057 0.505478
vt 0.303103 0.499972
vt 0.303131 0.494293
vt 0.329401 0.522552
vt 0.336116 0.522565
vt 0.320016 0.522533
vt 0.308172 0.511345
vt 0.308200 0.505666
vt 0.297343 0.499955
vt 0.297371 0.494276
vt 0.326734 0.539590
vt 0.332351 0.539603
vt 0.310963 0.522515
vt 0.310994 0.516836
vt 0.318442 0.539570
vt 0.303048 0.511330
vt 0.303075 0.505651
vt 0.273012 0.500036
vt 0.273039 0.494357
vt 0.323042 0.552900
vt 0.327385 0.551593
vt 0.308117 0.522703
vt 0.308145 0.517024
vt 0.316631 0.554829
vt 0.297289 0.511313
vt 0.297316 0.505634
vt 0.302993 0.522688
vt 0.303020 0.517009
vt 0.310776 0.556590
vt 0.310870 0.539553
vt 0.272961 0.511395
vt 0.272986 0.505715
vt 0.297235 0.522671
vt 0.297262 0.516992
vt 0.307950 0.556778
vt 0.308033 0.539741
vt 0.302911 0.539726
vt 0.297155 0.539709
vt 0.272911 0.522753
vt 0.272936 0.517074
vt 0.302829 0.556759
vt 0.297074 0.556738
vt 0.272839 0.539751
vt 0.272762 0.556762
vt 0.696155 0.969817
vt 0.700414 0.969171
vt 0.700355 0.974889
vt 0.696444 0.975172
vt 0.139476 0.863198
vt 0.144099 0.863648
vt 0.142160 0.878093
vt 0.137537 0.878438
vt 0.173408 0.840988
vt 0.171469 0.877219
vt 0.359663 0.897001
vt 0.360120 0.916487
vt 0.351359 0.916487
vt 0.351359 0.898940
vt 0.379335 0.920940
vt 0.379792 0.903392
vt 0.388096 0.903392
vt 0.388096 0.920940
vt 0.506975 0.931019
vt 0.506975 0.913982
vt 0.516668 0.913982
vt 0.516668 0.931019
vt 0.522712 0.968478
vt 0.522712 0.951441
vt 0.532404 0.951441
vt 0.532404 0.968478
vt 0.232037 0.420291
vt 0.232037 0.403254
vt 0.237160 0.403295
vt 0.237161 0.420276
vt 0.242917 0.403341
vt 0.242919 0.420259
vt 0.232037 0.437329
vt 0.237162 0.437314
vt 0.267238 0.403867
vt 0.267243 0.420521
vt 0.242921 0.437297
vt 0.237162 0.442993
vt 0.232037 0.443008
vt 0.267251 0.437558
vt 0.242922 0.442976
vt 0.237162 0.448672
vt 0.232037 0.448687
vt 0.267252 0.443237
vt 0.242922 0.448655
vt 0.232037 0.454366
vt 0.237163 0.454351
vt 0.267254 0.448917
vt 0.242923 0.454334
vt 0.237163 0.460030
vt 0.232037 0.460045
vt 0.267256 0.454596
vt 0.242923 0.460013
vt 0.237163 0.465709
vt 0.232037 0.465724
vt 0.267256 0.460275
vt 0.242923 0.465692
vt 0.232037 0.471403
vt 0.237163 0.471388
vt 0.267257 0.465954
vt 0.242923 0.471371
vt 0.237163 0.477067
vt 0.232037 0.477083
vt 0.267257 0.471633
vt 0.242923 0.477051
vt 0.237163 0.482747
vt 0.232037 0.482762
vt 0.267257 0.477312
vt 0.242923 0.482730
vt 0.232037 0.488441
vt 0.237163 0.488426
vt 0.267256 0.482325
vt 0.242923 0.488409
vt 0.237162 0.494105
vt 0.232037 0.494120
vt 0.267256 0.488004
vt 0.242922 0.494088
vt 0.237162 0.499784
vt 0.232037 0.499799
vt 0.267254 0.493683
vt 0.242922 0.499767
vt 0.232037 0.505478
vt 0.237162 0.505463
vt 0.267253 0.499362
vt 0.242921 0.505446
vt 0.237162 0.511142
vt 0.232037 0.511157
vt 0.267251 0.505041
vt 0.242920 0.511125
vt 0.237161 0.516821
vt 0.232037 0.516836
vt 0.267248 0.510720
vt 0.242920 0.516804
vt 0.232037 0.522515
vt 0.237161 0.522500
vt 0.267246 0.516400
vt 0.242919 0.522483
vt 0.232037 0.539553
vt 0.237159 0.539538
vt 0.267243 0.522079
vt 0.242915 0.539521
vt 0.232037 0.556590
vt 0.237158 0.556571
vt 0.267232 0.539116
vt 0.242913 0.556550
vt 0.267225 0.556128
vt 0.399908 0.903634
vt 0.399825 0.920671
vt 0.395071 0.920653
vt 0.395153 0.903615
vt 0.402558 0.903446
vt 0.402464 0.920483
vt 0.411782 0.903461
vt 0.410208 0.920498
vt 0.598196 0.936202
vt 0.592517 0.936174
vt 0.592545 0.931349
vt 0.598224 0.931377
vt 0.598380 0.938930
vt 0.592700 0.938898
vt 0.592601 0.925225
vt 0.598280 0.925252
vt 0.598361 0.947963
vt 0.592682 0.947943
vt 0.592549 0.900530
vt 0.598228 0.900557
vt 0.659417 0.934932
vt 0.653738 0.934905
vt 0.653767 0.930015
vt 0.659446 0.930043
vt 0.659268 0.937743
vt 0.653589 0.937711
vt 0.653823 0.923891
vt 0.659502 0.923920
vt 0.659576 0.946707
vt 0.653896 0.946687
vt 0.653771 0.899194
vt 0.659450 0.899222
vt 0.422842 0.905244
vt 0.422758 0.922281
vt 0.417802 0.922262
vt 0.417886 0.905224
vt 0.425737 0.905065
vt 0.425643 0.922102
vt 0.432535 0.905094
vt 0.433988 0.922132
vt 0.130093 0.876036
vt 0.132032 0.890482
vt 0.101630 0.889608
vt 0.099691 0.853377
vt 0.219037 0.865694
vt 0.219190 0.841706
vt 0.250316 0.840988
vt 0.250110 0.879515
vt 0.215953 0.860988
vt 0.215953 0.845748
vt 0.210328 0.841706
vt 0.210449 0.865694
vt 0.179033 0.879515
vt 0.178912 0.840988
vt 0.621347 0.923912
vt 0.615668 0.923885
vt 0.615616 0.899194
vt 0.621295 0.899219
vt 0.621291 0.930036
vt 0.615612 0.930009
vt 0.621263 0.934839
vt 0.615584 0.934811
vt 0.615768 0.937509
vt 0.621447 0.937540
vt 0.615749 0.946673
vt 0.621428 0.946645
vt 0.609647 0.923918
vt 0.603968 0.923890
vt 0.603916 0.899194
vt 0.609595 0.899220
vt 0.609591 0.930042
vt 0.603912 0.930015
vt 0.609563 0.934889
vt 0.603884 0.934861
vt 0.604401 0.937613
vt 0.610080 0.937644
vt 0.604049 0.946634
vt 0.609728 0.946655
vt 0.632715 0.923919
vt 0.627035 0.923891
vt 0.626983 0.899194
vt 0.632662 0.899221
vt 0.632658 0.930043
vt 0.626979 0.930015
vt 0.632630 0.934911
vt 0.626951 0.934883
vt 0.627135 0.937663
vt 0.632814 0.937694
vt 0.627114 0.946662
vt 0.632791 0.946682
vt 0.670844 0.923918
vt 0.665164 0.923890
vt 0.665112 0.899194
vt 0.670791 0.899222
vt 0.670788 0.930041
vt 0.665108 0.930013
vt 0.670759 0.934951
vt 0.665080 0.934924
vt 0.665263 0.937758
vt 0.670942 0.937789
vt 0.665238 0.946711
vt 0.670917 0.946731
vt 0.586915 0.925253
vt 0.581236 0.925224
vt 0.581184 0.900530
vt 0.586863 0.900560
vt 0.586859 0.931374
vt 0.581180 0.931346
vt 0.586830 0.936306
vt 0.581151 0.936278
vt 0.581333 0.939137
vt 0.587012 0.939168
vt 0.581307 0.947880
vt 0.586986 0.947715
vt 0.538448 0.968510
vt 0.538448 0.951472
vt 0.552757 0.951472
vt 0.552757 0.968510
vt 0.559430 0.968493
vt 0.559430 0.951456
vt 0.573739 0.951456
vt 0.573739 0.968493
vt 0.140318 0.908044
vt 0.139790 0.891007
vt 0.145219 0.882019
vt 0.145219 0.888271
vt 0.156931 0.891007
vt 0.156931 0.908044
vt 0.152030 0.888271
vt 0.152030 0.882019
vt 0.445322 0.773760
vt 0.445322 0.779440
vt 0.435526 0.770452
vt 0.435526 0.768368
vt 0.445322 0.768081
vt 0.435526 0.766284
vt 0.445322 0.762402
vt 0.435526 0.764200
vt 0.445322 0.756723
vt 0.435526 0.762116
vt 0.445322 0.751044
vt 0.435526 0.760032
vt 0.445322 0.745365
vt 0.435526 0.757948
vt 0.445322 0.739686
vt 0.435526 0.755864
vt 0.445322 0.734007
vt 0.435526 0.717829
vt 0.445322 0.728328
vt 0.435526 0.715745
vt 0.445322 0.722649
vt 0.435526 0.713661
vt 0.445322 0.716969
vt 0.435526 0.711577
vt 0.445322 0.711290
vt 0.435526 0.709493
vt 0.445322 0.705611
vt 0.435526 0.707409
vt 0.445322 0.699932
vt 0.435526 0.705325
vt 0.445322 0.694253
vt 0.435526 0.703241
vt 0.420226 0.779440
vt 0.420226 0.773760
vt 0.430022 0.768368
vt 0.430022 0.770452
vt 0.420226 0.768081
vt 0.430022 0.766284
vt 0.420226 0.762402
vt 0.430022 0.764200
vt 0.420226 0.756723
vt 0.430022 0.762116
vt 0.420226 0.751044
vt 0.430022 0.760032
vt 0.420226 0.745365
vt 0.430022 0.757948
vt 0.420226 0.739686
vt 0.430022 0.755864
vt 0.420226 0.734007
vt 0.430022 0.717829
vt 0.420226 0.728328
vt 0.430022 0.715745
vt 0.420226 0.722648
vt 0.430022 0.713661
vt 0.420226 0.716969
vt 0.430022 0.711577
vt 0.420226 0.711290
vt 0.430022 0.709493
vt 0.420226 0.705611
vt 0.430022 0.707409
vt 0.420226 0.699932
vt 0.430022 0.705325
vt 0.420226 0.694253
vt 0.430022 0.703241
vt 0.162521 0.899057
vt 0.162521 0.882019
vt 0.167422 0.901792
vt 0.167422 0.908044
vt 0.177913 0.883096
vt 0.177913 0.900133
vt 0.173012 0.909121
vt 0.173012 0.902869
vt 0.692314 0.950338
vt 0.694253 0.965578
vt 0.692507 0.965578
vt 0.690568 0.950338
vt 0.701059 0.965590
vt 0.702998 0.950350
vt 0.704744 0.950350
vt 0.702805 0.965590
vt 0.711550 0.965601
vt 0.711550 0.950361
vt 0.713773 0.950361
vt 0.713773 0.965601
vt 0.722516 0.950361
vt 0.722516 0.965601
vt 0.720292 0.965601
vt 0.720292 0.950361
vn -0.009906 -0.951031 -0.308937
vn -0.011808 -0.809040 -0.587635
vn 0.033482 -0.808433 -0.587636
vn 0.035384 -0.950424 -0.308936
vn -0.014771 -0.587884 -0.808810
vn 0.030518 -0.587278 -0.808810
vn -0.018505 -0.309215 -0.950812
vn 0.026784 -0.308608 -0.950812
vn -0.022644 -0.000302 -0.999744
vn 0.022644 0.000305 -0.999744
vn -0.026783 0.308608 -0.950812
vn 0.018505 0.309215 -0.950812
vn -0.030517 0.587278 -0.808810
vn 0.014772 0.587885 -0.808810
vn -0.033482 0.808434 -0.587635
vn 0.011808 0.809040 -0.587634
vn -0.035385 0.950424 -0.308938
vn 0.009905 0.951031 -0.308938
vn -0.036040 0.999350 0.000000
vn 0.009249 0.999957 0.000000
vn -0.035385 0.950424 0.308937
vn 0.009905 0.951031 0.308937
vn -0.033483 0.808433 0.587635
vn 0.011809 0.809040 0.587635
vn -0.030518 0.587278 0.808810
vn 0.014772 0.587885 0.808810
vn -0.026784 0.308608 0.950812
vn 0.018505 0.309215 0.950812
vn -0.022644 -0.000304 0.999744
vn 0.022644 0.000303 0.999744
vn -0.018505 -0.309215 0.950812
vn 0.026784 -0.308609 0.950812
vn -0.014772 -0.587884 0.808810
vn 0.030518 -0.587278 0.808810
vn -0.011809 -0.809040 0.587635
vn 0.033482 -0.808433 0.587635
vn -0.009906 -0.951031 0.308937
vn 0.035385 -0.950424 0.308937
vn -0.009250 -0.999957 0.000001
vn 0.036040 -0.999350 0.000001
vn -0.989675 0.111143 0.090503
vn -0.989971 0.133020 0.047577
vn -0.999910 -0.013399 0.000000
vn -0.989213 0.077079 0.124566
vn -0.988617 0.034243 0.146504
vn -0.987938 -0.013238 0.154283
vn -0.987344 -0.060719 0.146508
vn -0.986793 -0.103562 0.124562
vn -0.986342 -0.137621 0.090503
vn -0.986053 -0.159487 0.047577
vn -0.985953 -0.167026 0.000000
vn -0.986053 -0.159487 -0.047577
vn -0.986342 -0.137621 -0.090502
vn -0.986793 -0.103562 -0.124561
vn -0.987344 -0.060719 -0.146508
vn -0.987938 -0.013238 -0.154282
vn -0.988617 0.034243 -0.146504
vn -0.989213 0.077080 -0.124566
vn -0.989675 0.111143 -0.090503
vn -0.989971 0.133020 -0.047578
vn -0.990073 0.140555 -0.000000
vn 0.985571 0.162207 0.048352
vn 0.985873 0.139986 0.091974
vn 0.999910 0.013400 -0.000000
vn 0.986342 0.105372 0.126592
vn 0.986950 0.061681 0.148742
vn 0.987644 0.013237 0.156153
vn 0.988249 -0.035212 0.148743
vn 0.988811 -0.078905 0.126595
vn 0.989269 -0.113521 0.091974
vn 0.989564 -0.135744 0.048351
vn 0.989665 -0.143402 -0.000000
vn 0.989564 -0.135744 -0.048351
vn 0.989269 -0.113521 -0.091974
vn 0.988811 -0.078905 -0.126595
vn 0.988249 -0.035212 -0.148743
vn 0.987644 0.013236 -0.156153
vn 0.986950 0.061681 -0.148742
vn 0.986342 0.105372 -0.126592
vn 0.985873 0.139986 -0.091974
vn 0.985572 0.162207 -0.048352
vn 0.985467 0.169865 -0.000000
vn -0.979562 0.190066 0.065826
vn -0.979106 0.160075 0.125407
vn -0.815182 -0.551894 -0.175761
vn -0.816261 -0.471119 -0.334312
vn -0.600211 -0.761466 -0.244779
vn -0.601721 -0.648961 -0.465598
vn -0.314774 -0.903121 -0.292044
vn -0.316574 -0.768894 -0.555503
vn -0.978392 0.113181 0.173031
vn -0.817950 -0.345302 -0.460136
vn -0.604066 -0.473736 -0.640842
vn -0.319375 -0.559833 -0.764583
vn -0.977540 0.053827 0.203760
vn -0.820075 -0.186762 -0.540922
vn -0.607019 -0.252937 -0.753359
vn -0.322905 -0.296398 -0.898822
vn -0.976642 -0.013086 0.214474
vn -0.822431 -0.011019 -0.568758
vn -0.610297 -0.008177 -0.792130
vn -0.326813 -0.004378 -0.945079
vn -0.975750 -0.079998 0.203747
vn -0.824787 0.164719 -0.540920
vn -0.613580 0.236580 -0.753359
vn -0.330723 0.287640 -0.898825
vn -0.975010 -0.139354 0.173022
vn -0.826912 0.323256 -0.460132
vn -0.616542 0.457380 -0.640842
vn -0.334251 0.551078 -0.764585
vn -0.974466 -0.186250 0.125409
vn -0.828601 0.449067 -0.334304
vn -0.618890 0.632608 -0.465599
vn -0.337055 0.760137 -0.555505
vn -0.974116 -0.216252 0.065831
vn -0.829689 0.529837 -0.175755
vn -0.620394 0.745113 -0.244781
vn -0.338855 0.894364 -0.292045
vn -0.973995 -0.226568 -0.000000
vn -0.830063 0.557670 -0.000000
vn -0.620909 0.783883 -0.000000
vn -0.339473 0.940616 -0.000000
vn -0.974116 -0.216251 -0.065831
vn -0.829688 0.529837 0.175756
vn -0.620394 0.745114 0.244780
vn -0.338856 0.894363 0.292046
vn -0.974466 -0.186250 -0.125409
vn -0.828601 0.449067 0.334305
vn -0.618889 0.632607 0.465601
vn -0.337056 0.760137 0.555505
vn -0.975010 -0.139354 -0.173022
vn -0.826912 0.323257 0.460133
vn -0.616543 0.457381 0.640842
vn -0.334254 0.551078 0.764583
vn -0.975750 -0.079997 -0.203746
vn -0.824786 0.164720 0.540921
vn -0.613580 0.236581 0.753359
vn -0.330724 0.287640 0.898824
vn -0.976642 -0.013085 -0.214473
vn -0.822431 -0.011019 0.568758
vn -0.610297 -0.008177 0.792131
vn -0.326811 -0.004379 0.945080
vn -0.977541 0.053826 -0.203755
vn -0.820074 -0.186762 0.540923
vn -0.607019 -0.252937 0.753359
vn -0.322907 -0.296397 0.898821
vn -0.978392 0.113181 -0.173030
vn -0.817949 -0.345304 0.460136
vn -0.604066 -0.473737 0.640842
vn -0.319379 -0.559833 0.764581
vn -0.979106 0.160074 -0.125406
vn -0.816261 -0.471119 0.334312
vn -0.601721 -0.648960 0.465599
vn -0.316578 -0.768893 0.555502
vn -0.979562 0.190065 -0.065826
vn -0.815182 -0.551894 0.175763
vn -0.600212 -0.761465 0.244779
vn -0.314777 -0.903120 0.292045
vn -0.979719 0.200377 -0.000000
vn -0.814812 -0.579726 0.000001
vn -0.599688 -0.800234 0.000000
vn -0.314153 -0.949372 0.000001
vn 0.971455 0.226772 0.069641
vn 0.971283 0.237926 -0.000000
vn 0.829679 -0.529851 -0.175758
vn 0.830057 -0.557678 0.000001
vn 0.620398 -0.745110 -0.244780
vn 0.620918 -0.783876 0.000001
vn 0.338855 -0.894364 -0.292044
vn 0.339474 -0.940615 0.000001
vn 0.971949 0.194480 0.132258
vn 0.828591 -0.449079 -0.334312
vn 0.618892 -0.632607 -0.465597
vn 0.337058 -0.760137 -0.555503
vn 0.972716 0.144386 0.181595
vn 0.826903 -0.323264 -0.460142
vn 0.616542 -0.457380 -0.640843
vn 0.334257 -0.551076 -0.764584
vn 0.973619 0.081555 0.213106
vn 0.824782 -0.164723 -0.540925
vn 0.613578 -0.236582 -0.753360
vn 0.330730 -0.287640 -0.898822
vn 0.974543 0.013059 0.223818
vn 0.822432 0.011020 -0.568756
vn 0.610295 0.008178 -0.792132
vn 0.326816 0.004381 -0.945078
vn 0.975453 -0.055443 0.213114
vn 0.820076 0.186760 -0.540921
vn 0.607011 0.252939 -0.753366
vn 0.322904 0.296397 -0.898823
vn 0.976232 -0.118277 0.181608
vn 0.817951 0.345301 -0.460135
vn 0.604057 0.473738 -0.640849
vn 0.319375 0.559833 -0.764583
vn 0.976808 -0.168378 0.132266
vn 0.816268 0.471112 -0.334305
vn 0.601719 0.648963 -0.465599
vn 0.316570 0.768895 -0.555503
vn 0.977179 -0.200677 0.069642
vn 0.815189 0.551885 -0.175758
vn 0.600216 0.761461 -0.244781
vn 0.314765 0.903124 -0.292045
vn 0.977306 -0.211831 -0.000000
vn 0.814817 0.579719 0.000000
vn 0.599698 0.800227 0.000000
vn 0.314144 0.949376 0.000000
vn 0.977179 -0.200675 -0.069643
vn 0.815188 0.551886 0.175759
vn 0.600216 0.761462 0.244779
vn 0.314766 0.903123 0.292045
vn 0.976809 -0.168377 -0.132266
vn 0.816268 0.471112 0.334305
vn 0.601720 0.648961 0.465600
vn 0.316572 0.768895 0.555502
vn 0.976232 -0.118278 -0.181609
vn 0.817952 0.345300 0.460133
vn 0.604059 0.473738 0.640848
vn 0.319376 0.559834 0.764582
vn 0.975453 -0.055443 -0.213113
vn 0.820077 0.186760 0.540920
vn 0.607012 0.252940 0.753364
vn 0.322906 0.296396 0.898822
vn 0.974543 0.013059 -0.223819
vn 0.822432 0.011019 0.568756
vn 0.610294 0.008177 0.792133
vn 0.326814 0.004380 0.945079
vn 0.973620 0.081554 -0.213104
vn 0.824784 -0.164721 0.540923
vn 0.613574 -0.236582 0.753363
vn 0.330725 -0.287640 0.898824
vn 0.972716 0.144385 -0.181594
vn 0.826907 -0.323262 0.460137
vn 0.616539 -0.457381 0.640844
vn 0.334256 -0.551077 0.764583
vn 0.971949 0.194480 -0.132259
vn 0.828593 -0.449078 0.334309
vn 0.618891 -0.632608 0.465598
vn 0.337059 -0.760137 0.555503
vn 0.971455 0.226772 -0.069641
vn 0.829679 -0.529850 0.175760
vn 0.620399 -0.745110 0.244780
vn 0.338856 -0.894364 0.292044
vn -0.009906 -0.951031 -0.308937
vn -0.011808 -0.809040 -0.587635
vn 0.033482 -0.808433 -0.587636
vn 0.035384 -0.950424 -0.308936
vn -0.014771 -0.587884 -0.808810
vn 0.030518 -0.587278 -0.808810
vn -0.018505 -0.309215 -0.950812
vn 0.026784 -0.308608 -0.950812
vn -0.022644 -0.000302 -0.999744
vn 0.022644 0.000305 -0.999744
vn -0.026783 0.308608 -0.950812
vn 0.018505 0.309215 -0.950812
vn -0.030517 0.587278 -0.808810
vn 0.014772 0.587885 -0.808809
vn -0.033482 0.808434 -0.587634
vn 0.011808 0.809041 -0.587634
vn -0.035385 0.950424 -0.308937
vn 0.009905 0.951031 -0.308938
vn -0.036040 0.999350 -0.000000
vn 0.009249 0.999957 -0.000000
vn -0.035385 0.950424 0.308937
vn 0.009905 0.951031 0.308937
vn -0.033483 0.808433 0.587635
vn 0.011809 0.809040 0.587635
vn -0.030518 0.587278 0.808810
vn 0.014772 0.587885 0.808810
vn -0.026784 0.308608 0.950812
vn 0.018506 0.309215 0.950812
vn -0.022644 -0.000303 0.999744
vn 0.022644 0.000303 0.999744
vn -0.018505 -0.309215 0.950812
vn 0.026784 -0.308609 0.950812
vn -0.014772 -0.587884 0.808810
vn 0.030518 -0.587278 0.808810
vn -0.011809 -0.809040 0.587635
vn 0.033482 -0.808433 0.587635
vn -0.009906 -0.951031 0.308938
vn 0.035385 -0.950424 0.308937
vn -0.009250 -0.999957 0.000001
vn 0.036040 -0.999350 0.000001
vn -0.989675 0.111143 0.090503
vn -0.989971 0.133019 0.047578
vn -0.999910 -0.013399 0.000000
vn -0.989213 0.077080 0.124566
vn -0.988617 0.034243 0.146505
vn -0.987938 -0.013238 0.154282
vn -0.987344 -0.060720 0.146508
vn -0.986792 -0.103562 0.124562
vn -0.986342 -0.137622 0.090502
vn -0.986053 -0.159486 0.047577
vn -0.985953 -0.167025 0.000000
vn -0.986053 -0.159487 -0.047577
vn -0.986342 -0.137622 -0.090502
vn -0.986792 -0.103562 -0.124561
vn -0.987344 -0.060720 -0.146508
vn -0.987938 -0.013238 -0.154282
vn -0.988617 0.034243 -0.146504
vn -0.989213 0.077079 -0.124566
vn -0.989675 0.111143 -0.090503
vn -0.989971 0.133019 -0.047578
vn -0.990073 0.140554 -0.000000
vn 0.985572 0.162206 0.048352
vn 0.985873 0.139986 0.091973
vn 0.999910 0.013400 -0.000000
vn 0.986342 0.105371 0.126592
vn 0.986951 0.061680 0.148742
vn 0.987644 0.013237 0.156153
vn 0.988249 -0.035211 0.148742
vn 0.988811 -0.078905 0.126595
vn 0.989270 -0.113520 0.091973
vn 0.989564 -0.135742 0.048349
vn 0.989665 -0.143401 -0.000000
vn 0.989564 -0.135743 -0.048349
vn 0.989270 -0.113519 -0.091973
vn 0.988811 -0.078905 -0.126595
vn 0.988249 -0.035212 -0.148742
vn 0.987644 0.013237 -0.156152
vn 0.986951 0.061680 -0.148742
vn 0.986342 0.105371 -0.126592
vn 0.985873 0.139986 -0.091973
vn 0.985572 0.162206 -0.048352
vn 0.985467 0.169865 -0.000000
vn -0.979563 0.190064 0.065826
vn -0.979107 0.160073 0.125407
vn -0.815183 -0.551893 -0.175761
vn -0.816261 -0.471120 -0.334312
vn -0.600212 -0.761465 -0.244779
vn -0.601722 -0.648960 -0.465598
vn -0.314774 -0.903121 -0.292044
vn -0.316574 -0.768894 -0.555503
vn -0.978392 0.113181 0.173030
vn -0.817949 -0.345303 -0.460136
vn -0.604068 -0.473735 -0.640841
vn -0.319375 -0.559833 -0.764583
vn -0.977541 0.053826 0.203757
vn -0.820076 -0.186761 -0.540921
vn -0.607021 -0.252936 -0.753358
vn -0.322905 -0.296397 -0.898822
vn -0.976643 -0.013086 0.214470
vn -0.822432 -0.011019 -0.568756
vn -0.610300 -0.008177 -0.792128
vn -0.326813 -0.004378 -0.945079
vn -0.975750 -0.079998 0.203745
vn -0.824787 0.164720 -0.540920
vn -0.613582 0.236580 -0.753358
vn -0.330723 0.287640 -0.898825
vn -0.975010 -0.139354 0.173022
vn -0.826911 0.323257 -0.460134
vn -0.616543 0.457380 -0.640842
vn -0.334251 0.551077 -0.764585
vn -0.974466 -0.186250 0.125409
vn -0.828601 0.449067 -0.334305
vn -0.618890 0.632608 -0.465599
vn -0.337055 0.760137 -0.555505
vn -0.974116 -0.216250 0.065830
vn -0.829690 0.529835 -0.175755
vn -0.620395 0.745113 -0.244781
vn -0.338855 0.894364 -0.292045
vn -0.973996 -0.226566 0.000000
vn -0.830065 0.557667 -0.000000
vn -0.620910 0.783882 -0.000000
vn -0.339472 0.940616 -0.000000
vn -0.974117 -0.216248 -0.065831
vn -0.829689 0.529835 0.175756
vn -0.620395 0.745113 0.244780
vn -0.338855 0.894364 0.292046
vn -0.974466 -0.186249 -0.125409
vn -0.828600 0.449068 0.334306
vn -0.618889 0.632607 0.465601
vn -0.337056 0.760137 0.555504
vn -0.975010 -0.139354 -0.173022
vn -0.826911 0.323258 0.460134
vn -0.616543 0.457381 0.640841
vn -0.334255 0.551078 0.764583
vn -0.975751 -0.079996 -0.203743
vn -0.824786 0.164720 0.540921
vn -0.613582 0.236581 0.753357
vn -0.330724 0.287640 0.898824
vn -0.976643 -0.013085 -0.214469
vn -0.822432 -0.011019 0.568757
vn -0.610299 -0.008177 0.792129
vn -0.326810 -0.004379 0.945080
vn -0.977542 0.053825 -0.203753
vn -0.820075 -0.186762 0.540922
vn -0.607021 -0.252938 0.753358
vn -0.322906 -0.296397 0.898822
vn -0.978392 0.113179 -0.173029
vn -0.817949 -0.345303 0.460136
vn -0.604067 -0.473736 0.640841
vn -0.319378 -0.559833 0.764581
vn -0.979107 0.160072 -0.125406
vn -0.816262 -0.471118 0.334311
vn -0.601723 -0.648959 0.465599
vn -0.316578 -0.768893 0.555502
vn -0.979563 0.190064 -0.065826
vn -0.815183 -0.551891 0.175762
vn -0.600213 -0.761464 0.244779
vn -0.314776 -0.903120 0.292045
vn -0.979719 0.200376 -0.000000
vn -0.814813 -0.579724 0.000001
vn -0.599688 -0.800234 -0.000000
vn -0.314153 -0.949372 0.000001
vn 0.971455 0.226770 0.069640
vn 0.971284 0.237925 -0.000000
vn 0.829680 -0.529849 -0.175758
vn 0.830058 -0.557677 0.000001
vn 0.620399 -0.745110 -0.244780
vn 0.620918 -0.783875 0.000001
vn 0.338855 -0.894364 -0.292044
vn 0.339473 -0.940616 0.000001
vn 0.971950 0.194479 0.132257
vn 0.828591 -0.449079 -0.334312
vn 0.618893 -0.632606 -0.465598
vn 0.337058 -0.760136 -0.555504
vn 0.972716 0.144385 0.181594
vn 0.826903 -0.323265 -0.460143
vn 0.616542 -0.457380 -0.640842
vn 0.334257 -0.551076 -0.764584
vn 0.973620 0.081555 0.213105
vn 0.824782 -0.164724 -0.540927
vn 0.613578 -0.236582 -0.753360
vn 0.330730 -0.287640 -0.898822
vn 0.974543 0.013059 0.223818
vn 0.822433 0.011020 -0.568756
vn 0.610294 0.008178 -0.792133
vn 0.326816 0.004381 -0.945078
vn 0.975453 -0.055444 0.213116
vn 0.820077 0.186760 -0.540920
vn 0.607010 0.252939 -0.753366
vn 0.322904 0.296396 -0.898823
vn 0.976232 -0.118278 0.181609
vn 0.817952 0.345301 -0.460133
vn 0.604056 0.473738 -0.640850
vn 0.319375 0.559833 -0.764583
vn 0.976808 -0.168378 0.132267
vn 0.816269 0.471112 -0.334304
vn 0.601719 0.648962 -0.465599
vn 0.316570 0.768895 -0.555503
vn 0.977179 -0.200676 0.069642
vn 0.815189 0.551884 -0.175758
vn 0.600215 0.761462 -0.244780
vn 0.314766 0.903124 -0.292045
vn 0.977307 -0.211830 -0.000000
vn 0.814817 0.579718 0.000000
vn 0.599697 0.800227 0.000000
vn 0.314144 0.949375 -0.000000
vn 0.977180 -0.200674 -0.069642
vn 0.815189 0.551884 0.175759
vn 0.600216 0.761462 0.244779
vn 0.314767 0.903123 0.292046
vn 0.976809 -0.168377 -0.132267
vn 0.816269 0.471112 0.334304
vn 0.601720 0.648961 0.465600
vn 0.316572 0.768894 0.555503
vn 0.976232 -0.118278 -0.181610
vn 0.817953 0.345300 0.460131
vn 0.604058 0.473739 0.640848
vn 0.319376 0.559834 0.764582
vn 0.975453 -0.055443 -0.213115
vn 0.820078 0.186759 0.540918
vn 0.607011 0.252940 0.753365
vn 0.322906 0.296397 0.898822
vn 0.974543 0.013060 -0.223819
vn 0.822433 0.011019 0.568756
vn 0.610293 0.008177 0.792134
vn 0.326814 0.004380 0.945079
vn 0.973620 0.081553 -0.213102
vn 0.824784 -0.164721 0.540924
vn 0.613574 -0.236583 0.753363
vn 0.330724 -0.287641 0.898824
vn 0.972716 0.144384 -0.181593
vn 0.826908 -0.323262 0.460136
vn 0.616539 -0.457382 0.640844
vn 0.334255 -0.551077 0.764583
vn 0.971950 0.194478 -0.132257
vn 0.828594 -0.449078 0.334308
vn 0.618891 -0.632608 0.465598
vn 0.337059 -0.760137 0.555503
vn 0.971456 0.226770 -0.069640
vn 0.829680 -0.529848 0.175760
vn 0.620399 -0.745109 0.244780
vn 0.338855 -0.894364 0.292044
vn 0.150490 0.988601 -0.004562
vn 0.150490 0.988601 -0.004562
vn 0.322213 0.946617 -0.009768
vn 0.322213 0.946617 -0.009768
vn 0.541857 0.840310 -0.016427
vn 0.541858 0.840310 -0.016427
vn 0.821467 0.569712 -0.024904
vn 0.821466 0.569714 -0.024904
vn 0.999541 0.000000 -0.030302
vn 0.999541 0.000000 -0.030302
vn 0.821465 -0.569714 -0.024904
vn 0.821465 -0.569716 -0.024904
vn 0.541857 -0.840310 -0.016427
vn 0.541858 -0.840310 -0.016427
vn 0.322215 -0.946616 -0.009768
vn 0.322215 -0.946616 -0.009768
vn 0.150490 -0.988601 -0.004562
vn 0.150490 -0.988601 -0.004562
vn 0.000000 -1.000000 0.000000
vn 0.000000 -1.000000 -0.000000
vn -0.150490 -0.988601 0.004562
vn -0.150490 -0.988601 0.004562
vn -0.322215 -0.946616 0.009768
vn -0.322215 -0.946616 0.009768
vn -0.541858 -0.840309 0.016427
vn -0.541858 -0.840310 0.016427
vn -0.821464 -0.569717 0.024904
vn -0.821464 -0.569716 0.024904
vn -0.999541 0.000000 0.030302
vn -0.999541 0.000000 0.030302
vn -0.821461 0.569721 0.024904
vn -0.821462 0.569719 0.024904
vn -0.541858 0.840309 0.016427
vn -0.541858 0.840310 0.016427
vn -0.322216 0.946616 0.009768
vn -0.322216 0.946616 0.009768
vn -0.150490 0.988601 0.004562
vn -0.150490 0.988601 0.004562
vn 0.000000 1.000000 0.000000
vn 0.000000 1.000000 0.000000
vn -0.030307 0.000003 -0.999541
vn -0.030302 0.000000 -0.999541
vn -0.030301 -0.000001 -0.999541
vn -0.030304 -0.000004 -0.999541
vn -0.030301 -0.000001 -0.999541
vn -0.030300 0.000000 -0.999541
vn -0.030301 0.000001 -0.999541
vn -0.030305 0.000004 -0.999541
vn -0.030306 -0.000003 -0.999541
vn -0.030301 0.000001 -0.999541
vn -0.030300 0.000000 -0.999541
vn -0.030298 -0.000001 -0.999541
vn -0.030308 0.000003 -0.999541
vn -0.030303 -0.000004 -0.999541
vn -0.030300 -0.000001 -0.999541
vn -0.030300 -0.000000 -0.999541
vn -0.030300 0.000001 -0.999541
vn -0.030304 0.000004 -0.999541
vn -0.030308 -0.000003 -0.999541
vn -0.030298 0.000001 -0.999541
vn -0.030300 0.000000 -0.999541
vn 0.030302 0.000003 0.999541
vn 0.030302 0.000000 0.999541
vn 0.030303 -0.000008 0.999541
vn 0.030304 -0.000004 0.999541
vn 0.030301 0.000012 0.999541
vn 0.030300 0.000000 0.999541
vn 0.030301 -0.000012 0.999541
vn 0.030304 0.000004 0.999541
vn 0.030303 0.000008 0.999541
vn 0.030302 -0.000003 0.999541
vn 0.030304 0.000000 0.999541
vn 0.030295 0.000003 0.999541
vn 0.030306 -0.000008 0.999541
vn 0.030306 -0.000004 0.999541
vn 0.030301 0.000012 0.999541
vn 0.030300 -0.000000 0.999541
vn 0.030301 -0.000012 0.999541
vn 0.030306 0.000004 0.999541
vn 0.030306 0.000008 0.999541
vn 0.030295 -0.000003 0.999541
vn 0.030304 0.000000 0.999541
vn 0.000000 0.951058 -0.309012
vn 0.000000 0.809016 -0.587787
vn 0.000000 0.809016 -0.587787
vn 0.000000 0.951058 -0.309012
vn 0.000000 0.587784 -0.809018
vn 0.000000 0.587784 -0.809018
vn 0.000000 0.309023 -0.951054
vn 0.000000 0.309023 -0.951054
vn 0.000000 0.000000 -1.000000
vn 0.000000 0.000000 -1.000000
vn 0.000000 -0.309023 -0.951054
vn 0.000000 -0.309023 -0.951054
vn 0.000000 -0.587785 -0.809017
vn 0.000000 -0.587785 -0.809017
vn 0.000000 -0.809015 -0.587788
vn 0.000000 -0.809015 -0.587788
vn 0.000000 -0.951058 -0.309012
vn 0.000000 -0.951058 -0.309012
vn 0.000000 -1.000000 0.000000
vn 0.000000 -1.000000 0.000000
vn 0.000000 -0.951058 0.309012
vn 0.000000 -0.951058 0.309012
vn 0.000000 -0.809015 0.587788
vn 0.000000 -0.809015 0.587788
vn 0.000000 -0.587785 0.809017
vn 0.000000 -0.587785 0.809017
vn 0.000000 -0.309023 0.951054
vn 0.000000 -0.309023 0.951054
vn 0.000000 0.000000 1.000000
vn 0.000000 0.000000 1.000000
vn 0.000000 0.309023 0.951054
vn 0.000000 0.309023 0.951054
vn 0.000000 0.587784 0.809018
vn 0.000000 0.587784 0.809018
vn 0.000000 0.809016 0.587787
vn 0.000000 0.809016 0.587787
vn 0.000000 0.951058 0.309012
vn 0.000000 0.951058 0.309012
vn 0.000000 1.000000 0.000000
vn 0.000000 1.000000 0.000000
vn 1.000000 0.000001 0.000000
vn 1.000000 0.000000 0.000000
vn 1.000000 0.000000 0.000000
vn 1.000000 -0.000001 0.000000
vn 1.000000 -0.000002 0.000000
vn 1.000000 0.000000 0.000000
vn 1.000000 0.000001 0.000000
vn 1.000000 0.000000 0.000000
vn 1.000000 -0.000001 0.000000
vn 1.000000 0.000000 0.000000
vn 1.000000 0.000000 0.000000
vn 1.000000 0.000000 0.000000
vn 1.000000 -0.000001 0.000000
vn 1.000000 0.000001 0.000000
vn 1.000000 0.000002 0.000000
vn 1.000000 0.000000 0.000000
vn 1.000000 -0.000001 0.000000
vn 1.000000 0.000000 0.000000
vn 1.000000 0.000001 0.000000
vn 1.000000 0.000000 0.000000
vn 1.000000 0.000000 0.000000
vn -1.000000 -0.000002 0.000000
vn -1.000000 -0.000002 0.000000
vn -1.000000 0.000000 0.000000
vn -1.000000 0.000000 0.000000
vn -1.000000 0.000000 0.000000
vn -1.000000 0.000000 0.000000
vn -1.000000 0.000000 0.000000
vn -1.000000 0.000000 0.000000
vn -1.000000 0.000004 0.000000
vn -1.000000 0.000004 0.000000
vn -1.000000 0.000000 0.000000
vn -1.000000 0.000002 0.000000
vn -1.000000 0.000002 0.000000
vn -1.000000 0.000000 0.000000
vn -1.000000 0.000000 0.000000
vn -1.000000 0.000000 0.000000
vn -1.000000 0.000000 0.000000
vn -1.000000 0.000000 0.000000
vn -1.000000 -0.000004 0.000000
vn -1.000000 -0.000004 0.000000
vn -1.000000 0.000000 0.000000
vn 0.950813 0.308937 -0.022648
vn 0.808809 0.587635 -0.022647
vn 0.808809 0.587635 0.022646
vn 0.950813 0.308937 0.022647
vn 0.587634 0.808810 -0.022646
vn 0.587635 0.808809 0.022646
vn 0.308939 0.950812 -0.022646
vn 0.308939 0.950812 0.022646
vn -0.000001 0.999744 -0.022647
vn -0.000001 0.999744 0.022647
vn -0.308939 0.950812 -0.022647
vn -0.308939 0.950812 0.022647
vn -0.587634 0.808810 -0.022646
vn -0.587635 0.808809 0.022646
vn -0.808809 0.587635 -0.022647
vn -0.808810 0.587634 0.022646
vn -0.950813 0.308937 -0.022647
vn -0.950813 0.308937 0.022647
vn -0.999744 -0.000000 -0.022647
vn -0.999744 0.000000 0.022646
vn -0.950813 -0.308937 -0.022647
vn -0.950813 -0.308937 0.022647
vn -0.808809 -0.587635 -0.022648
vn -0.808809 -0.587635 0.022647
vn -0.587634 -0.808810 -0.022647
vn -0.587634 -0.808810 0.022647
vn -0.308939 -0.950812 -0.022647
vn -0.308940 -0.950812 0.022647
vn 0.000000 -0.999744 -0.022647
vn 0.000000 -0.999744 0.022647
vn 0.308940 -0.950812 -0.022647
vn 0.308940 -0.950812 0.022647
vn 0.587634 -0.808810 -0.022647
vn 0.587634 -0.808810 0.022647
vn 0.808809 -0.587635 -0.022647
vn 0.808809 -0.587635 0.022647
vn 0.950813 -0.308938 -0.022647
vn 0.950813 -0.308938 0.022647
vn 0.999744 -0.000001 -0.022648
vn 0.999744 -0.000001 0.022647
vn -0.124393 -0.090503 -0.988097
vn -0.146272 -0.047577 -0.988100
vn 0.000001 0.000000 -1.000000
vn -0.090327 -0.124566 -0.988091
vn -0.047486 -0.146504 -0.988070
vn 0.000001 -0.154283 -0.988027
vn 0.047484 -0.146508 -0.988069
vn 0.090330 -0.124561 -0.988092
vn 0.124393 -0.090502 -0.988097
vn 0.146260 -0.047577 -0.988101
vn 0.153800 -0.000000 -0.988102
vn 0.146260 0.047577 -0.988101
vn 0.124394 0.090502 -0.988097
vn 0.090332 0.124561 -0.988092
vn 0.047485 0.146508 -0.988069
vn 0.000000 0.154283 -0.988027
vn -0.047486 0.146504 -0.988070
vn -0.090327 0.124565 -0.988091
vn -0.124393 0.090503 -0.988097
vn -0.146272 0.047578 -0.988100
vn -0.153807 0.000000 -0.988101
vn -0.148987 -0.048352 0.987656
vn -0.126765 -0.091973 0.987660
vn -0.000001 0.000000 1.000000
vn -0.092147 -0.126591 0.987666
vn -0.048451 -0.148742 0.987688
vn -0.000003 -0.156153 0.987733
vn 0.048449 -0.148742 0.987688
vn 0.092146 -0.126594 0.987665
vn 0.126764 -0.091973 0.987660
vn 0.148989 -0.048351 0.987656
vn 0.156648 0.000000 0.987655
vn 0.148989 0.048351 0.987656
vn 0.126765 0.091973 0.987660
vn 0.092146 0.126594 0.987665
vn 0.048449 0.148743 0.987688
vn -0.000003 0.156152 0.987733
vn -0.048452 0.148742 0.987688
vn -0.092147 0.126591 0.987666
vn -0.126764 0.091974 0.987660
vn -0.148986 0.048352 0.987656
vn -0.156646 0.000000 0.987655
vn -0.203172 -0.065826 -0.976928
vn -0.173178 -0.125407 -0.976874
vn 0.540924 0.175762 -0.822501
vn 0.460140 0.334313 -0.822500
vn 0.753357 0.244779 -0.610358
vn 0.640843 0.465598 -0.610360
vn 0.898821 0.292045 -0.326848
vn 0.764583 0.555503 -0.326848
vn -0.126282 -0.173032 -0.976787
vn 0.334310 0.460135 -0.822504
vn 0.465602 0.640842 -0.610358
vn 0.555504 0.764583 -0.326847
vn -0.066920 -0.203760 -0.976731
vn 0.175756 0.540920 -0.822506
vn 0.244781 0.753359 -0.610354
vn 0.292044 0.898823 -0.326845
vn 0.000000 -0.214472 -0.976730
vn -0.000001 0.568757 -0.822506
vn -0.000001 0.792131 -0.610352
vn -0.000002 0.945079 -0.326841
vn 0.066916 -0.203747 -0.976734
vn -0.175756 0.540920 -0.822505
vn -0.244780 0.753358 -0.610356
vn -0.292044 0.898824 -0.326843
vn 0.126278 -0.173022 -0.976789
vn -0.334306 0.460133 -0.822507
vn -0.465600 0.640842 -0.610359
vn -0.555505 0.764585 -0.326839
vn 0.173180 -0.125409 -0.976873
vn -0.460128 0.334304 -0.822510
vn -0.640845 0.465599 -0.610357
vn -0.764585 0.555505 -0.326840
vn 0.203184 -0.065830 -0.976925
vn -0.540905 0.175754 -0.822516
vn -0.753361 0.244781 -0.610352
vn -0.898823 0.292046 -0.326844
vn 0.213499 -0.000000 -0.976943
vn -0.568740 0.000000 -0.822518
vn -0.792133 -0.000000 -0.610349
vn -0.945079 -0.000000 -0.326841
vn 0.203179 0.065830 -0.976926
vn -0.540904 -0.175756 -0.822516
vn -0.753360 -0.244780 -0.610353
vn -0.898823 -0.292045 -0.326843
vn 0.173176 0.125410 -0.976874
vn -0.460128 -0.334304 -0.822510
vn -0.640843 -0.465601 -0.610358
vn -0.764585 -0.555505 -0.326840
vn 0.126278 0.173022 -0.976789
vn -0.334307 -0.460132 -0.822507
vn -0.465600 -0.640843 -0.610358
vn -0.555506 -0.764585 -0.326839
vn 0.066918 0.203745 -0.976734
vn -0.175755 -0.540921 -0.822505
vn -0.244780 -0.753359 -0.610355
vn -0.292044 -0.898824 -0.326842
vn -0.000001 0.214473 -0.976730
vn -0.000001 -0.568757 -0.822506
vn 0.000000 -0.792130 -0.610353
vn -0.000001 -0.945078 -0.326844
vn -0.066920 0.203757 -0.976732
vn 0.175758 -0.540922 -0.822504
vn 0.244783 -0.753361 -0.610351
vn 0.292043 -0.898822 -0.326849
vn -0.126280 0.173031 -0.976788
vn 0.334313 -0.460135 -0.822503
vn 0.465603 -0.640843 -0.610356
vn 0.555503 -0.764583 -0.326848
vn -0.173176 0.125407 -0.976874
vn 0.460140 -0.334312 -0.822500
vn 0.640839 -0.465599 -0.610363
vn 0.764582 -0.555502 -0.326850
vn -0.203171 0.065826 -0.976928
vn 0.540925 -0.175763 -0.822501
vn 0.753354 -0.244779 -0.610362
vn 0.898821 -0.292044 -0.326850
vn -0.213487 0.000000 -0.976946
vn 0.568759 -0.000000 -0.822504
vn 0.792128 0.000000 -0.610355
vn 0.945077 -0.000000 -0.326849
vn -0.213733 -0.069641 0.974407
vn -0.224891 -0.000000 0.974384
vn 0.540919 0.175759 0.822506
vn 0.568751 -0.000001 0.822510
vn 0.753352 0.244780 0.610364
vn 0.792122 -0.000001 0.610363
vn 0.898824 0.292044 0.326843
vn 0.945079 -0.000001 0.326843
vn -0.181438 -0.132257 0.974468
vn 0.460140 0.334313 0.822500
vn 0.640839 0.465598 0.610364
vn 0.764585 0.555502 0.326844
vn -0.131342 -0.181594 0.974563
vn 0.334315 0.460144 0.822497
vn 0.465599 0.640841 0.610360
vn 0.555506 0.764582 0.326845
vn -0.068506 -0.213106 0.974624
vn 0.175760 0.540926 0.822501
vn 0.244782 0.753359 0.610354
vn 0.292045 0.898822 0.326846
vn -0.000001 -0.223817 0.974631
vn 0.000000 0.568756 0.822506
vn -0.000001 0.792133 0.610349
vn -0.000002 0.945078 0.326844
vn 0.068507 -0.213115 0.974623
vn -0.175757 0.540920 0.822505
vn -0.244783 0.753365 0.610346
vn -0.292044 0.898822 0.326848
vn 0.131345 -0.181608 0.974560
vn -0.334312 0.460135 0.822503
vn -0.465601 0.640848 0.610353
vn -0.555503 0.764582 0.326849
vn 0.181449 -0.132265 0.974465
vn -0.460135 0.334306 0.822505
vn -0.640841 0.465598 0.610362
vn -0.764584 0.555502 0.326846
vn 0.213749 -0.069641 0.974403
vn -0.540916 0.175759 0.822508
vn -0.753352 0.244781 0.610364
vn -0.898825 0.292044 0.326838
vn 0.224903 0.000000 0.974381
vn -0.568752 0.000000 0.822509
vn -0.792121 0.000000 0.610364
vn -0.945082 -0.000000 0.326835
vn 0.213749 0.069641 0.974403
vn -0.540915 -0.175760 0.822508
vn -0.753351 -0.244780 0.610364
vn -0.898825 -0.292045 0.326839
vn 0.181448 0.132265 0.974465
vn -0.460136 -0.334306 0.822505
vn -0.640840 -0.465599 0.610363
vn -0.764583 -0.555503 0.326847
vn 0.131347 0.181609 0.974559
vn -0.334312 -0.460133 0.822504
vn -0.465602 -0.640847 0.610352
vn -0.555504 -0.764582 0.326849
vn 0.068509 0.213114 0.974622
vn -0.175756 -0.540920 0.822506
vn -0.244784 -0.753364 0.610346
vn -0.292044 -0.898822 0.326849
vn -0.000001 0.223819 0.974631
vn 0.000001 -0.568756 0.822506
vn 0.000000 -0.792132 0.610350
vn -0.000001 -0.945077 0.326847
vn -0.068504 0.213104 0.974625
vn 0.175756 -0.540923 0.822503
vn 0.244781 -0.753362 0.610351
vn 0.292045 -0.898822 0.326847
vn -0.131339 0.181594 0.974563
vn 0.334311 -0.460136 0.822503
vn 0.465601 -0.640842 0.610358
vn 0.555505 -0.764584 0.326843
vn -0.181439 0.132258 0.974468
vn 0.460139 -0.334308 0.822502
vn 0.640842 -0.465597 0.610362
vn 0.764585 -0.555503 0.326844
vn -0.213735 0.069641 0.974406
vn 0.540920 -0.175760 0.822505
vn 0.753352 -0.244780 0.610363
vn 0.898824 -0.292044 0.326843
vn -0.009906 -0.951031 -0.308936
vn -0.011808 -0.809040 -0.587635
vn 0.033481 -0.808433 -0.587635
vn 0.035384 -0.950424 -0.308936
vn -0.014771 -0.587884 -0.808810
vn 0.030517 -0.587278 -0.808810
vn -0.018505 -0.309215 -0.950812
vn 0.026783 -0.308608 -0.950812
vn -0.022644 -0.000302 -0.999744
vn 0.022644 0.000305 -0.999744
vn -0.026784 0.308608 -0.950812
vn 0.018505 0.309215 -0.950812
vn -0.030518 0.587278 -0.808810
vn 0.014771 0.587885 -0.808810
vn -0.033482 0.808434 -0.587635
vn 0.011808 0.809040 -0.587634
vn -0.035384 0.950424 -0.308938
vn 0.009905 0.951031 -0.308938
vn -0.036040 0.999350 0.000000
vn 0.009249 0.999957 0.000000
vn -0.035385 0.950424 0.308938
vn 0.009905 0.951031 0.308937
vn -0.033482 0.808433 0.587635
vn 0.011808 0.809040 0.587635
vn -0.030519 0.587278 0.808809
vn 0.014772 0.587885 0.808809
vn -0.026784 0.308608 0.950812
vn 0.018506 0.309215 0.950812
vn -0.022645 -0.000304 0.999744
vn 0.022644 0.000303 0.999744
vn -0.018506 -0.309215 0.950812
vn 0.026784 -0.308608 0.950812
vn -0.014772 -0.587885 0.808810
vn 0.030518 -0.587278 0.808810
vn -0.011808 -0.809040 0.587635
vn 0.033482 -0.808433 0.587635
vn -0.009906 -0.951031 0.308938
vn 0.035385 -0.950424 0.308938
vn -0.009250 -0.999957 0.000001
vn 0.036040 -0.999350 0.000001
vn -0.989675 0.111143 0.090503
vn -0.989971 0.133020 0.047578
vn -0.999910 -0.013399 0.000000
vn -0.989213 0.077079 0.124566
vn -0.988617 0.034242 0.146504
vn -0.987938 -0.013238 0.154284
vn -0.987344 -0.060718 0.146508
vn -0.986793 -0.103562 0.124561
vn -0.986342 -0.137621 0.090502
vn -0.986053 -0.159485 0.047577
vn -0.985953 -0.167025 0.000000
vn -0.986053 -0.159486 -0.047577
vn -0.986342 -0.137621 -0.090502
vn -0.986793 -0.103562 -0.124561
vn -0.987344 -0.060718 -0.146508
vn -0.987938 -0.013238 -0.154283
vn -0.988617 0.034242 -0.146503
vn -0.989213 0.077080 -0.124565
vn -0.989675 0.111143 -0.090503
vn -0.989971 0.133020 -0.047578
vn -0.990073 0.140553 -0.000000
vn 0.985572 0.162207 0.048352
vn 0.985873 0.139986 0.091974
vn 0.999910 0.013399 -0.000000
vn 0.986342 0.105372 0.126592
vn 0.986950 0.061680 0.148742
vn 0.987644 0.013236 0.156154
vn 0.988249 -0.035212 0.148743
vn 0.988811 -0.078905 0.126595
vn 0.989269 -0.113521 0.091974
vn 0.989564 -0.135744 0.048351
vn 0.989665 -0.143402 -0.000000
vn 0.989564 -0.135743 -0.048351
vn 0.989269 -0.113521 -0.091974
vn 0.988811 -0.078905 -0.126595
vn 0.988249 -0.035212 -0.148744
vn 0.987644 0.013236 -0.156153
vn 0.986950 0.061681 -0.148742
vn 0.986342 0.105373 -0.126592
vn 0.985873 0.139986 -0.091974
vn 0.985572 0.162207 -0.048352
vn 0.985467 0.169866 -0.000000
vn -0.979562 0.190064 0.065827
vn -0.979106 0.160075 0.125407
vn -0.815181 -0.551895 -0.175761
vn -0.816261 -0.471120 -0.334312
vn -0.600212 -0.761465 -0.244779
vn -0.601721 -0.648960 -0.465599
vn -0.314774 -0.903121 -0.292045
vn -0.316573 -0.768894 -0.555504
vn -0.978391 0.113183 0.173032
vn -0.817950 -0.345302 -0.460135
vn -0.604066 -0.473736 -0.640842
vn -0.319374 -0.559833 -0.764583
vn -0.977540 0.053827 0.203761
vn -0.820076 -0.186761 -0.540921
vn -0.607020 -0.252937 -0.753359
vn -0.322905 -0.296398 -0.898822
vn -0.976642 -0.013086 0.214475
vn -0.822431 -0.011019 -0.568758
vn -0.610297 -0.008176 -0.792130
vn -0.326812 -0.004377 -0.945079
vn -0.975749 -0.079997 0.203748
vn -0.824785 0.164720 -0.540923
vn -0.613580 0.236581 -0.753359
vn -0.330726 0.287640 -0.898824
vn -0.975009 -0.139354 0.173023
vn -0.826912 0.323256 -0.460133
vn -0.616543 0.457380 -0.640842
vn -0.334254 0.551077 -0.764583
vn -0.974466 -0.186251 0.125409
vn -0.828602 0.449066 -0.334303
vn -0.618890 0.632608 -0.465599
vn -0.337053 0.760138 -0.555505
vn -0.974116 -0.216252 0.065830
vn -0.829689 0.529836 -0.175754
vn -0.620394 0.745113 -0.244781
vn -0.338854 0.894364 -0.292045
vn -0.973995 -0.226569 0.000000
vn -0.830063 0.557670 -0.000000
vn -0.620909 0.783882 -0.000000
vn -0.339473 0.940616 0.000000
vn -0.974116 -0.216251 -0.065831
vn -0.829689 0.529837 0.175755
vn -0.620394 0.745114 0.244780
vn -0.338856 0.894364 0.292046
vn -0.974465 -0.186251 -0.125410
vn -0.828602 0.449066 0.334303
vn -0.618890 0.632607 0.465601
vn -0.337056 0.760137 0.555505
vn -0.975009 -0.139355 -0.173024
vn -0.826913 0.323256 0.460131
vn -0.616542 0.457381 0.640842
vn -0.334253 0.551078 0.764584
vn -0.975750 -0.079997 -0.203746
vn -0.824786 0.164720 0.540921
vn -0.613581 0.236581 0.753358
vn -0.330727 0.287640 0.898823
vn -0.976642 -0.013086 -0.214472
vn -0.822431 -0.011019 0.568758
vn -0.610298 -0.008177 0.792129
vn -0.326815 -0.004379 0.945078
vn -0.977541 0.053827 -0.203757
vn -0.820075 -0.186762 0.540923
vn -0.607018 -0.252938 0.753360
vn -0.322907 -0.296397 0.898821
vn -0.978392 0.113182 -0.173031
vn -0.817949 -0.345304 0.460136
vn -0.604064 -0.473738 0.640842
vn -0.319378 -0.559833 0.764582
vn -0.979106 0.160075 -0.125407
vn -0.816261 -0.471120 0.334313
vn -0.601721 -0.648960 0.465599
vn -0.316577 -0.768893 0.555502
vn -0.979562 0.190065 -0.065827
vn -0.815181 -0.551894 0.175762
vn -0.600213 -0.761464 0.244779
vn -0.314776 -0.903120 0.292044
vn -0.979719 0.200376 -0.000000
vn -0.814811 -0.579726 0.000000
vn -0.599688 -0.800234 0.000000
vn -0.314153 -0.949372 0.000001
vn 0.971455 0.226773 0.069641
vn 0.971283 0.237926 -0.000000
vn 0.829679 -0.529851 -0.175758
vn 0.830057 -0.557679 0.000001
vn 0.620400 -0.745109 -0.244779
vn 0.620919 -0.783875 0.000001
vn 0.338856 -0.894364 -0.292044
vn 0.339474 -0.940616 0.000001
vn 0.971949 0.194480 0.132258
vn 0.828591 -0.449080 -0.334311
vn 0.618894 -0.632605 -0.465597
vn 0.337059 -0.760136 -0.555504
vn 0.972716 0.144386 0.181595
vn 0.826903 -0.323265 -0.460142
vn 0.616543 -0.457379 -0.640843
vn 0.334256 -0.551075 -0.764584
vn 0.973619 0.081555 0.213107
vn 0.824783 -0.164723 -0.540925
vn 0.613580 -0.236581 -0.753359
vn 0.330729 -0.287640 -0.898822
vn 0.974543 0.013059 0.223818
vn 0.822432 0.011020 -0.568756
vn 0.610296 0.008178 -0.792131
vn 0.326816 0.004381 -0.945078
vn 0.975453 -0.055443 0.213114
vn 0.820077 0.186760 -0.540921
vn 0.607011 0.252939 -0.753365
vn 0.322903 0.296397 -0.898823
vn 0.976232 -0.118277 0.181608
vn 0.817951 0.345301 -0.460134
vn 0.604057 0.473738 -0.640849
vn 0.319374 0.559833 -0.764583
vn 0.976809 -0.168377 0.132266
vn 0.816268 0.471112 -0.334305
vn 0.601720 0.648962 -0.465599
vn 0.316570 0.768895 -0.555503
vn 0.977179 -0.200676 0.069642
vn 0.815188 0.551885 -0.175758
vn 0.600216 0.761461 -0.244781
vn 0.314765 0.903124 -0.292044
vn 0.977306 -0.211831 -0.000000
vn 0.814817 0.579719 0.000000
vn 0.599698 0.800226 -0.000000
vn 0.314144 0.949376 0.000000
vn 0.977179 -0.200675 -0.069642
vn 0.815188 0.551885 0.175759
vn 0.600217 0.761461 0.244779
vn 0.314766 0.903123 0.292045
vn 0.976808 -0.168377 -0.132266
vn 0.816267 0.471113 0.334305
vn 0.601721 0.648960 0.465599
vn 0.316572 0.768894 0.555503
vn 0.976232 -0.118277 -0.181608
vn 0.817951 0.345301 0.460133
vn 0.604059 0.473738 0.640847
vn 0.319378 0.559833 0.764581
vn 0.975453 -0.055442 -0.213113
vn 0.820077 0.186760 0.540920
vn 0.607011 0.252940 0.753365
vn 0.322907 0.296396 0.898822
vn 0.974543 0.013060 -0.223819
vn 0.822432 0.011020 0.568757
vn 0.610294 0.008178 0.792133
vn 0.326816 0.004380 0.945078
vn 0.973620 0.081554 -0.213104
vn 0.824785 -0.164720 0.540922
vn 0.613577 -0.236581 0.753361
vn 0.330730 -0.287640 0.898822
vn 0.972716 0.144385 -0.181594
vn 0.826908 -0.323261 0.460136
vn 0.616541 -0.457381 0.640843
vn 0.334258 -0.551076 0.764583
vn 0.971949 0.194481 -0.132259
vn 0.828593 -0.449078 0.334308
vn 0.618892 -0.632607 0.465598
vn 0.337059 -0.760136 0.555503
vn 0.971455 0.226773 -0.069642
vn 0.829679 -0.529850 0.175759
vn 0.620400 -0.745109 0.244780
vn 0.338856 -0.894364 0.292044
vn 0.000000 0.951058 -0.309013
vn 0.000000 0.809018 -0.587784
vn 0.000000 0.809018 -0.587784
vn 0.000000 0.951058 -0.309013
vn 0.000000 0.587784 -0.809018
vn 0.000000 0.587784 -0.809018
vn 0.000000 0.309014 -0.951057
vn 0.000000 0.309014 -0.951057
vn 0.000000 0.000000 -1.000000
vn 0.000000 0.000000 -1.000000
vn 0.000000 -0.309014 -0.951057
vn 0.000000 -0.309014 -0.951057
vn 0.000000 -0.587785 -0.809017
vn 0.000000 -0.587785 -0.809017
vn 0.000000 -0.809017 -0.587785
vn 0.000000 -0.809017 -0.587785
vn 0.000000 -0.951058 -0.309013
vn 0.000000 -0.951058 -0.309013
vn 0.000000 -1.000000 0.000000
vn 0.000000 -1.000000 0.000000
vn 0.000000 -0.951058 0.309013
vn 0.000000 -0.951058 0.309013
vn 0.000000 -0.809017 0.587785
vn 0.000000 -0.809017 0.587785
vn 0.000000 -0.587785 0.809017
vn 0.000000 -0.587785 0.809017
vn 0.000000 -0.309014 0.951057
vn 0.000000 -0.309014 0.951057
vn 0.000000 0.000000 1.000000
vn 0.000000 0.000000 1.000000
vn 0.000000 0.309014 0.951057
vn 0.000000 0.309014 0.951057
vn 0.000000 0.587784 0.809018
vn 0.000000 0.587784 0.809018
vn 0.000000 0.809018 0.587784
vn 0.000000 0.809018 0.587784
vn 0.000000 0.951058 0.309013
vn 0.000000 0.951058 0.309013
vn 0.000000 1.000000 0.000000
vn 0.000000 1.000000 0.000000
vn 1.000000 0.000000 0.000000
vn 1.000000 0.000000 0.000000
vn 1.000000 0.000000 0.000000
vn 1.000000 0.000000 0.000000
vn 1.000000 0.000000 0.000000
vn 1.000000 0.000000 0.000000
vn 1.000000 0.000000 0.000000
vn 1.000000 0.000000 0.000000
vn 1.000000 -0.000001 0.000000
vn 1.000000 -0.000001 0.000000
vn 1.000000 0.000000 0.000000
vn 1.000000 0.000000 0.000000
vn 1.000000 0.000000 0.000000
vn 1.000000 0.000000 0.000000
vn 1.000000 0.000000 0.000000
vn 1.000000 0.000000 0.000000
vn 1.000000 0.000000 0.000000
vn 1.000000 0.000000 0.000000
vn 1.000000 0.000001 0.000000
vn 1.000000 0.000001 0.000000
vn 1.000000 0.000000 0.000000
vn -1.000000 -0.000002 0.000000
vn -1.000000 -0.000002 0.000000
vn -1.000000 0.000000 0.000000
vn -1.000000 0.000000 0.000000
vn -1.000000 0.000000 0.000000
vn -1.000000 0.000000 0.000000
vn -1.000000 0.000000 0.000000
vn -1.000000 0.000000 0.000000
vn -1.000000 0.000004 0.000000
vn -1.000000 0.000004 0.000000
vn -1.000000 0.000000 0.000000
vn -1.000000 0.000002 0.000000
vn -1.000000 0.000002 0.000000
vn -1.000000 0.000000 0.000000
vn -1.000000 0.000000 0.000000
vn -1.000000 0.000000 0.000000
vn -1.000000 0.000000 0.000000
vn -1.000000 0.000000 0.000000
vn -1.000000 -0.000004 0.000000
vn -1.000000 -0.000004 0.000000
vn -1.000000 0.000000 0.000000
vn -0.009906 -0.951031 -0.308936
vn -0.011808 -0.809040 -0.587635
vn 0.033481 -0.808433 -0.587636
vn 0.035384 -0.950424 -0.308936
vn -0.014771 -0.587885 -0.808810
vn 0.030517 -0.587278 -0.808810
vn -0.018505 -0.309215 -0.950812
vn 0.026783 -0.308608 -0.950812
vn -0.022644 -0.000302 -0.999744
vn 0.022644 0.000305 -0.999744
vn -0.026784 0.308608 -0.950812
vn 0.018505 0.309215 -0.950812
vn -0.030518 0.587278 -0.808810
vn 0.014771 0.587885 -0.808809
vn -0.033482 0.808434 -0.587634
vn 0.011808 0.809041 -0.587634
vn -0.035384 0.950424 -0.308938
vn 0.009905 0.951031 -0.308937
vn -0.036039 0.999350 -0.000000
vn 0.009249 0.999957 0.000000
vn -0.035385 0.950424 0.308937
vn 0.009905 0.951031 0.308937
vn -0.033482 0.808433 0.587635
vn 0.011808 0.809040 0.587634
vn -0.030518 0.587278 0.808809
vn 0.014772 0.587885 0.808809
vn -0.026784 0.308608 0.950812
vn 0.018506 0.309215 0.950812
vn -0.022645 -0.000303 0.999744
vn 0.022644 0.000303 0.999744
vn -0.018506 -0.309215 0.950812
vn 0.026784 -0.308608 0.950812
vn -0.014772 -0.587885 0.808810
vn 0.030518 -0.587278 0.808810
vn -0.011808 -0.809040 0.587635
vn 0.033482 -0.808433 0.587635
vn -0.009906 -0.951031 0.308938
vn 0.035385 -0.950424 0.308938
vn -0.009250 -0.999957 0.000001
vn 0.036040 -0.999350 0.000001
vn -0.989675 0.111143 0.090503
vn -0.989971 0.133020 0.047578
vn -0.999910 -0.013399 0.000000
vn -0.989213 0.077079 0.124566
vn -0.988617 0.034243 0.146505
vn -0.987938 -0.013238 0.154283
vn -0.987344 -0.060720 0.146508
vn -0.986792 -0.103562 0.124562
vn -0.986342 -0.137622 0.090502
vn -0.986053 -0.159487 0.047577
vn -0.985953 -0.167026 0.000000
vn -0.986053 -0.159487 -0.047577
vn -0.986342 -0.137621 -0.090502
vn -0.986792 -0.103562 -0.124562
vn -0.987344 -0.060720 -0.146508
vn -0.987938 -0.013238 -0.154282
vn -0.988617 0.034244 -0.146504
vn -0.989213 0.077079 -0.124566
vn -0.989675 0.111143 -0.090503
vn -0.989971 0.133020 -0.047578
vn -0.990073 0.140554 -0.000000
vn 0.985572 0.162206 0.048352
vn 0.985873 0.139986 0.091973
vn 0.999910 0.013400 -0.000000
vn 0.986343 0.105371 0.126592
vn 0.986951 0.061680 0.148742
vn 0.987644 0.013237 0.156153
vn 0.988249 -0.035211 0.148742
vn 0.988811 -0.078905 0.126595
vn 0.989269 -0.113520 0.091974
vn 0.989564 -0.135743 0.048351
vn 0.989665 -0.143401 -0.000000
vn 0.989564 -0.135743 -0.048351
vn 0.989269 -0.113520 -0.091974
vn 0.988811 -0.078904 -0.126595
vn 0.988249 -0.035211 -0.148742
vn 0.987644 0.013237 -0.156152
vn 0.986951 0.061680 -0.148742
vn 0.986342 0.105371 -0.126592
vn 0.985873 0.139986 -0.091973
vn 0.985572 0.162206 -0.048352
vn 0.985467 0.169865 -0.000000
vn -0.979563 0.190064 0.065825
vn -0.979107 0.160072 0.125406
vn -0.815183 -0.551892 -0.175760
vn -0.816263 -0.471117 -0.334310
vn -0.600212 -0.761465 -0.244779
vn -0.601723 -0.648959 -0.465598
vn -0.314772 -0.903121 -0.292045
vn -0.316572 -0.768894 -0.555503
vn -0.978392 0.113180 0.173030
vn -0.817950 -0.345301 -0.460135
vn -0.604068 -0.473734 -0.640842
vn -0.319373 -0.559833 -0.764583
vn -0.977541 0.053827 0.203758
vn -0.820076 -0.186761 -0.540921
vn -0.607021 -0.252936 -0.753358
vn -0.322905 -0.296398 -0.898822
vn -0.976643 -0.013086 0.214472
vn -0.822433 -0.011019 -0.568756
vn -0.610299 -0.008176 -0.792129
vn -0.326811 -0.004377 -0.945080
vn -0.975750 -0.079998 0.203746
vn -0.824786 0.164720 -0.540921
vn -0.613582 0.236581 -0.753357
vn -0.330725 0.287640 -0.898824
vn -0.975010 -0.139354 0.173022
vn -0.826911 0.323257 -0.460134
vn -0.616544 0.457380 -0.640841
vn -0.334255 0.551077 -0.764584
vn -0.974466 -0.186249 0.125409
vn -0.828600 0.449068 -0.334305
vn -0.618890 0.632608 -0.465599
vn -0.337054 0.760137 -0.555505
vn -0.974117 -0.216249 0.065829
vn -0.829689 0.529837 -0.175755
vn -0.620394 0.745113 -0.244782
vn -0.338854 0.894364 -0.292045
vn -0.973996 -0.226566 0.000000
vn -0.830063 0.557670 -0.000000
vn -0.620910 0.783882 -0.000000
vn -0.339472 0.940616 -0.000000
vn -0.974117 -0.216249 -0.065830
vn -0.829688 0.529837 0.175756
vn -0.620395 0.745113 0.244780
vn -0.338856 0.894363 0.292046
vn -0.974466 -0.186249 -0.125410
vn -0.828600 0.449069 0.334305
vn -0.618890 0.632607 0.465601
vn -0.337057 0.760136 0.555505
vn -0.975010 -0.139354 -0.173023
vn -0.826912 0.323258 0.460132
vn -0.616543 0.457381 0.640841
vn -0.334253 0.551078 0.764584
vn -0.975750 -0.079997 -0.203744
vn -0.824788 0.164719 0.540919
vn -0.613583 0.236580 0.753357
vn -0.330726 0.287640 0.898824
vn -0.976643 -0.013086 -0.214470
vn -0.822432 -0.011020 0.568756
vn -0.610300 -0.008178 0.792128
vn -0.326814 -0.004379 0.945079
vn -0.977541 0.053826 -0.203754
vn -0.820075 -0.186762 0.540923
vn -0.607019 -0.252937 0.753359
vn -0.322907 -0.296398 0.898821
vn -0.978392 0.113180 -0.173029
vn -0.817950 -0.345302 0.460136
vn -0.604066 -0.473737 0.640842
vn -0.319378 -0.559833 0.764581
vn -0.979107 0.160072 -0.125406
vn -0.816263 -0.471117 0.334311
vn -0.601723 -0.648959 0.465598
vn -0.316577 -0.768893 0.555502
vn -0.979563 0.190063 -0.065826
vn -0.815183 -0.551891 0.175762
vn -0.600214 -0.761463 0.244779
vn -0.314776 -0.903120 0.292044
vn -0.979719 0.200377 -0.000000
vn -0.814813 -0.579723 0.000000
vn -0.599688 -0.800234 -0.000000
vn -0.314153 -0.949373 0.000000
vn 0.971455 0.226772 0.069640
vn 0.971284 0.237925 -0.000000
vn 0.829681 -0.529849 -0.175758
vn 0.830059 -0.557676 0.000001
vn 0.620399 -0.745109 -0.244780
vn 0.620919 -0.783875 0.000001
vn 0.338855 -0.894364 -0.292044
vn 0.339473 -0.940616 0.000001
vn 0.971949 0.194481 0.132259
vn 0.828591 -0.449080 -0.334312
vn 0.618893 -0.632606 -0.465598
vn 0.337059 -0.760136 -0.555504
vn 0.972716 0.144385 0.181595
vn 0.826902 -0.323265 -0.460144
vn 0.616542 -0.457380 -0.640843
vn 0.334256 -0.551075 -0.764585
vn 0.973620 0.081555 0.213105
vn 0.824782 -0.164723 -0.540926
vn 0.613580 -0.236581 -0.753359
vn 0.330729 -0.287640 -0.898822
vn 0.974543 0.013059 0.223819
vn 0.822433 0.011020 -0.568755
vn 0.610295 0.008178 -0.792132
vn 0.326816 0.004381 -0.945078
vn 0.975453 -0.055444 0.213115
vn 0.820078 0.186760 -0.540919
vn 0.607009 0.252940 -0.753367
vn 0.322903 0.296397 -0.898823
vn 0.976232 -0.118277 0.181608
vn 0.817952 0.345301 -0.460133
vn 0.604056 0.473738 -0.640849
vn 0.319374 0.559834 -0.764583
vn 0.976809 -0.168376 0.132266
vn 0.816267 0.471113 -0.334305
vn 0.601719 0.648962 -0.465599
vn 0.316570 0.768895 -0.555503
vn 0.977179 -0.200676 0.069642
vn 0.815188 0.551885 -0.175758
vn 0.600216 0.761461 -0.244781
vn 0.314766 0.903124 -0.292044
vn 0.977306 -0.211832 -0.000000
vn 0.814816 0.579719 -0.000000
vn 0.599697 0.800227 0.000000
vn 0.314144 0.949375 0.000000
vn 0.977179 -0.200675 -0.069643
vn 0.815188 0.551885 0.175759
vn 0.600216 0.761462 0.244779
vn 0.314767 0.903123 0.292045
vn 0.976809 -0.168377 -0.132267
vn 0.816267 0.471113 0.334305
vn 0.601721 0.648960 0.465599
vn 0.316573 0.768894 0.555503
vn 0.976232 -0.118278 -0.181609
vn 0.817952 0.345300 0.460133
vn 0.604058 0.473738 0.640848
vn 0.319378 0.559833 0.764582
vn 0.975453 -0.055444 -0.213115
vn 0.820078 0.186759 0.540919
vn 0.607009 0.252940 0.753366
vn 0.322907 0.296396 0.898822
vn 0.974543 0.013060 -0.223819
vn 0.822433 0.011019 0.568756
vn 0.610293 0.008178 0.792134
vn 0.326816 0.004381 0.945078
vn 0.973620 0.081554 -0.213103
vn 0.824785 -0.164721 0.540922
vn 0.613577 -0.236582 0.753361
vn 0.330729 -0.287640 0.898822
vn 0.972716 0.144385 -0.181594
vn 0.826909 -0.323261 0.460135
vn 0.616541 -0.457382 0.640843
vn 0.334257 -0.551076 0.764583
vn 0.971949 0.194482 -0.132259
vn 0.828594 -0.449078 0.334308
vn 0.618890 -0.632608 0.465598
vn 0.337059 -0.760136 0.555504
vn 0.971455 0.226772 -0.069641
vn 0.829680 -0.529849 0.175759
vn 0.620400 -0.745109 0.244780
vn 0.338855 -0.894364 0.292044
vn 0.023788 0.000000 0.999717
vn 0.023788 0.000000 0.999717
vn 0.023788 0.000000 0.999717
vn 0.023788 0.000000 0.999717
vn 0.000000 1.000000 0.000001
vn 0.000000 1.000000 0.000001
vn 0.000000 1.000000 0.000001
vn 0.000000 1.000000 0.000001
vn -0.023787 0.000000 -0.999717
vn -0.023787 0.000000 -0.999717
vn -0.023787 0.000000 -0.999717
vn -0.023787 0.000000 -0.999717
vn 0.000000 -1.000000 -0.000000
vn 0.000000 -1.000000 -0.000000
vn 0.000000 -1.000000 -0.000000
vn 0.000000 -1.000000 -0.000000
vn 0.999717 0.000000 -0.023795
vn 0.999717 0.000000 -0.023795
vn 0.999717 0.000000 -0.023795
vn 0.999717 0.000000 -0.023795
vn -0.999717 0.000000 0.023779
vn -0.999717 0.000000 0.023779
vn -0.999717 0.000000 0.023779
vn -0.999717 0.000000 0.023779
vn 0.000000 1.000000 -0.000001
vn 0.000000 1.000000 -0.000001
vn 0.000000 1.000000 -0.000001
vn 0.000000 1.000000 -0.000001
vn -0.023787 0.000000 -0.999717
vn -0.023787 0.000000 -0.999717
vn 0.000000 -1.000000 0.000000
vn 0.000000 -1.000000 0.000000
vn 0.023347 0.189661 0.981572
vn 0.023520 0.147132 0.988837
vn 0.023520 0.147132 0.988837
vn 0.023346 0.189891 0.981528
vn 0.000000 1.000000 0.000000
vn 0.000000 1.000000 0.000000
vn 0.000000 1.000000 0.000000
vn 0.000000 1.000000 0.000000
vn -0.023787 0.000000 -0.999717
vn -0.023787 0.000000 -0.999717
vn 0.000000 -1.000000 -0.000000
vn 0.000000 -1.000000 -0.000000
vn 0.023788 0.000000 0.999717
vn 0.023788 0.000000 0.999717
vn 0.023788 0.000000 0.999717
vn 0.023788 0.000000 0.999717
vn 0.000000 1.000000 -0.000001
vn 0.000000 1.000000 0.000001
vn 0.000000 1.000000 0.000001
vn 0.000000 1.000000 -0.000001
vn -0.023787 0.000000 -0.999717
vn -0.023787 0.000000 -0.999717
vn 0.000000 -1.000000 -0.000000
vn 0.000000 -1.000000 -0.000000
vn 0.023355 0.189661 0.981572
vn 0.023527 0.147133 0.988837
vn 0.023527 0.147133 0.988837
vn 0.023354 0.189891 0.981528
vn 0.000000 1.000000 -0.000001
vn 0.000000 1.000000 -0.000001
vn 0.000000 1.000000 -0.000001
vn 0.000000 1.000000 -0.000001
vn -0.023787 0.000000 -0.999717
vn -0.023787 0.000000 -0.999717
vn 0.000000 -1.000000 0.000000
vn 0.000000 -1.000000 0.000000
vn 0.023787 0.000000 0.999717
vn 0.023787 0.000000 0.999717
vn 0.023787 0.000000 0.999717
vn 0.023787 0.000000 0.999717
vn 0.023152 0.228199 0.973339
vn 0.023152 0.228199 0.973339
vn 0.999717 0.000000 -0.023788
vn 0.999717 0.000000 -0.023787
vn 0.999717 0.000000 -0.023787
vn 0.999717 0.000000 -0.023788
vn -0.023789 0.000000 -0.999717
vn -0.023789 0.000000 -0.999717
vn -0.023789 0.000000 -0.999717
vn -0.023789 0.000000 -0.999717
vn -0.999717 0.000000 0.023776
vn -0.999717 0.000000 0.023774
vn -0.999717 0.000000 0.023774
vn -0.999717 0.000000 0.023776
vn 0.023389 0.182307 0.982963
vn 0.023701 0.084720 0.996123
vn 0.999717 0.000000 -0.023788
vn 0.999717 0.000000 -0.023788
vn 0.999717 0.000000 -0.023788
vn 0.999717 0.000000 -0.023788
vn -0.023787 0.000000 -0.999717
vn -0.023787 0.000000 -0.999717
vn -0.999717 0.000000 0.023783
vn -0.999717 0.000000 0.023783
vn -0.999717 0.000000 0.023783
vn -0.999717 0.000000 0.023783
vn 0.023788 0.000000 0.999717
vn 0.023786 0.000000 0.999717
vn 0.999717 0.000000 -0.023788
vn 0.999717 0.000000 -0.023788
vn -0.023788 0.000000 -0.999717
vn -0.023788 0.000000 -0.999717
vn -0.999717 0.000000 0.023779
vn -0.999717 0.000000 0.023779
vn -0.999717 0.000000 0.023779
vn -0.999717 0.000000 0.023779
vn 0.000000 -1.000000 0.000000
vn 0.000000 -1.000000 0.000000
vn 0.000000 -1.000000 0.000000
vn 0.000000 -1.000000 0.000000
vn 0.023786 0.000000 0.999717
vn 0.023786 0.000000 0.999717
vn 0.000000 1.000000 -0.000001
vn 0.000000 1.000000 -0.000001
vn -0.023786 0.000000 -0.999717
vn -0.023786 0.000000 -0.999717
vn -0.023786 0.000000 -0.999717
vn -0.023786 0.000000 -0.999717
vn 0.000000 0.000000 0.000000
vn 0.000000 0.000000 0.000000
vn 0.000000 0.000000 0.000000
vn 0.000000 0.000000 0.000000
vn 0.000000 0.000000 0.000000
vn 0.000000 0.000000 0.000000
vn 0.000000 0.000000 0.000000
vn 0.000000 0.000000 0.000000
vn 0.000000 0.000000 0.000000
vn 0.000000 0.000000 0.000000
vn 0.000000 0.000000 0.000000
vn 0.000000 0.000000 0.000000
vn 0.000000 0.000000 0.000000
vn 0.000000 0.000000 0.000000
vn 0.000000 0.000000 0.000000
vn 0.000000 0.000000 0.000000
vn 0.000000 0.000000 0.000000
vn 0.000000 0.000000 0.000000
vn 0.000000 0.000000 0.000000
vn 0.000000 0.000000 0.000000
vn 0.000000 0.000000 0.000000
vn 0.000000 0.000000 0.000000
vn 0.000000 0.000000 0.000000
vn 0.000000 0.000000 0.000000
vn 0.000000 0.000000 0.000000
vn 0.000000 0.000000 0.000000
vn 0.000000 0.000000 0.000000
vn 0.000000 0.000000 0.000000
vn 0.000000 0.000000 0.000000
vn 0.000000 0.000000 0.000000
vn 0.000000 0.000000 0.000000
vn 0.000000 0.000000 0.000000
vn 0.000000 0.000000 0.000000
vn 0.000000 0.000000 0.000000
vn 0.000000 0.000000 0.000000
vn 0.000000 0.000000 0.000000
vn 0.000000 0.000000 0.000000
vn 0.000000 0.000000 0.000000
vn 0.000000 0.000000 0.000000
vn 0.000000 0.000000 0.000000
vn 0.000000 0.000000 0.000000
vn 0.000000 0.000000 0.000000
vn 0.000000 0.000000 0.000000
vn 0.000000 0.000000 0.000000
vn 0.000000 0.000000 0.000000
vn 0.000000 0.000000 0.000000
vn 0.000000 0.000000 0.000000
vn 0.000000 0.000000 0.000000
vn 0.000000 0.000000 0.000000
vn 0.000000 0.000000 0.000000
vn 0.000000 0.000000 0.000000
vn 0.000000 0.000000 0.000000
vn 0.000000 0.000000 0.000000
vn 0.000000 0.000000 0.000000
vn 0.000000 0.000000 0.000000
vn 0.000000 0.000000 0.000000
vn 0.000000 0.000000 0.000000
vn 0.000000 0.000000 0.000000
vn 0.000000 0.000000 0.000000
vn 0.000000 0.000000 0.000000
vn 0.000000 0.000000 0.000000
vn 0.000000 0.000000 0.000000
vn 0.000000 0.000000 0.000000
vn 0.000000 0.000000 0.000000
vn 0.000000 0.000000 0.000000
vn 0.000000 0.000000 0.000000
vn 0.000000 0.000000 0.000000
vn 0.000000 0.000000 0.000000
vn 0.000000 0.000000 0.000000
vn 0.000000 0.000000 0.000000
vn 0.000000 0.000000 0.000000
vn 0.000000 0.000000 0.000000
vn 0.000000 0.000000 0.000000
vn 0.000000 0.000000 0.000000
vn 0.000000 0.000000 0.000000
vn 0.000000 0.000000 0.000000
vn 0.000000 0.000000 0.000000
vn 0.000000 0.000000 0.000000
vn 0.000000 0.000000 0.000000
vn 0.000000 0.000000 0.000000
vn -0.999975 0.000686 0.007098
vn -0.999986 0.000398 0.005342
vn -0.999986 0.000398 0.005342
vn -0.999977 0.000642 0.006830
vn 0.000000 -1.000000 0.000000
vn 0.000000 -1.000000 0.000000
vn 0.000000 -1.000000 0.000000
vn 0.000000 -1.000000 0.000000
vn 0.999986 -0.000397 -0.005342
vn 0.999975 -0.000686 -0.007098
vn 0.999976 -0.000642 -0.006830
vn 0.999986 -0.000397 -0.005342
vn 0.999947 -0.001195 -0.010186
vn 0.999947 -0.001195 -0.010186
vn 0.000000 1.000000 -0.000000
vn 0.000000 1.000000 -0.000000
vn 0.000000 1.000000 -0.000000
vn 0.000000 1.000000 -0.000000
vn -0.999947 0.001194 0.010186
vn -0.999947 0.001194 0.010186
vn -0.999975 0.000686 0.007098
vn -0.999986 0.000397 0.005342
vn -0.999986 0.000397 0.005342
vn -0.999977 0.000642 0.006830
vn 0.000000 -1.000000 0.000000
vn 0.000000 -1.000000 0.000000
vn 0.000000 -1.000000 0.000000
vn 0.000000 -1.000000 0.000000
vn 0.999986 -0.000397 -0.005342
vn 0.999975 -0.000686 -0.007098
vn 0.999977 -0.000642 -0.006830
vn 0.999986 -0.000397 -0.005342
vn 0.999933 -0.001073 -0.011564
vn 0.999934 -0.001087 -0.011403
vn -0.999947 0.001194 0.010186
vn -0.999947 0.001194 0.010186
vn 0.999717 0.000000 -0.023785
vn 0.999717 0.000000 -0.023785
vn 0.000000 1.000000 0.000001
vn 0.000000 1.000000 0.000002
vn 0.000000 1.000000 0.000002
vn 0.000000 1.000000 0.000001
vn 0.000000 1.000000 0.000002
vn 0.000000 1.000000 0.000002
vn -0.999717 0.000000 0.023785
vn -0.999717 0.000000 0.023785
vn -0.999717 0.000000 0.023785
vn -0.999717 0.000000 0.023785
vn 0.000000 -1.000000 0.000002
vn 0.000000 -1.000000 0.000002
vn 0.000000 -1.000000 0.000002
vn 0.000000 -1.000000 0.000002
vn 0.000000 -1.000000 -0.000000
vn 0.000000 -1.000000 -0.000000
vn 0.000000 -1.000000 -0.000000
vn 0.000000 -1.000000 -0.000000
vn -0.999717 0.000000 0.023785
vn -0.999717 0.000000 0.023785
vn 0.000000 1.000000 0.000000
vn 0.000000 1.000000 0.000000
vn 0.999717 0.000000 -0.023785
vn 0.999717 0.000000 -0.023785
vn -0.035515 0.483014 0.874892
vn -0.033678 0.683987 0.728716
vn -0.033678 0.683987 0.728716
vn -0.035515 0.483015 0.874892
vn -0.028778 0.867721 0.496218
vn -0.028778 0.867720 0.496219
vn -0.019288 0.988358 0.150920
vn -0.019288 0.988358 0.150918
vn -0.005042 0.961551 -0.274582
vn -0.005042 0.961550 -0.274583
vn 0.010122 0.759769 -0.650115
vn 0.010122 0.759769 -0.650114
vn 0.021737 0.475098 -0.879665
vn 0.021737 0.475099 -0.879664
vn 0.029062 0.196358 -0.980102
vn 0.029062 0.196358 -0.980102
vn 0.033253 -0.051476 -0.998120
vn 0.033253 -0.051477 -0.998120
vn 0.035284 -0.274240 -0.961014
vn 0.035284 -0.274240 -0.961014
vn 0.035515 -0.483014 -0.874892
vn 0.035515 -0.483013 -0.874893
vn 0.033678 -0.683989 -0.728714
vn 0.033678 -0.683989 -0.728714
vn 0.028778 -0.867719 -0.496221
vn 0.028778 -0.867720 -0.496220
vn 0.019288 -0.988357 -0.150927
vn 0.019288 -0.988357 -0.150928
vn 0.005041 -0.961550 0.274583
vn 0.005041 -0.961550 0.274582
vn -0.010122 -0.759769 0.650114
vn -0.010122 -0.759769 0.650115
vn -0.021737 -0.475098 0.879665
vn -0.021737 -0.475097 0.879665
vn -0.029061 -0.196358 0.980102
vn -0.029061 -0.196358 0.980102
vn -0.033252 0.051477 0.998121
vn -0.033252 0.051476 0.998121
vn -0.035284 0.274240 0.961014
vn -0.035284 0.274239 0.961014
vn 0.999365 0.014534 0.032548
vn 0.999365 0.014538 0.032539
vn 0.999365 0.014533 0.032544
vn 0.999365 0.014533 0.032539
vn 0.999365 0.014536 0.032543
vn 0.999364 0.014535 0.032548
vn 0.999365 0.014532 0.032540
vn 0.999365 0.014533 0.032538
vn 0.999365 0.014535 0.032543
vn 0.999365 0.014533 0.032541
vn 0.999365 0.014536 0.032541
vn 0.999365 0.014539 0.032539
vn 0.999365 0.014534 0.032548
vn 0.999364 0.014529 0.032558
vn 0.999365 0.014528 0.032537
vn 0.999365 0.014530 0.032531
vn 0.999364 0.014539 0.032553
vn 0.999364 0.014542 0.032561
vn 0.999364 0.014534 0.032552
vn 0.999365 0.014522 0.032550
vn 0.999365 0.014523 0.032544
vn -0.999365 -0.014539 -0.032539
vn -0.999365 -0.014535 -0.032548
vn -0.999365 -0.014532 -0.032544
vn -0.999364 -0.014531 -0.032559
vn -0.999365 -0.014528 -0.032537
vn -0.999365 -0.014530 -0.032531
vn -0.999364 -0.014540 -0.032553
vn -0.999364 -0.014542 -0.032562
vn -0.999364 -0.014530 -0.032552
vn -0.999365 -0.014517 -0.032550
vn -0.999365 -0.014525 -0.032544
vn -0.999365 -0.014543 -0.032539
vn -0.999364 -0.014534 -0.032547
vn -0.999365 -0.014533 -0.032539
vn -0.999365 -0.014537 -0.032542
vn -0.999365 -0.014536 -0.032547
vn -0.999365 -0.014532 -0.032539
vn -0.999365 -0.014531 -0.032538
vn -0.999365 -0.014530 -0.032543
vn -0.999365 -0.014529 -0.032541
vn -0.999365 -0.014534 -0.032541
vn -0.162113 0.350476 0.922435
vn 0.101492 0.355148 0.929284
vn 0.232427 0.347944 0.908247
vn -0.171849 0.349970 0.920863
vn -0.013704 0.208887 -0.977844
vn 0.010962 0.208891 -0.977878
vn 0.000746 0.208908 -0.977935
vn -0.013711 0.208891 -0.977843
vn -0.002190 -0.999998 0.000000
vn 0.000000 -1.000000 -0.000000
vn 0.000000 -1.000000 -0.000000
vn -0.002226 -0.999998 0.000000
vn -0.009486 0.208899 -0.977891
vn -0.005667 0.208904 -0.977920
vn -0.010954 0.208893 -0.977877
vn -0.000732 0.208908 -0.977935
vn 0.000000 -1.000000 0.000000
vn 0.000000 -1.000000 0.000000
vn 0.000000 -1.000000 0.000000
vn 0.000000 -1.000000 0.000000
vn -0.007143 0.372361 0.928061
vn -0.008129 0.371755 0.928295
vn -0.095841 0.356593 0.929331
vn -0.028382 0.372979 0.927406
vn 0.000000 0.208908 -0.977935
vn 0.000000 0.208908 -0.977935
vn 0.000000 -1.000000 0.000000
vn 0.000000 -1.000000 0.000000
vn 0.000000 0.371436 0.928459
vn 0.000000 0.371430 0.928461
vn 0.000000 0.208908 -0.977935
vn 0.000000 0.208908 -0.977935
vn 0.000000 -1.000000 0.000000
vn 0.000000 -1.000000 0.000000
vn -0.000002 0.371433 0.928460
vn -0.000002 0.371428 0.928462
vn -0.000004 0.208908 -0.977935
vn -0.000004 0.208908 -0.977935
vn 0.000000 -1.000000 0.000000
vn 0.000000 -1.000000 0.000000
vn 0.000003 0.371431 0.928461
vn 0.000004 0.371428 0.928462
vn 0.000002 0.208908 -0.977935
vn 0.000002 0.208908 -0.977935
vn 0.000000 -1.000000 0.000000
vn 0.000000 -1.000000 0.000000
vn 0.000000 0.371432 0.928460
vn 0.000000 0.371430 0.928461
vn 0.000006 0.208908 -0.977935
vn 0.000006 0.208908 -0.977935
vn 0.000000 -1.000000 0.000000
vn 0.000000 -1.000000 0.000000
vn -0.000003 0.371431 0.928460
vn -0.000004 0.371429 0.928461
vn 0.000000 0.208908 -0.977935
vn 0.000000 0.208908 -0.977935
vn 0.000000 -1.000000 0.000000
vn 0.000000 -1.000000 0.000000
vn 0.000000 0.371430 0.928461
vn 0.000000 0.371427 0.928462
vn 0.000000 0.208908 -0.977935
vn 0.000000 0.208908 -0.977935
vn 0.000000 -1.000000 0.000000
vn 0.000000 -1.000000 0.000000
vn 0.000000 0.371431 0.928460
vn 0.000001 0.371428 0.928462
vn -0.000003 0.208907 -0.977936
vn -0.000003 0.208907 -0.977936
vn 0.000000 -1.000000 0.000000
vn 0.000000 -1.000000 0.000000
vn 0.000000 0.371432 0.928460
vn 0.000000 0.371428 0.928462
vn 0.009487 0.208897 -0.977892
vn 0.005664 0.208901 -0.977920
vn 0.000000 -1.000000 0.000000
vn 0.000000 -1.000000 0.000000
vn 0.099170 0.365168 0.925645
vn 0.104090 0.364641 0.925312
vn 0.013732 0.208889 -0.977843
vn 0.013719 0.208887 -0.977844
vn -0.001041 -1.000000 -0.000000
vn -0.001055 -1.000000 -0.000000
vn -0.152393 0.359146 0.920755
vn -0.216406 0.322938 0.921347
vn 0.771102 0.636705 -0.002827
vn 0.869370 0.494152 -0.003322
vn 0.869373 0.494145 -0.003323
vn 0.739514 0.673136 -0.002675
vn 0.021129 0.999776 0.000992
vn 0.020574 0.999788 0.001003
vn 0.000000 0.999999 0.001285
vn 0.000000 0.999999 0.001281
vn 0.000000 0.999999 0.001285
vn -0.000001 0.999999 0.001281
vn 0.000000 0.999999 0.001285
vn 0.000001 0.999999 0.001281
vn 0.000000 0.999999 0.001285
vn 0.000000 0.999999 0.001281
vn 0.000000 0.999999 0.001285
vn -0.000001 0.999999 0.001281
vn 0.000000 0.999999 0.001285
vn 0.000000 0.999999 0.001280
vn 0.000000 0.999999 0.001286
vn 0.000001 0.999999 0.001281
vn 0.000000 0.999999 0.001285
vn 0.000000 0.999999 0.001282
vn -0.022651 0.999743 -0.000712
vn -0.020570 0.999788 0.000644
vn -0.821605 0.566701 -0.061773
vn -0.727282 0.685960 -0.022797
vn -0.900389 0.429771 -0.067796
vn -0.885811 0.462653 -0.035919
vn -0.999938 0.010768 0.002944
vn -0.999936 0.010942 0.002871
vn -0.999935 0.010988 0.003003
vn -0.999940 0.010559 0.003005
vn 0.000000 -1.000000 0.000000
vn 0.000000 -1.000000 0.000000
vn 0.000000 -1.000000 0.000000
vn 0.000000 -1.000000 0.000000
vn 0.000000 -1.000000 0.000000
vn 0.000000 -1.000000 0.000000
vn 0.000000 -1.000000 0.000000
vn 0.000000 -1.000000 0.000000
vn 0.000000 -1.000000 0.000000
vn 0.000000 -1.000000 0.000000
vn 0.000000 -1.000000 0.000000
vn 0.000000 -1.000000 0.000000
vn 0.000000 -1.000000 0.000000
vn 0.000000 -1.000000 0.000000
vn 0.000000 -1.000000 0.000000
vn 0.000000 -1.000000 0.000000
vn 0.000000 -1.000000 0.000000
vn 0.000000 -1.000000 0.000000
vn 0.000000 -1.000000 0.000000
vn 0.000000 -1.000000 0.000000
vn 0.000000 -1.000000 0.000000
vn 0.000000 -1.000000 0.000000
vn 0.000000 -1.000000 0.000000
vn 0.000000 -1.000000 0.000000
vn 0.000000 -1.000000 0.000000
vn 0.000000 -1.000000 0.000000
vn 0.000000 -1.000000 0.000000
vn 0.000000 -1.000000 0.000000
vn 0.999935 -0.010993 -0.003004
vn 0.999936 -0.010942 -0.002872
vn 0.999938 -0.010771 -0.002944
vn 0.999940 -0.010563 -0.003005
vn 0.000000 1.000000 -0.000221
vn 0.000000 1.000000 -0.000221
vn 0.000000 1.000000 -0.000221
vn 0.000000 -1.000000 0.000095
vn 0.000000 -1.000000 0.000095
vn 0.000000 -1.000000 0.000095
vn 0.000000 -1.000000 0.000095
vn 0.000000 1.000000 -0.000084
vn 0.000000 1.000000 -0.000084
vn 0.000000 1.000000 -0.000084
vn 0.000347 0.715537 0.698574
vn 0.000347 0.715536 0.698576
vn 0.000181 0.715106 0.699016
vn 0.000182 0.715107 0.699015
vn 0.000318 0.716073 0.698025
vn 0.000318 0.716073 0.698025
vn 0.750729 0.660588 -0.005506
vn 0.750729 0.660588 -0.005506
vn 0.750729 0.660588 -0.005506
vn 0.750729 0.660588 -0.005506
vn 0.103018 0.712837 -0.693722
vn 0.103018 0.712837 -0.693722
vn 0.036480 0.716222 -0.696919
vn 0.036675 0.716216 -0.696914
vn 0.000016 0.716769 -0.697311
vn 0.000016 0.716769 -0.697311
vn -0.000003 0.714970 0.699155
vn -0.000003 0.714970 0.699155
vn -0.000000 0.716800 -0.697279
vn -0.000000 0.716800 -0.697279
vn 0.000001 0.714980 0.699145
vn 0.000001 0.714980 0.699145
vn 0.000001 0.716792 -0.697287
vn 0.000001 0.716792 -0.697287
vn 0.000001 0.714982 0.699143
vn 0.000001 0.714982 0.699143
vn 0.000001 0.716804 -0.697275
vn 0.000001 0.716804 -0.697275
vn -0.000003 0.714970 0.699155
vn -0.000003 0.714970 0.699155
vn 0.000000 0.716810 -0.697269
vn 0.000000 0.716810 -0.697269
vn 0.000000 0.714963 0.699163
vn -0.000000 0.714962 0.699163
vn 0.000000 0.716806 -0.697273
vn 0.000000 0.716806 -0.697273
vn 0.000002 0.714962 0.699164
vn 0.000002 0.714962 0.699164
vn 0.000000 0.716808 -0.697271
vn 0.000000 0.716808 -0.697271
vn -0.000326 0.715593 0.698518
vn -0.000325 0.715591 0.698519
vn -0.000037 0.716792 -0.697287
vn -0.000037 0.716792 -0.697287
vn 0.068295 0.721205 0.689346
vn 0.069972 0.721283 0.689097
vn -0.129951 0.721277 -0.680347
vn -0.133908 0.721220 -0.679640
vn 0.194013 0.721248 0.664952
vn 0.194013 0.721248 0.664952
vn -0.344048 0.700642 -0.625086
vn -0.344048 0.700642 -0.625086
vn -0.751067 0.660202 -0.005576
vn -0.751067 0.660202 -0.005576
vn -0.751067 0.660202 -0.005576
vn -0.751067 0.660202 -0.005576
vn 0.015516 0.999879 0.001014
vn 0.045477 0.998965 0.000170
vn 0.045477 0.998965 0.000170
vn 0.013929 0.999902 0.001058
vn 0.000137 0.999999 0.001363
vn 0.000137 0.999999 0.001363
vn -0.000000 0.999999 0.001282
vn -0.000000 0.999999 0.001282
vn -0.000000 0.999999 0.001284
vn 0.000000 0.999999 0.001284
vn 0.000000 0.999999 0.001287
vn 0.000000 0.999999 0.001287
vn -0.000000 0.999999 0.001285
vn -0.000000 0.999999 0.001285
vn -0.000000 0.999999 0.001284
vn 0.000000 0.999999 0.001284
vn 0.000000 0.999999 0.001285
vn 0.000000 0.999999 0.001285
vn -0.000253 0.999998 0.001804
vn -0.000254 0.999998 0.001807
vn -0.016634 0.999861 0.001172
vn -0.009269 0.999956 0.001698
vn -0.045921 0.998945 -0.000918
vn -0.045921 0.998945 -0.000918
vn -0.015542 -0.000416 0.999879
vn -0.046529 0.000951 0.998917
vn -0.046529 0.000951 0.998917
vn -0.015373 -0.000423 0.999882
vn 0.890103 -0.455711 -0.006656
vn 0.890103 -0.455711 -0.006656
vn 0.890103 -0.455711 -0.006656
vn 0.890103 -0.455711 -0.006656
vn 0.111099 -0.018221 -0.993642
vn 0.037333 -0.005394 -0.999288
vn 0.036886 -0.005317 -0.999305
vn 0.111099 -0.018221 -0.993642
vn 0.000049 -0.001231 0.999999
vn 0.000049 -0.001231 0.999999
vn -0.000047 0.001231 -0.999999
vn -0.000047 0.001231 -0.999999
vn -0.000000 -0.001359 0.999999
vn 0.000000 -0.001359 0.999999
vn 0.000000 0.001352 -0.999999
vn 0.000000 0.001352 -0.999999
vn 0.000001 -0.001355 0.999999
vn 0.000001 -0.001355 0.999999
vn -0.000000 0.001352 -0.999999
vn -0.000000 0.001352 -0.999999
vn -0.000000 -0.001352 0.999999
vn 0.000000 -0.001352 0.999999
vn 0.000001 0.001349 -0.999999
vn 0.000001 0.001349 -0.999999
vn -0.000002 -0.001352 0.999999
vn -0.000002 -0.001352 0.999999
vn 0.000001 0.001343 -0.999999
vn 0.000001 0.001343 -0.999999
vn 0.000000 -0.001352 0.999999
vn 0.000000 -0.001352 0.999999
vn 0.000000 0.001339 -0.999999
vn 0.000000 0.001339 -0.999999
vn 0.000000 -0.001352 0.999999
vn 0.000000 -0.001352 0.999999
vn -0.000001 0.001343 -0.999999
vn -0.000001 0.001343 -0.999999
vn -0.000038 -0.001254 0.999999
vn -0.000038 -0.001254 0.999999
vn 0.000037 0.001251 -0.999999
vn 0.000037 0.001251 -0.999999
vn 0.124407 0.003005 0.992227
vn 0.124280 0.003001 0.992243
vn -0.179614 -0.004793 -0.983726
vn -0.179444 -0.004787 -0.983756
vn 0.324998 0.009750 0.945665
vn 0.324998 0.009750 0.945665
vn -0.449009 -0.013787 -0.893421
vn -0.449009 -0.013787 -0.893421
vn -0.999048 -0.042950 -0.007634
vn -0.999048 -0.042950 -0.007634
vn -0.999048 -0.042950 -0.007634
vn -0.999048 -0.042950 -0.007634
vn 0.735695 -0.244100 -0.631797
vn 0.735731 -0.244086 -0.631761
vn 0.752391 -0.031163 -0.657979
vn 0.752131 -0.064608 -0.655839
vn 0.713383 -0.700774 -0.000147
vn 0.713384 -0.700774 -0.000147
vn 0.713383 -0.700774 -0.000147
vn 0.713383 -0.700774 -0.000147
vn 0.722531 0.241784 0.647680
vn 0.722362 0.241847 0.647845
vn 0.619902 0.474127 0.625240
vn 0.639183 0.438647 0.631692
vn 0.751100 0.021293 -0.659845
vn 0.751100 0.021293 -0.659844
vn 0.595371 0.515699 0.616107
vn 0.595371 0.515699 0.616107
vn 0.400706 0.916202 -0.002921
vn 0.400706 0.916202 -0.002921
vn 0.400706 0.916202 -0.002921
vn 0.400706 0.916202 -0.002921
vn 0.999939 -0.010649 -0.002856
vn 0.999939 -0.010667 -0.002906
vn 0.953735 0.300612 -0.004659
vn 0.972787 0.231661 -0.004317
vn 0.931350 0.364093 -0.004960
vn 0.931349 0.364093 -0.004960
vn -0.011848 -0.999930 -0.000003
vn -0.011848 -0.999930 -0.000003
vn 0.061238 -0.352009 -0.933991
vn 0.067360 -0.360145 -0.930461
vn 0.067348 -0.360116 -0.930473
vn 0.061820 -0.352000 -0.933956
vn -0.070525 0.388823 0.918609
vn -0.062967 0.359114 0.931167
vn -0.063525 0.359104 0.931133
vn -0.070508 0.388723 0.918653
vn -0.071079 0.392212 0.917124
vn -0.071079 0.392212 0.917125
vn 0.067723 -0.361044 -0.930087
vn 0.067723 -0.361044 -0.930087
vn -0.098819 0.995105 0.000607
vn -0.098819 0.995105 0.000607
vn -0.098819 0.995105 0.000607
vn -0.098819 0.995105 0.000607
vn -0.631992 0.387484 0.671150
vn -0.624367 0.405033 0.667918
vn -0.676603 0.270529 0.684852
vn -0.677511 0.270239 0.684068
vn -0.611300 0.433594 0.662048
vn -0.611300 0.433594 0.662048
vn -0.393260 0.919427 -0.000510
vn -0.393260 0.919427 -0.000510
vn -0.393260 0.919427 -0.000510
vn -0.393260 0.919427 -0.000510
vn -0.716903 0.148697 -0.681131
vn -0.716903 0.148697 -0.681131
vn -0.730612 0.070125 -0.679183
vn -0.735112 0.035908 -0.676994
vn -0.739665 -0.228424 -0.633023
vn -0.739636 -0.228436 -0.633053
vn -0.729055 -0.684455 0.000180
vn -0.729055 -0.684455 0.000180
vn -0.729055 -0.684455 0.000180
vn -0.729055 -0.684455 0.000180
vn -0.971336 0.237709 0.001104
vn -0.929557 0.368679 -0.000082
vn -0.929557 0.368679 -0.000082
vn -0.956146 0.292890 0.000612
vn -0.999912 0.012977 0.002919
vn -0.999912 0.012958 0.002867
vn 0.080708 0.279119 0.956859
vn 0.082462 0.254644 0.963513
vn 0.082462 0.254644 0.963513
vn 0.080759 0.278422 0.957058
vn 0.401337 0.915926 0.002872
vn 0.401337 0.915926 0.002872
vn 0.401337 0.915926 0.002872
vn 0.401337 0.915926 0.002872
vn -0.056791 -0.177402 -0.982498
vn -0.060929 -0.219616 -0.973682
vn -0.060838 -0.218683 -0.973898
vn -0.056791 -0.177402 -0.982499
vn -0.011755 -0.999931 0.000001
vn -0.011755 -0.999931 0.000001
vn 0.071961 0.357234 0.931239
vn 0.072503 0.357215 0.931204
vn -0.070674 -0.350182 -0.934012
vn -0.071191 -0.350163 -0.933980
vn 0.753257 0.657151 -0.027509
vn 0.867957 0.496199 -0.020905
vn 0.863885 0.500434 -0.057174
vn 0.785395 0.614182 -0.077045
vn 0.036575 0.998471 -0.041456
vn 0.036354 0.987404 -0.153987
vn 0.000000 0.999131 -0.041678
vn 0.000000 0.987952 -0.154761
vn 0.000000 0.999131 -0.041678
vn 0.000000 0.987952 -0.154763
vn -0.000000 0.999131 -0.041678
vn -0.000001 0.987952 -0.154762
vn 0.000000 0.999132 -0.041656
vn 0.000000 0.987952 -0.154760
vn 0.000000 0.999132 -0.041656
vn 0.000001 0.987952 -0.154760
vn 0.000000 0.999131 -0.041678
vn 0.000000 0.987952 -0.154762
vn 0.000000 0.999131 -0.041678
vn 0.000000 0.987952 -0.154763
vn -0.000000 0.999131 -0.041678
vn -0.000000 0.987952 -0.154762
vn -0.036761 0.998457 -0.041613
vn -0.038183 0.987548 -0.152613
vn -0.752629 0.658130 -0.020336
vn -0.787267 0.613142 -0.065328
vn -0.867851 0.496645 -0.013348
vn -0.864638 0.500373 -0.045036
vn -0.999997 0.000081 0.002564
vn -0.999996 0.000672 0.002794
vn -0.999995 0.000677 0.002978
vn -0.999996 0.000047 0.002914
vn 0.000000 -1.000000 0.000000
vn 0.000000 -1.000000 -0.000000
vn 0.000000 -1.000000 -0.000000
vn 0.000000 -1.000000 0.000000
vn 0.000000 -1.000000 -0.000000
vn 0.000000 -1.000000 -0.000000
vn 0.000000 -1.000000 -0.000000
vn 0.000000 -1.000000 0.000000
vn 0.000000 -1.000000 0.000000
vn 0.000000 -1.000000 0.000000
vn 0.000000 -1.000000 0.000000
vn 0.000000 -1.000000 0.000000
vn 0.000000 -1.000000 -0.000000
vn 0.000000 -1.000000 0.000000
vn 0.000000 -1.000000 -0.000000
vn 0.000000 -1.000000 -0.000000
vn 0.000000 -1.000000 -0.000000
vn 0.000000 -1.000000 -0.000000
vn 0.000000 -1.000000 -0.000000
vn 0.000000 -1.000000 -0.000000
vn 0.000000 -1.000000 0.000000
vn 0.000000 -1.000000 0.000000
vn 0.000000 -1.000000 0.000000
vn 0.000000 -1.000000 -0.000000
vn 0.000000 -1.000000 0.000000
vn 0.000000 -1.000000 -0.000000
vn 0.000000 -1.000000 0.000000
vn 0.000000 -1.000000 -0.000000
vn 0.000000 -1.000000 -0.000000
vn 0.000000 -1.000000 -0.000000
vn 0.000000 -1.000000 0.000000
vn 0.000000 -1.000000 0.000000
vn 0.999990 -0.000549 -0.004418
vn 0.999991 -0.000543 -0.004212
vn 0.999981 0.000251 -0.006130
vn 0.999977 0.000305 -0.006717
vn 0.750189 0.661218 -0.002715
vn 0.869503 0.493917 -0.003323
vn 0.036173 0.999345 0.000954
vn -0.000000 0.999999 0.001284
vn -0.000001 0.999999 0.001284
vn 0.000001 0.999999 0.001284
vn -0.000000 0.999999 0.001284
vn -0.000001 0.999999 0.001285
vn -0.000000 0.999999 0.001285
vn 0.000001 0.999999 0.001285
vn 0.000000 0.999999 0.001284
vn -0.036378 0.999337 0.001194
vn -0.750019 0.661413 0.002208
vn -0.868982 0.494839 0.002379
vn -0.999995 0.001302 0.002942
vn -0.999995 0.001408 0.003015
vn 0.000000 -1.000000 0.000000
vn 0.000000 -1.000000 0.000000
vn 0.000000 -1.000000 -0.000000
vn 0.000000 -1.000000 -0.000000
vn 0.000000 -1.000000 -0.000000
vn 0.000000 -1.000000 0.000000
vn 0.000000 -1.000000 0.000000
vn 0.000000 -1.000000 -0.000000
vn 0.000000 -1.000000 0.000000
vn 0.000000 -1.000000 0.000000
vn 0.000000 -1.000000 -0.000000
vn 0.000000 -1.000000 0.000000
vn 0.000000 -1.000000 0.000000
vn 0.000000 -1.000000 0.000000
vn 0.000000 -1.000000 0.000000
vn 0.000000 -1.000000 0.000000
vn 0.999995 -0.001415 -0.003016
vn 0.999995 -0.001307 -0.002943
vn 0.749389 0.662125 -0.002711
vn 0.869492 0.493935 -0.003322
vn 0.034969 0.999388 0.000955
vn 0.000000 0.999999 0.001280
vn -0.000001 0.999999 0.001280
vn 0.000001 0.999999 0.001281
vn -0.000000 0.999999 0.001281
vn -0.000001 0.999999 0.001281
vn -0.000000 0.999999 0.001281
vn 0.000001 0.999999 0.001281
vn 0.000000 0.999999 0.001281
vn -0.035189 0.999380 0.001188
vn -0.749137 0.662411 0.002206
vn -0.868718 0.495301 0.002380
vn -0.999993 0.002146 0.003015
vn -0.999993 0.002115 0.003015
vn 0.000000 -1.000000 0.000000
vn 0.000000 -1.000000 0.000000
vn 0.000000 -1.000000 0.000000
vn 0.000000 -1.000000 0.000000
vn 0.000000 -1.000000 0.000000
vn 0.000000 -1.000000 0.000000
vn 0.000000 -1.000000 0.000000
vn 0.000000 -1.000000 0.000000
vn 0.000000 -1.000000 0.000000
vn 0.000000 -1.000000 -0.000000
vn 0.000000 -1.000000 -0.000000
vn 0.000000 -1.000000 0.000000
vn 0.000000 -1.000000 0.000000
vn 0.000000 -1.000000 -0.000000
vn 0.000000 -1.000000 0.000000
vn 0.000000 -1.000000 0.000000
vn 0.000000 -1.000000 0.000000
vn 0.000000 -1.000000 0.000000
vn 0.000000 -1.000000 -0.000000
vn 0.000000 -1.000000 -0.000000
vn 0.000000 -1.000000 0.000000
vn 0.000000 -1.000000 0.000000
vn 0.000000 -1.000000 0.000000
vn 0.000000 -1.000000 0.000000
vn 0.000000 -1.000000 0.000000
vn 0.000000 -1.000000 0.000000
vn 0.000000 -1.000000 0.000000
vn 0.000000 -1.000000 0.000000
vn 0.999993 -0.002119 -0.003015
vn 0.999993 -0.002150 -0.003015
vn 0.748586 0.663032 -0.002709
vn 0.869483 0.493952 -0.003324
vn 0.033765 0.999429 0.000960
vn 0.000000 0.999999 0.001282
vn -0.000001 0.999999 0.001282
vn 0.000001 0.999999 0.001282
vn 0.000000 0.999999 0.001282
vn -0.000001 0.999999 0.001282
vn -0.000000 0.999999 0.001281
vn 0.000001 0.999999 0.001281
vn 0.000000 0.999999 0.001282
vn -0.033999 0.999421 0.001184
vn -0.748252 0.663411 0.002202
vn -0.868455 0.495762 0.002378
vn -0.999991 0.002863 0.003015
vn -0.999991 0.002821 0.003015
vn 0.000000 -1.000000 0.000000
vn 0.000000 -1.000000 0.000000
vn 0.000000 -1.000000 0.000000
vn 0.000000 -1.000000 0.000000
vn 0.000000 -1.000000 0.000000
vn 0.000000 -1.000000 0.000000
vn 0.000000 -1.000000 -0.000000
vn 0.000000 -1.000000 -0.000000
vn 0.000000 -1.000000 0.000000
vn 0.000000 -1.000000 -0.000000
vn 0.000000 -1.000000 -0.000000
vn 0.000000 -1.000000 0.000000
vn 0.000000 -1.000000 0.000000
vn 0.000000 -1.000000 0.000000
vn 0.000000 -1.000000 0.000000
vn 0.000000 -1.000000 0.000000
vn 0.000000 -1.000000 0.000000
vn 0.000000 -1.000000 0.000000
vn 0.999991 -0.002823 -0.003014
vn 0.999991 -0.002865 -0.003014
vn 0.747780 0.663941 -0.002706
vn 0.869473 0.493969 -0.003323
vn 0.032562 0.999469 0.000963
vn 0.000000 0.999999 0.001281
vn 0.000000 0.999999 0.001281
vn 0.000000 0.999999 0.001281
vn -0.000000 0.999999 0.001281
vn -0.000000 0.999999 0.001281
vn -0.000000 0.999999 0.001281
vn 0.000000 0.999999 0.001281
vn 0.000000 0.999999 0.001281
vn -0.032808 0.999461 0.001179
vn -0.747364 0.664412 0.002198
vn -0.868191 0.496224 0.002376
vn -0.999989 0.003579 0.003013
vn -0.999989 0.003526 0.003013
vn 0.000000 -1.000000 0.000000
vn 0.000000 -1.000000 0.000000
vn 0.000000 -1.000000 0.000000
vn 0.000000 -1.000000 0.000000
vn 0.000000 -1.000000 0.000000
vn 0.000000 -1.000000 0.000000
vn 0.000000 -1.000000 -0.000000
vn 0.000000 -1.000000 -0.000000
vn 0.000000 -1.000000 -0.000000
vn 0.000000 -1.000000 -0.000000
vn 0.000000 -1.000000 -0.000000
vn 0.000000 -1.000000 0.000000
vn 0.000000 -1.000000 0.000000
vn 0.000000 -1.000000 -0.000000
vn 0.000000 -1.000000 0.000000
vn 0.000000 -1.000000 0.000000
vn 0.000000 -1.000000 0.000000
vn 0.000000 -1.000000 0.000000
vn 0.999989 -0.003528 -0.003013
vn 0.999989 -0.003581 -0.003013
vn 0.746969 0.664853 -0.002702
vn 0.869463 0.493987 -0.003322
vn 0.031360 0.999508 0.000968
vn 0.000000 0.999999 0.001280
vn 0.000000 0.999999 0.001280
vn 0.000000 0.999999 0.001280
vn -0.000000 0.999999 0.001281
vn -0.000000 0.999999 0.001281
vn 0.000000 0.999999 0.001280
vn 0.000000 0.999999 0.001280
vn 0.000000 0.999999 0.001280
vn -0.031619 0.999499 0.001176
vn -0.746471 0.665414 0.002196
vn -0.867927 0.496687 0.002376
vn -0.999986 0.004292 0.003013
vn -0.999987 0.004229 0.003013
vn 0.000000 -1.000000 0.000000
vn 0.000000 -1.000000 0.000000
vn 0.000000 -1.000000 0.000000
vn 0.000000 -1.000000 0.000000
vn 0.000000 -1.000000 0.000000
vn 0.000000 -1.000000 0.000000
vn 0.000000 -1.000000 0.000000
vn 0.000000 -1.000000 0.000000
vn 0.000000 -1.000000 -0.000000
vn 0.000000 -1.000000 0.000000
vn 0.000000 -1.000000 0.000000
vn 0.000000 -1.000000 0.000000
vn 0.000000 -1.000000 -0.000000
vn 0.000000 -1.000000 -0.000000
vn 0.000000 -1.000000 -0.000000
vn 0.000000 -1.000000 -0.000000
vn 0.000000 -1.000000 0.000000
vn 0.000000 -1.000000 0.000000
vn 0.999987 -0.004232 -0.003012
vn 0.999986 -0.004295 -0.003012
vn 0.746156 0.665765 -0.002700
vn 0.869453 0.494004 -0.003324
vn 0.030159 0.999545 0.000973
vn 0.000000 0.999999 0.001283
vn 0.000000 0.999999 0.001282
vn 0.000000 0.999999 0.001282
vn -0.000000 0.999999 0.001283
vn -0.000000 0.999999 0.001283
vn 0.000000 0.999999 0.001283
vn 0.000000 0.999999 0.001282
vn 0.000000 0.999999 0.001283
vn -0.030428 0.999536 0.001175
vn -0.745575 0.666418 0.002193
vn -0.867662 0.497149 0.002374
vn -0.999983 0.005009 0.003011
vn -0.999983 0.004935 0.003011
vn 0.000000 -1.000000 0.000000
vn 0.000000 -1.000000 0.000000
vn 0.000000 -1.000000 0.000000
vn 0.000000 -1.000000 0.000000
vn 0.000000 -1.000000 0.000000
vn 0.000000 -1.000000 0.000000
vn 0.000000 -1.000000 0.000000
vn 0.000000 -1.000000 0.000000
vn 0.000000 -1.000000 0.000000
vn 0.000000 -1.000000 0.000000
vn 0.000000 -1.000000 -0.000000
vn 0.000000 -1.000000 0.000000
vn 0.000000 -1.000000 0.000000
vn 0.000000 -1.000000 0.000000
vn 0.999983 -0.004937 -0.003012
vn 0.999983 -0.005011 -0.003012
vn 0.745338 0.666681 -0.002697
vn 0.869443 0.494022 -0.003323
vn 0.028957 0.999580 0.000975
vn 0.000000 0.999999 0.001281
vn 0.000000 0.999999 0.001281
vn 0.000000 0.999999 0.001280
vn -0.000000 0.999999 0.001280
vn -0.000000 0.999999 0.001280
vn 0.000000 0.999999 0.001280
vn 0.000000 0.999999 0.001280
vn 0.000000 0.999999 0.001281
vn -0.029235 0.999572 0.001168
vn -0.744674 0.667424 0.002188
vn -0.867396 0.497614 0.002372
vn -0.999979 0.005807 0.002943
vn -0.999980 0.005641 0.003009
vn 0.000000 -1.000000 -0.000000
vn 0.000000 -1.000000 0.000000
vn 0.000000 -1.000000 -0.000000
vn 0.000000 -1.000000 0.000000
vn 0.000000 -1.000000 -0.000000
vn 0.000000 -1.000000 -0.000000
vn 0.000000 -1.000000 0.000000
vn 0.000000 -1.000000 0.000000
vn 0.000000 -1.000000 0.000000
vn 0.000000 -1.000000 0.000000
vn 0.000000 -1.000000 0.000000
vn 0.000000 -1.000000 0.000000
vn 0.000000 -1.000000 0.000000
vn 0.000000 -1.000000 0.000000
vn 0.999980 -0.005643 -0.003011
vn 0.999979 -0.005809 -0.002944
vn 0.744517 0.667598 -0.002693
vn 0.869433 0.494039 -0.003323
vn 0.027757 0.999614 0.000979
vn 0.000000 0.999999 0.001281
vn 0.000000 0.999999 0.001281
vn 0.000000 0.999999 0.001281
vn -0.000000 0.999999 0.001281
vn -0.000000 0.999999 0.001280
vn 0.000000 0.999999 0.001280
vn 0.000000 0.999999 0.001281
vn 0.000000 0.999999 0.001280
vn -0.028043 0.999606 0.001164
vn -0.743770 0.668432 0.002186
vn -0.867128 0.498079 0.002371
vn -0.999976 0.006367 0.002902
vn -0.999975 0.006344 0.003009
vn 0.000000 -1.000000 -0.000000
vn 0.000000 -1.000000 0.000000
vn 0.000000 -1.000000 0.000000
vn 0.000000 -1.000000 -0.000000
vn 0.000000 -1.000000 -0.000000
vn 0.000000 -1.000000 -0.000000
vn 0.000000 -1.000000 -0.000000
vn 0.000000 -1.000000 -0.000000
vn 0.000000 -1.000000 -0.000000
vn 0.000000 -1.000000 -0.000000
vn 0.000000 -1.000000 -0.000000
vn 0.000000 -1.000000 0.000000
vn 0.000000 -1.000000 0.000000
vn 0.000000 -1.000000 0.000000
vn 0.999975 -0.006347 -0.003010
vn 0.999976 -0.006369 -0.002902
vn 0.743692 0.668517 -0.002691
vn 0.869423 0.494057 -0.003324
vn 0.026559 0.999647 0.000983
vn 0.000000 0.999999 0.001280
vn 0.000000 0.999999 0.001281
vn 0.000000 0.999999 0.001281
vn 0.000000 0.999999 0.001281
vn -0.000000 0.999999 0.001281
vn 0.000000 0.999999 0.001281
vn 0.000000 0.999999 0.001281
vn 0.000000 0.999999 0.001280
vn -0.026850 0.999639 0.001161
vn -0.742861 0.669442 0.002183
vn -0.866861 0.498545 0.002371
vn -0.999971 0.006985 0.002931
vn -0.999971 0.007048 0.003010
vn 0.000000 -1.000000 0.000000
vn 0.000000 -1.000000 0.000000
vn 0.000000 -1.000000 0.000000
vn 0.000000 -1.000000 0.000000
vn 0.000000 -1.000000 0.000000
vn 0.000000 -1.000000 -0.000000
vn 0.000000 -1.000000 -0.000000
vn 0.000000 -1.000000 0.000000
vn 0.000000 -1.000000 0.000000
vn 0.000000 -1.000000 0.000000
vn 0.000000 -1.000000 -0.000000
vn 0.000000 -1.000000 0.000000
vn 0.000000 -1.000000 -0.000000
vn 0.000000 -1.000000 -0.000000
vn 0.999971 -0.007051 -0.003009
vn 0.999971 -0.006987 -0.002931
vn 0.742864 0.669437 -0.002687
vn 0.869414 0.494073 -0.003323
vn 0.025360 0.999678 0.000989
vn 0.000000 0.999999 0.001282
vn 0.000000 0.999999 0.001282
vn 0.000000 0.999999 0.001283
vn 0.000000 0.999999 0.001283
vn -0.000000 0.999999 0.001283
vn 0.000000 0.999999 0.001282
vn 0.000000 0.999999 0.001283
vn 0.000000 0.999999 0.001283
vn -0.025657 0.999670 0.001159
vn -0.741950 0.670451 0.002181
vn -0.866593 0.499010 0.002370
vn -0.999965 0.007864 0.003008
vn -0.999965 0.007750 0.003009
vn 0.000000 -1.000000 -0.000000
vn 0.000000 -1.000000 -0.000000
vn 0.000000 -1.000000 0.000000
vn 0.000000 -1.000000 0.000000
vn 0.000000 -1.000000 0.000000
vn 0.000000 -1.000000 0.000000
vn 0.000000 -1.000000 0.000000
vn 0.000000 -1.000000 0.000000
vn 0.000000 -1.000000 0.000000
vn 0.000000 -1.000000 0.000000
vn 0.000000 -1.000000 0.000000
vn 0.000000 -1.000000 0.000000
vn 0.000000 -1.000000 -0.000000
vn 0.000000 -1.000000 0.000000
vn 0.999965 -0.007755 -0.003007
vn 0.999965 -0.007869 -0.003007
vn 0.742032 0.670359 -0.002683
vn 0.869404 0.494090 -0.003322
vn 0.024161 0.999708 0.000993
vn 0.000000 0.999999 0.001283
vn 0.000000 0.999999 0.001282
vn 0.000000 0.999999 0.001283
vn 0.000000 0.999999 0.001283
vn -0.000000 0.999999 0.001283
vn 0.000000 0.999999 0.001282
vn 0.000000 0.999999 0.001283
vn 0.000000 0.999999 0.001283
vn -0.024462 0.999700 0.001155
vn -0.741035 0.671463 0.002177
vn -0.866324 0.499477 0.002368
vn -0.999959 0.008575 0.003006
vn -0.999960 0.008452 0.003007
vn 0.000000 -1.000000 -0.000000
vn 0.000000 -1.000000 -0.000000
vn 0.000000 -1.000000 0.000000
vn 0.000000 -1.000000 0.000000
vn 0.000000 -1.000000 0.000000
vn 0.000000 -1.000000 0.000000
vn 0.000000 -1.000000 0.000000
vn 0.000000 -1.000000 0.000000
vn 0.000000 -1.000000 0.000000
vn 0.000000 -1.000000 0.000000
vn 0.000000 -1.000000 0.000000
vn 0.000000 -1.000000 0.000000
vn 0.000000 -1.000000 0.000000
vn 0.000000 -1.000000 -0.000000
vn 0.999960 -0.008458 -0.003007
vn 0.999959 -0.008580 -0.003007
vn 0.741197 0.671283 -0.002680
vn 0.869394 0.494108 -0.003323
vn 0.022965 0.999736 0.000996
vn -0.000000 0.999999 0.001282
vn -0.000001 0.999999 0.001282
vn 0.000001 0.999999 0.001282
vn -0.000000 0.999999 0.001282
vn -0.000001 0.999999 0.001282
vn 0.000000 0.999999 0.001283
vn 0.000001 0.999999 0.001282
vn -0.000000 0.999999 0.001282
vn -0.023267 0.999729 0.001150
vn -0.740115 0.672477 0.002174
vn -0.866054 0.499946 0.002367
vn -0.999952 0.009288 0.003005
vn -0.999954 0.009154 0.003005
vn 0.000000 -1.000000 0.000000
vn 0.000000 -1.000000 0.000000
vn 0.000000 -1.000000 -0.000000
vn 0.000000 -1.000000 -0.000000
vn 0.000000 -1.000000 0.000000
vn 0.000000 -1.000000 0.000000
vn 0.000000 -1.000000 0.000000
vn 0.000000 -1.000000 0.000000
vn 0.000000 -1.000000 0.000000
vn 0.000000 -1.000000 0.000000
vn 0.000000 -1.000000 0.000000
vn 0.000000 -1.000000 0.000000
vn 0.000000 -1.000000 -0.000000
vn 0.000000 -1.000000 -0.000000
vn 0.000000 -1.000000 -0.000000
vn 0.000000 -1.000000 -0.000000
vn 0.000000 -1.000000 -0.000000
vn 0.000000 -1.000000 0.000000
vn 0.000000 -1.000000 0.000000
vn 0.000000 -1.000000 0.000000
vn 0.000000 -1.000000 0.000000
vn 0.000000 -1.000000 0.000000
vn 0.000000 -1.000000 -0.000000
vn 0.000000 -1.000000 0.000000
vn 0.999954 -0.009157 -0.003007
vn 0.999952 -0.009290 -0.003007
vn 0.740357 0.672208 -0.002678
vn 0.869384 0.494126 -0.003324
vn 0.021769 0.999763 0.000999
vn -0.000000 0.999999 0.001280
vn -0.000001 0.999999 0.001280
vn 0.000001 0.999999 0.001280
vn 0.000000 0.999999 0.001280
vn -0.000001 0.999999 0.001280
vn 0.000000 0.999999 0.001280
vn 0.000001 0.999999 0.001280
vn -0.000000 0.999999 0.001280
vn -0.022073 0.999756 0.001146
vn -0.739192 0.673491 0.002170
vn -0.865783 0.500414 0.002365
vn -0.999945 0.010000 0.003006
vn -0.999947 0.009857 0.003005
vn 0.000000 -1.000000 -0.000000
vn 0.000000 -1.000000 0.000000
vn 0.000000 -1.000000 -0.000000
vn 0.000000 -1.000000 -0.000000
vn 0.000000 -1.000000 0.000000
vn 0.000000 -1.000000 -0.000000
vn 0.000000 -1.000000 -0.000000
vn 0.000000 -1.000000 -0.000000
vn 0.000000 -1.000000 0.000000
vn 0.000000 -1.000000 0.000000
vn 0.000000 -1.000000 0.000000
vn 0.000000 -1.000000 0.000000
vn 0.000000 -1.000000 0.000000
vn 0.000000 -1.000000 0.000000
vn 0.000000 -1.000000 0.000000
vn 0.000000 -1.000000 0.000000
vn 0.999947 -0.009859 -0.003006
vn 0.999945 -0.010002 -0.003005
vn -0.006066 0.000000 -0.999982
vn -0.006041 0.000000 -0.999982
vn -0.001404 0.000000 -0.999999
vn -0.000731 0.000000 -1.000000
vn 0.000000 0.000000 -1.000000
vn 0.000000 0.000000 -1.000000
vn 0.000000 -0.786285 -0.617863
vn 0.000000 -0.508832 -0.860866
vn -0.000001 -0.320600 -0.947215
vn 0.000000 -0.786286 -0.617863
vn -0.000002 -0.786287 -0.617862
vn -0.000002 -0.508833 -0.860865
vn 0.000002 -0.786288 -0.617861
vn 0.000002 -0.508999 -0.860767
vn 0.000004 -0.786287 -0.617862
vn 0.000005 -0.508996 -0.860769
vn 0.000000 -0.786285 -0.617864
vn 0.000000 -0.508832 -0.860866
vn 0.000000 -0.786285 -0.617863
vn 0.000000 -0.508832 -0.860866
vn 0.000000 -0.786285 -0.617863
vn -0.000002 -0.320598 -0.947215
vn 0.006064 0.000000 -0.999982
vn 0.006040 0.000000 -0.999982
vn -0.000009 0.000000 -1.000000
vn -0.000009 0.000000 -1.000000
vn 0.000751 0.000000 -1.000000
vn 0.001424 0.000000 -0.999999
vn -0.013719 0.000000 -0.999906
vn -0.013719 0.000000 -0.999906
vn -1.000000 0.000321 0.000088
vn -1.000000 0.000646 0.000088
vn -1.000000 0.000645 0.000176
vn -1.000000 0.000322 0.000176
vn -0.999999 0.001293 0.000088
vn -0.999999 0.001289 0.000177
vn -0.999998 0.001941 0.000089
vn -0.999998 0.001933 0.000177
vn -0.999997 0.002586 0.000088
vn -0.999997 0.002577 0.000176
vn -0.999996 0.002886 0.000087
vn -0.999995 0.003126 0.000202
vn -0.999994 0.003531 0.000088
vn -0.999992 0.003879 0.000088
vn -0.999992 0.003955 0.000150
vn -0.999994 0.003531 0.000088
vn -0.999990 0.004523 0.000088
vn -0.999990 0.004507 0.000176
vn -0.999987 0.005168 0.000088
vn -0.999987 0.005148 0.000176
vn -0.999983 0.005815 0.000088
vn -0.999983 0.005790 0.000176
vn -0.999979 0.006460 0.000087
vn -0.999979 0.006433 0.000176
vn -0.999975 0.007104 0.000089
vn -0.999975 0.007074 0.000176
vn -0.999973 0.007372 0.000089
vn -0.999973 0.007390 0.000162
vn -0.999968 0.008006 0.000087
vn -0.999965 0.008385 0.000086
vn -0.999965 0.008353 0.000175
vn -0.999968 0.008037 0.000191
vn -0.999959 0.009027 0.000087
vn -0.999960 0.008994 0.000175
vn -0.999957 0.009282 0.000087
vn -0.999957 0.009307 0.000156
vn -0.999951 0.009920 0.000086
vn -0.999951 0.009920 0.000086
vn -0.999951 0.009948 0.000155
vn -0.999950 0.009964 0.000194
vn -0.009821 -0.351638 -0.936085
vn -0.009791 -0.351638 -0.936085
vn -0.007741 -0.351663 -0.936095
vn -0.007741 -0.351663 -0.936095
vn -0.732434 -0.231261 -0.640358
vn -0.732292 -0.231316 -0.640501
vn -0.732097 -0.231393 -0.640696
vn -0.732097 -0.231393 -0.640696
vn -0.999929 0.011932 0.000156
vn -0.999929 0.011932 0.000156
vn -0.999929 0.011955 0.000220
vn -0.999928 0.011969 0.000259
vn -0.722361 0.254988 0.642787
vn -0.720849 0.255535 0.644266
vn -0.723112 0.254716 0.642051
vn -0.723112 0.254716 0.642051
vn 0.007831 0.358807 0.933379
vn 0.009871 0.358778 0.933371
vn 0.009898 0.358778 0.933371
vn 0.007831 0.358807 0.933379
vn 0.002419 0.362116 0.932130
vn 0.002724 0.364228 0.931306
vn 0.006291 0.360832 0.932610
vn 0.001868 0.357958 0.933736
vn 0.003546 0.369283 0.929310
vn 0.001046 0.370213 0.928946
vn 0.000000 0.371429 0.928461
vn 0.000000 0.371424 0.928463
vn 0.000005 0.371429 0.928461
vn 0.000005 0.371424 0.928463
vn 0.000005 0.371429 0.928461
vn 0.000005 0.371424 0.928463
vn -0.000005 0.371429 0.928461
vn -0.000005 0.371424 0.928463
vn -0.000004 0.371429 0.928461
vn -0.000004 0.371422 0.928464
vn 0.000005 0.371429 0.928461
vn 0.000005 0.371420 0.928465
vn -0.000001 0.371429 0.928461
vn -0.000001 0.371422 0.928464
vn -0.000005 0.371429 0.928461
vn -0.000005 0.371424 0.928463
vn 0.004948 0.371109 0.928576
vn 0.005238 0.371105 0.928576
vn -0.004784 0.367234 0.930116
vn -0.001862 0.367226 0.930130
vn -0.019715 0.365063 0.930774
vn -0.016384 0.365054 0.930842
vn 0.001311 0.359258 0.933237
vn 0.001342 0.359258 0.933237
vn 0.003554 0.359234 0.933241
vn 0.003554 0.359234 0.933241
vn 0.730912 0.238533 0.639429
vn 0.730912 0.238533 0.639429
vn 0.730499 0.238699 0.639839
vn 0.730775 0.238588 0.639565
vn 0.999954 -0.009608 -0.000114
vn 0.999954 -0.009608 -0.000114
vn 0.999954 -0.009646 -0.000218
vn 0.999954 -0.009632 -0.000179
vn 0.725851 -0.247731 -0.641693
vn 0.725851 -0.247731 -0.641693
vn 0.726111 -0.247634 -0.641436
vn 0.726300 -0.247563 -0.641249
vn -0.003785 -0.352124 -0.935946
vn -0.001713 -0.352141 -0.935945
vn -0.001687 -0.352141 -0.935945
vn -0.003785 -0.352124 -0.935946
vn 0.999950 -0.009963 -0.000194
vn 0.999951 -0.009949 -0.000155
vn 0.999951 -0.009924 -0.000087
vn 0.999951 -0.009924 -0.000087
vn 0.999960 -0.008998 -0.000176
vn 0.999957 -0.009312 -0.000157
vn 0.999957 -0.009288 -0.000087
vn 0.999959 -0.009033 -0.000088
vn 0.999965 -0.008358 -0.000175
vn 0.999965 -0.008389 -0.000088
vn 0.999968 -0.008043 -0.000190
vn 0.999968 -0.008010 -0.000086
vn 0.999975 -0.007075 -0.000176
vn 0.999973 -0.007392 -0.000161
vn 0.999973 -0.007373 -0.000088
vn 0.999975 -0.007104 -0.000088
vn 0.999979 -0.006433 -0.000176
vn 0.999979 -0.006457 -0.000087
vn 0.999983 -0.005790 -0.000176
vn 0.999983 -0.005813 -0.000087
vn 0.999987 -0.005147 -0.000176
vn 0.999987 -0.005168 -0.000088
vn 0.999990 -0.004504 -0.000176
vn 0.999990 -0.004523 -0.000088
vn 0.999992 -0.003953 -0.000150
vn 0.999993 -0.003881 -0.000088
vn 0.999994 -0.003532 -0.000088
vn 0.999994 -0.003532 -0.000088
vn 0.999997 -0.002578 -0.000176
vn 0.999995 -0.003127 -0.000203
vn 0.999996 -0.002887 -0.000089
vn 0.999997 -0.002585 -0.000088
vn 0.999998 -0.001933 -0.000176
vn 0.999998 -0.001938 -0.000088
vn 0.999999 -0.001287 -0.000176
vn 0.999999 -0.001292 -0.000088
vn 1.000000 -0.000643 -0.000176
vn 1.000000 -0.000646 -0.000088
vn 1.000000 -0.000322 -0.000176
vn 1.000000 -0.000321 -0.000088
vn 0.013739 0.000000 -0.999906
vn 0.013739 0.000000 -0.999906
vn -0.006087 0.208902 -0.977918
vn -0.009488 0.208897 -0.977892
vn -0.000731 0.208906 -0.977935
vn -0.000107 0.208909 -0.977935
vn -0.000001 0.208907 -0.977935
vn 0.000000 0.208909 -0.977935
vn -0.000002 0.208908 -0.977935
vn 0.000003 0.208908 -0.977935
vn 0.000005 0.208908 -0.977935
vn 0.000000 0.208909 -0.977935
vn 0.000000 0.208909 -0.977935
vn -0.000003 0.208908 -0.977935
vn 0.006085 0.208903 -0.977918
vn 0.009489 0.208899 -0.977891
vn 0.000124 0.208903 -0.977936
vn 0.000746 0.208908 -0.977935
vn -0.013710 0.208887 -0.977844
vn -0.013709 0.208883 -0.977845
vn -1.000000 0.000643 0.000265
vn -1.000000 0.000323 0.000265
vn -0.999999 0.001285 0.000266
vn -0.999998 0.001926 0.000265
vn -0.999997 0.002568 0.000265
vn -0.999995 0.003207 0.000264
vn -0.999994 0.003552 0.000264
vn -0.999994 0.003552 0.000264
vn -0.999990 0.004535 0.000354
vn -0.999992 0.004012 0.000388
vn -0.999987 0.005184 0.000354
vn -0.999983 0.005831 0.000354
vn -0.999979 0.006476 0.000354
vn -0.999975 0.007121 0.000354
vn -0.999970 0.007688 0.000377
vn -0.999965 0.008321 0.000263
vn -0.999968 0.008059 0.000264
vn -0.999958 0.009130 0.000331
vn -0.999956 0.009373 0.000334
vn -0.999950 0.010015 0.000333
vn -0.999950 0.010028 0.000373
vn -0.013992 -0.351575 -0.936055
vn -0.013932 -0.351576 -0.936056
vn -0.732958 -0.231052 -0.639833
vn -0.732828 -0.231104 -0.639964
vn -0.999928 0.012019 0.000390
vn -0.999928 0.012034 0.000430
vn -0.719315 0.256090 0.645759
vn -0.717820 0.256631 0.647205
vn 0.013980 0.358714 0.933343
vn 0.014036 0.358713 0.933342
vn 0.012893 0.356350 0.934264
vn -0.001946 0.353857 0.935297
vn 0.010183 0.368254 0.929669
vn 0.000000 0.371429 0.928461
vn 0.000005 0.371429 0.928461
vn 0.000005 0.371429 0.928461
vn -0.000005 0.371430 0.928461
vn -0.000002 0.371432 0.928460
vn 0.000005 0.371434 0.928459
vn -0.000002 0.371432 0.928460
vn -0.000005 0.371429 0.928461
vn 0.004245 0.371117 0.928577
vn -0.010220 0.367271 0.930058
vn -0.026635 0.365068 0.930600
vn -0.003148 0.359293 0.933219
vn -0.003084 0.359293 0.933220
vn 0.729945 0.238913 0.640391
vn 0.730219 0.238809 0.640117
vn 0.999953 -0.009712 -0.000388
vn 0.999953 -0.009696 -0.000349
vn 0.726825 -0.247373 -0.640728
vn 0.726998 -0.247312 -0.640555
vn 0.002457 -0.352173 -0.935932
vn 0.002514 -0.352173 -0.935932
vn 0.999950 -0.010030 -0.000372
vn 0.999950 -0.010015 -0.000332
vn 0.999958 -0.009130 -0.000332
vn 0.999956 -0.009373 -0.000335
vn 0.999965 -0.008326 -0.000264
vn 0.999968 -0.008066 -0.000264
vn 0.999975 -0.007123 -0.000354
vn 0.999970 -0.007690 -0.000377
vn 0.999979 -0.006477 -0.000354
vn 0.999983 -0.005829 -0.000355
vn 0.999987 -0.005182 -0.000354
vn 0.999990 -0.004535 -0.000354
vn 0.999992 -0.004015 -0.000388
vn 0.999995 -0.003209 -0.000265
vn 0.999994 -0.003553 -0.000264
vn 0.999994 -0.003553 -0.000264
vn 0.999997 -0.002571 -0.000265
vn 0.999998 -0.001928 -0.000265
vn 0.999999 -0.001283 -0.000265
vn 1.000000 -0.000641 -0.000265
vn 1.000000 -0.000322 -0.000265
vn 0.013728 0.208891 -0.977843
vn 0.013725 0.208887 -0.977843
vn -0.021827 0.208859 -0.977702
vn -0.000730 0.208909 -0.977935
vn 0.000000 0.208911 -0.977935
vn -0.000000 0.208911 -0.977935
vn -0.000002 0.208911 -0.977935
vn -0.000002 0.208911 -0.977935
vn 0.000001 0.208912 -0.977934
vn 0.000001 0.208911 -0.977935
vn -0.000005 0.208912 -0.977934
vn -0.000005 0.208911 -0.977935
vn 0.000003 0.208908 -0.977935
vn 0.000003 0.208910 -0.977935
vn 0.000008 0.208904 -0.977936
vn 0.000008 0.208909 -0.977935
vn 0.000000 0.208904 -0.977936
vn 0.000000 0.208909 -0.977935
vn 0.000000 0.208907 -0.977936
vn 0.000000 0.208910 -0.977935
vn -0.000004 0.208910 -0.977935
vn -0.000004 0.208911 -0.977935
vn -0.000008 0.208911 -0.977935
vn -0.000008 0.208911 -0.977935
vn 0.000748 0.208908 -0.977935
vn 0.021842 0.208860 -0.977702
vn -0.013709 0.208889 -0.977843
vn -1.000000 0.000362 -0.000442
vn -1.000000 0.000627 -0.000062
vn -1.000000 0.000620 -0.000000
vn -1.000000 0.000359 -0.000395
vn -0.999999 0.001316 0.000445
vn -0.999999 0.001307 0.000536
vn -0.999998 0.001970 0.000445
vn -0.999998 0.001959 0.000536
vn -0.999996 0.002623 0.000445
vn -0.999996 0.002612 0.000535
vn -0.999995 0.003275 0.000444
vn -0.999995 0.003264 0.000534
vn -0.999992 0.003914 0.000535
vn -0.999990 0.004565 0.000535
vn -0.999986 0.005217 0.000535
vn -0.999983 0.005870 0.000535
vn -0.999979 0.006519 0.000534
vn -0.999974 0.007168 0.000534
vn -0.999969 0.007817 0.000533
vn -0.999964 0.008501 0.000443
vn -0.999964 0.008468 0.000534
vn -0.999961 0.008764 0.000444
vn -0.999959 0.009045 0.000557
vn -0.999956 0.009414 0.000443
vn -0.999956 0.009414 0.000443
vn -0.999949 0.010081 0.000512
vn -0.999951 0.009922 0.000573
vn -0.018183 -0.351508 -0.936009
vn -0.018093 -0.351509 -0.936010
vn -0.733481 -0.230848 -0.639309
vn -0.733361 -0.230894 -0.639429
vn -0.999927 0.012086 0.000560
vn -0.999927 0.012102 0.000598
vn -0.716236 0.257197 0.648734
vn -0.714778 0.257712 0.650137
vn 0.018116 0.358651 0.933296
vn 0.018203 0.358650 0.933295
vn 0.026002 0.355157 0.934445
vn -0.010698 0.349209 0.936984
vn 0.018912 0.368788 0.929321
vn 0.000001 0.371424 0.928463
vn 0.000005 0.371425 0.928463
vn 0.000005 0.371425 0.928463
vn -0.000005 0.371426 0.928463
vn -0.000001 0.371426 0.928463
vn 0.000005 0.371427 0.928462
vn -0.000004 0.371427 0.928462
vn -0.000005 0.371426 0.928463
vn 0.002049 0.369751 0.929129
vn -0.013922 0.365030 0.930892
vn -0.033345 0.364638 0.930552
vn -0.007663 0.359317 0.933184
vn -0.007562 0.359316 0.933185
vn 0.729407 0.239112 0.640930
vn 0.729662 0.239019 0.640674
vn 0.999952 -0.009777 -0.000560
vn 0.999952 -0.009762 -0.000520
vn 0.727541 -0.247113 -0.640015
vn 0.727701 -0.247053 -0.639856
vn 0.006603 -0.352198 -0.935902
vn 0.006689 -0.352198 -0.935902
vn 0.999951 -0.009920 -0.000573
vn 0.999949 -0.010082 -0.000512
vn 0.999956 -0.009410 -0.000444
vn 0.999956 -0.009410 -0.000444
vn 0.999964 -0.008467 -0.000534
vn 0.999959 -0.009042 -0.000557
vn 0.999962 -0.008761 -0.000444
vn 0.999964 -0.008500 -0.000443
vn 0.999969 -0.007818 -0.000534
vn 0.999974 -0.007167 -0.000535
vn 0.999979 -0.006518 -0.000535
vn 0.999983 -0.005869 -0.000535
vn 0.999986 -0.005218 -0.000535
vn 0.999990 -0.004568 -0.000535
vn 0.999992 -0.003917 -0.000535
vn 0.999995 -0.003264 -0.000535
vn 0.999995 -0.003275 -0.000444
vn 0.999997 -0.002611 -0.000535
vn 0.999996 -0.002619 -0.000445
vn 0.999998 -0.001960 -0.000535
vn 0.999998 -0.001966 -0.000445
vn 0.999999 -0.001307 -0.000536
vn 0.999999 -0.001312 -0.000445
vn 1.000000 -0.000536 -0.000906
vn 1.000000 -0.000545 -0.000813
vn 0.999999 -0.000214 -0.001167
vn 0.999999 -0.000222 -0.001088
vn 0.013726 0.208887 -0.977844
vn -0.021826 0.208857 -0.977703
vn -0.000731 0.208909 -0.977935
vn 0.000000 0.208907 -0.977936
vn -0.000001 0.208907 -0.977936
vn 0.000001 0.208907 -0.977936
vn -0.000004 0.208907 -0.977936
vn 0.000003 0.208908 -0.977935
vn 0.000007 0.208909 -0.977935
vn 0.000000 0.208910 -0.977935
vn 0.000000 0.208910 -0.977935
vn -0.000004 0.208908 -0.977935
vn -0.000008 0.208907 -0.977935
vn 0.000748 0.208906 -0.977935
vn 0.021842 0.208856 -0.977703
vn -0.013708 0.208885 -0.977844
vn -1.000000 0.000623 0.000153
vn -1.000000 0.000351 -0.000283
vn -0.999999 0.001313 0.000719
vn -0.999998 0.001971 0.000719
vn -0.999996 0.002629 0.000719
vn -0.999994 0.003287 0.000718
vn -0.999992 0.003943 0.000717
vn -0.999989 0.004598 0.000719
vn -0.999986 0.005254 0.000719
vn -0.999982 0.005908 0.000718
vn -0.999978 0.006561 0.000717
vn -0.999974 0.007214 0.000717
vn -0.999969 0.007870 0.000716
vn -0.999963 0.008525 0.000717
vn -0.999958 0.009177 0.000716
vn -0.999951 0.009829 0.000716
vn -0.999948 0.010149 0.000694
vn -0.022403 -0.351437 -0.935944
vn -0.022280 -0.351439 -0.935946
vn -0.734001 -0.230646 -0.638784
vn -0.733894 -0.230688 -0.638892
vn -0.999926 0.012151 0.000727
vn -0.999926 0.012164 0.000766
vn -0.713148 0.258286 0.651696
vn -0.711726 0.258786 0.653052
vn 0.022315 0.358577 0.933233
vn 0.022434 0.358575 0.933232
vn 0.020807 0.354805 0.934709
vn -0.026010 0.344627 0.938379
vn 0.027512 0.368086 0.929385
vn 0.000001 0.371431 0.928461
vn 0.000004 0.371429 0.928461
vn 0.000004 0.371427 0.928462
vn -0.000005 0.371426 0.928463
vn -0.000001 0.371426 0.928463
vn 0.000006 0.371427 0.928462
vn -0.000004 0.371430 0.928461
vn -0.000005 0.371431 0.928461
vn -0.001281 0.369828 0.929099
vn -0.023926 0.365909 0.930343
vn -0.039748 0.364202 0.930471
vn -0.012208 0.359344 0.933125
vn -0.012074 0.359343 0.933127
vn 0.728838 0.239347 0.641489
vn 0.729110 0.239230 0.641223
vn 0.999951 -0.009843 -0.000739
vn 0.999952 -0.009827 -0.000697
vn 0.728269 -0.246845 -0.639290
vn 0.728415 -0.246793 -0.639143
vn 0.010771 -0.352224 -0.935854
vn 0.010890 -0.352225 -0.935852
vn 0.999951 -0.009829 -0.000717
vn 0.999948 -0.010147 -0.000695
vn 0.999958 -0.009177 -0.000716
vn 0.999963 -0.008522 -0.000716
vn 0.999969 -0.007868 -0.000718
vn 0.999974 -0.007214 -0.000717
vn 0.999978 -0.006561 -0.000717
vn 0.999982 -0.005907 -0.000718
vn 0.999986 -0.005252 -0.000718
vn 0.999989 -0.004597 -0.000718
vn 0.999992 -0.003942 -0.000718
vn 0.999994 -0.003287 -0.000718
vn 0.999996 -0.002631 -0.000719
vn 0.999998 -0.001973 -0.000719
vn 0.999999 -0.001315 -0.000719
vn 0.999999 -0.000537 -0.001088
vn 0.999999 -0.000196 -0.001358
vn 0.013728 0.208891 -0.977843
vn -0.021822 0.208855 -0.977703
vn -0.000731 0.208904 -0.977936
vn -0.000000 0.208905 -0.977936
vn -0.000000 0.208905 -0.977936
vn 0.000000 0.208906 -0.977936
vn -0.000004 0.208906 -0.977936
vn 0.000002 0.208906 -0.977936
vn 0.000007 0.208906 -0.977936
vn 0.000000 0.208907 -0.977936
vn 0.000000 0.208907 -0.977935
vn -0.000003 0.208906 -0.977936
vn -0.000006 0.208905 -0.977936
vn 0.000745 0.208909 -0.977935
vn 0.021838 0.208857 -0.977702
vn -0.013710 0.208890 -0.977843
vn -1.000000 0.000629 0.000316
vn -1.000000 0.000339 -0.000158
vn -0.999999 0.001209 0.000873
vn -0.999998 0.001963 0.000811
vn -0.999996 0.002617 0.000812
vn -0.999994 0.003273 0.000810
vn -0.999992 0.003927 0.000810
vn -0.999989 0.004580 0.000811
vn -0.999985 0.005375 0.000878
vn -0.999982 0.005946 0.000903
vn -0.999979 0.006464 0.000864
vn -0.999974 0.007187 0.000809
vn -0.999969 0.007840 0.000809
vn -0.999964 0.008493 0.000809
vn -0.999958 0.009141 0.000809
vn -0.999950 0.009968 0.000878
vn -0.999947 0.010216 0.000879
vn -0.026668 -0.351361 -0.935860
vn -0.026512 -0.351364 -0.935864
vn -0.734518 -0.230446 -0.638261
vn -0.734424 -0.230482 -0.638357
vn -0.999925 0.012213 0.000900
vn -0.999925 0.012228 0.000941
vn -0.710039 0.259377 0.654652
vn -0.708639 0.259864 0.655974
vn 0.026564 0.358497 0.933153
vn 0.026714 0.358495 0.933150
vn 0.033337 0.357241 0.933417
vn -0.052608 0.353777 0.933849
vn 0.034925 0.366938 0.929589
vn -0.000000 0.371431 0.928460
vn 0.000003 0.371428 0.928462
vn 0.000003 0.371426 0.928463
vn -0.000005 0.371424 0.928463
vn -0.000001 0.371425 0.928463
vn 0.000007 0.371427 0.928462
vn -0.000003 0.371429 0.928461
vn -0.000004 0.371433 0.928460
vn -0.003086 0.371098 0.928589
vn -0.026876 0.368302 0.929318
vn -0.048816 0.364954 0.929745
vn -0.016712 0.359364 0.933048
vn -0.016543 0.359364 0.933051
vn 0.728268 0.239567 0.642054
vn 0.728525 0.239472 0.641798
vn 0.999951 -0.009910 -0.000919
vn 0.999951 -0.009895 -0.000877
vn 0.728994 -0.246583 -0.638565
vn 0.729119 -0.246536 -0.638440
vn 0.015050 -0.352245 -0.935787
vn 0.015206 -0.352245 -0.935784
vn 0.999950 -0.009967 -0.000879
vn 0.999947 -0.010215 -0.000880
vn 0.999958 -0.009140 -0.000809
vn 0.999964 -0.008486 -0.000809
vn 0.999969 -0.007837 -0.000810
vn 0.999974 -0.007188 -0.000810
vn 0.999979 -0.006464 -0.000865
vn 0.999982 -0.005945 -0.000904
vn 0.999985 -0.005374 -0.000877
vn 0.999989 -0.004576 -0.000811
vn 0.999992 -0.003925 -0.000811
vn 0.999994 -0.003273 -0.000811
vn 0.999996 -0.002619 -0.000812
vn 0.999998 -0.001963 -0.000811
vn 0.999999 -0.001207 -0.000872
vn 0.999999 -0.000537 -0.001281
vn 0.999999 -0.000177 -0.001568
vn 0.013723 0.208886 -0.977844
vn -0.021826 0.208857 -0.977703
vn -0.000729 0.208906 -0.977935
vn -0.000000 0.208907 -0.977936
vn -0.000001 0.208907 -0.977936
vn 0.000000 0.208908 -0.977935
vn -0.000004 0.208907 -0.977936
vn 0.000003 0.208906 -0.977936
vn 0.000006 0.208907 -0.977935
vn -0.000000 0.208908 -0.977935
vn 0.000000 0.208908 -0.977935
vn -0.000003 0.208908 -0.977935
vn -0.000006 0.208908 -0.977935
vn 0.000744 0.208906 -0.977935
vn 0.021832 0.208855 -0.977703
vn -0.013709 0.208890 -0.977843
vn -1.000000 0.000632 0.000490
vn -1.000000 0.000326 -0.000018
vn -0.999999 0.001001 0.001091
vn -0.999998 0.001665 0.000998
vn -0.999998 0.002008 0.000998
vn -0.999997 0.002000 0.001093
vn -0.999998 0.001668 0.001096
vn -0.999996 0.002670 0.000998
vn -0.999996 0.002662 0.001092
vn -0.999994 0.003337 0.000998
vn -0.999994 0.003326 0.001092
vn -0.999991 0.004009 0.000997
vn -0.999991 0.003993 0.001092
vn -0.999989 0.004675 0.000996
vn -0.999989 0.004659 0.001090
vn -0.999987 0.004970 0.000997
vn -0.999987 0.004988 0.001079
vn -0.999982 0.005983 0.001091
vn -0.999983 0.005654 0.001104
vn -0.999979 0.006313 0.001075
vn -0.999975 0.006956 0.000996
vn -0.999973 0.007341 0.000996
vn -0.999973 0.007312 0.001090
vn -0.999975 0.006986 0.001104
vn -0.999967 0.008006 0.000996
vn -0.999968 0.007974 0.001091
vn -0.999962 0.008666 0.000994
vn -0.999962 0.008637 0.001089
vn -0.999956 0.009334 0.000995
vn -0.999956 0.009298 0.001089
vn -0.999953 0.009602 0.000996
vn -0.999953 0.009625 0.001070
vn -0.999947 0.010286 0.001066
vn -0.999946 0.010299 0.001108
vn -0.030979 -0.351278 -0.935759
vn -0.030790 -0.351282 -0.935763
vn -0.735026 -0.230248 -0.637747
vn -0.734946 -0.230280 -0.637829
vn -0.999924 0.012286 0.001084
vn -0.999924 0.012305 0.001128
vn -0.706886 0.260475 0.657621
vn -0.705518 0.260953 0.658899
vn 0.030854 0.358415 0.933052
vn 0.031038 0.358411 0.933048
vn 0.040096 0.357105 0.933203
vn -0.063380 0.353653 0.933227
vn 0.041889 0.366783 0.929363
vn -0.000001 0.371428 0.928462
vn 0.000003 0.371429 0.928461
vn 0.000002 0.371429 0.928461
vn -0.000004 0.371430 0.928461
vn 0.000000 0.371431 0.928461
vn 0.000006 0.371429 0.928462
vn -0.000002 0.371426 0.928463
vn -0.000003 0.371427 0.928462
vn -0.003704 0.371100 0.928586
vn -0.032159 0.368295 0.929153
vn -0.058685 0.364860 0.929211
vn -0.021251 0.359376 0.932951
vn -0.021045 0.359376 0.932956
vn 0.727688 0.239799 0.642625
vn 0.727946 0.239693 0.642372
vn 0.999950 -0.009981 -0.001097
vn 0.999950 -0.009964 -0.001056
vn 0.729686 -0.246326 -0.637873
vn 0.729789 -0.246288 -0.637770
vn 0.019462 -0.352250 -0.935704
vn 0.019657 -0.352250 -0.935700
vn 0.999946 -0.010299 -0.001108
vn 0.999947 -0.010284 -0.001066
vn 0.999956 -0.009298 -0.001089
vn 0.999953 -0.009622 -0.001069
vn 0.999953 -0.009598 -0.000995
vn 0.999956 -0.009334 -0.000995
vn 0.999962 -0.008637 -0.001089
vn 0.999962 -0.008669 -0.000995
vn 0.999968 -0.007975 -0.001090
vn 0.999968 -0.008006 -0.000995
vn 0.999973 -0.007311 -0.001091
vn 0.999973 -0.007341 -0.000996
vn 0.999975 -0.006981 -0.001104
vn 0.999975 -0.006957 -0.000996
vn 0.999982 -0.005985 -0.001091
vn 0.999980 -0.006313 -0.001077
vn 0.999983 -0.005656 -0.001103
vn 0.999989 -0.004657 -0.001092
vn 0.999987 -0.004988 -0.001079
vn 0.999987 -0.004973 -0.000996
vn 0.999989 -0.004676 -0.000997
vn 0.999992 -0.003992 -0.001092
vn 0.999992 -0.004007 -0.000998
vn 0.999994 -0.003329 -0.001092
vn 0.999994 -0.003337 -0.000998
vn 0.999996 -0.002665 -0.001093
vn 0.999996 -0.002671 -0.000998
vn 0.999997 -0.001999 -0.001092
vn 0.999997 -0.002006 -0.000998
vn 0.999998 -0.001666 -0.001096
vn 0.999998 -0.001660 -0.000999
vn 0.999999 -0.000538 -0.001487
vn 0.999999 -0.001001 -0.001091
vn 0.999998 -0.000155 -0.001800
vn 0.013725 0.208884 -0.977844
vn -0.021827 0.208858 -0.977702
vn -0.000729 0.208908 -0.977935
vn -0.000001 0.208908 -0.977935
vn -0.000002 0.208907 -0.977935
vn 0.000000 0.208908 -0.977935
vn -0.000003 0.208907 -0.977935
vn 0.000003 0.208906 -0.977936
vn 0.000005 0.208907 -0.977936
vn 0.000000 0.208908 -0.977935
vn 0.000000 0.208908 -0.977935
vn -0.000003 0.208908 -0.977935
vn -0.000005 0.208908 -0.977935
vn 0.000742 0.208907 -0.977935
vn 0.021833 0.208857 -0.977702
vn -0.013709 0.208887 -0.977844
vn -1.000000 0.000633 0.000676
vn -1.000000 0.000310 0.000137
vn -0.999999 0.001004 0.001280
vn -0.999997 0.002009 0.001284
vn -0.999998 0.001672 0.001287
vn -0.999996 0.002682 0.001282
vn -0.999994 0.003352 0.001283
vn -0.999991 0.004021 0.001283
vn -0.999988 0.004691 0.001281
vn -0.999987 0.005024 0.001268
vn -0.999981 0.006027 0.001282
vn -0.999983 0.005696 0.001294
vn -0.999979 0.006357 0.001266
vn -0.999972 0.007363 0.001280
vn -0.999974 0.007034 0.001295
vn -0.999967 0.008029 0.001281
vn -0.999961 0.008697 0.001280
vn -0.999955 0.009363 0.001279
vn -0.999952 0.009687 0.001259
vn -0.999946 0.010349 0.001256
vn -0.999946 0.010365 0.001298
vn -0.035308 -0.351183 -0.935641
vn -0.035087 -0.351188 -0.935647
vn -0.735541 -0.230047 -0.637227
vn -0.735469 -0.230075 -0.637299
vn -0.999923 0.012358 0.001272
vn -0.999923 0.012371 0.001313
vn -0.703710 0.261576 0.660583
vn -0.702390 0.262025 0.661809
vn 0.035204 0.358319 0.932935
vn 0.035423 0.358314 0.932929
vn 0.046869 0.356957 0.932944
vn -0.074208 0.353469 0.932498
vn 0.048847 0.366615 0.929089
vn -0.000001 0.371432 0.928460
vn 0.000003 0.371433 0.928460
vn 0.000002 0.371432 0.928460
vn -0.000004 0.371433 0.928460
vn -0.000001 0.371432 0.928460
vn 0.000004 0.371429 0.928461
vn -0.000001 0.371428 0.928462
vn -0.000002 0.371428 0.928462
vn -0.004320 0.371102 0.928582
vn -0.037409 0.368274 0.928964
vn -0.068592 0.364716 0.928589
vn -0.025871 0.359376 0.932834
vn -0.025625 0.359376 0.932841
vn 0.727121 0.240008 0.643188
vn 0.727359 0.239925 0.642950
vn 0.999949 -0.010050 -0.001281
vn 0.999949 -0.010035 -0.001238
vn 0.730369 -0.246074 -0.637188
vn 0.730461 -0.246040 -0.637095
vn 0.023913 -0.352252 -0.935600
vn 0.024139 -0.352253 -0.935594
vn 0.999945 -0.010369 -0.001298
vn 0.999946 -0.010353 -0.001256
vn 0.999955 -0.009362 -0.001280
vn 0.999952 -0.009687 -0.001260
vn 0.999961 -0.008694 -0.001279
vn 0.999967 -0.008028 -0.001280
vn 0.999972 -0.007361 -0.001281
vn 0.999974 -0.007031 -0.001295
vn 0.999981 -0.006027 -0.001281
vn 0.999979 -0.006358 -0.001268
vn 0.999983 -0.005696 -0.001293
vn 0.999988 -0.004690 -0.001282
vn 0.999987 -0.005022 -0.001270
vn 0.999991 -0.004022 -0.001282
vn 0.999994 -0.003352 -0.001282
vn 0.999996 -0.002682 -0.001283
vn 0.999997 -0.002010 -0.001283
vn 0.999998 -0.001675 -0.001286
vn 0.999998 -0.000538 -0.001707
vn 0.999999 -0.001007 -0.001282
vn 0.999998 -0.000131 -0.002060
vn 0.013730 0.208889 -0.977843
vn -0.021828 0.208858 -0.977702
vn -0.000732 0.208906 -0.977935
vn -0.000001 0.208907 -0.977935
vn -0.000001 0.208909 -0.977935
vn -0.000000 0.208906 -0.977936
vn -0.000003 0.208908 -0.977935
vn 0.000003 0.208908 -0.977935
vn 0.000006 0.208906 -0.977936
vn 0.000000 0.208904 -0.977936
vn 0.000000 0.208904 -0.977936
vn -0.000003 0.208906 -0.977936
vn -0.000007 0.208907 -0.977936
vn 0.000745 0.208908 -0.977935
vn 0.021836 0.208860 -0.977702
vn -0.013711 0.208888 -0.977843
vn -0.999999 0.000639 0.000875
vn -1.000000 0.000294 0.000311
vn -0.999998 0.001015 0.001474
vn -0.999997 0.002024 0.001477
vn -0.999998 0.001689 0.001479
vn -0.999995 0.002698 0.001476
vn -0.999993 0.003373 0.001476
vn -0.999991 0.004047 0.001476
vn -0.999988 0.004723 0.001474
vn -0.999986 0.005058 0.001462
vn -0.999981 0.006069 0.001474
vn -0.999982 0.005737 0.001486
vn -0.999979 0.006400 0.001459
vn -0.999972 0.007413 0.001473
vn -0.999974 0.007077 0.001487
vn -0.999966 0.008086 0.001473
vn -0.999961 0.008755 0.001473
vn -0.999955 0.009426 0.001471
vn -0.999951 0.009755 0.001450
vn -0.999945 0.010422 0.001448
vn -0.999945 0.010439 0.001492
vn -0.039657 -0.351081 -0.935505
vn -0.039401 -0.351087 -0.935513
vn -0.736060 -0.229841 -0.636702
vn -0.736001 -0.229864 -0.636761
vn -0.999922 0.012423 0.001454
vn -0.999922 0.012442 0.001497
vn -0.700525 0.262662 0.663532
vn -0.699243 0.263101 0.664709
vn 0.039623 0.358213 0.932799
vn 0.039879 0.358207 0.932790
vn 0.053667 0.356788 0.932643
vn -0.085110 0.353255 0.931648
vn 0.055795 0.366428 0.928772
vn -0.000000 0.371428 0.928462
vn 0.000003 0.371428 0.928462
vn 0.000002 0.371427 0.928462
vn -0.000004 0.371424 0.928463
vn -0.000001 0.371423 0.928464
vn 0.000004 0.371424 0.928463
vn -0.000001 0.371427 0.928462
vn -0.000002 0.371428 0.928462
vn -0.004935 0.371107 0.928577
vn -0.042631 0.368248 0.928750
vn -0.078508 0.364540 0.927872
vn -0.030543 0.359371 0.932695
vn -0.030260 0.359371 0.932704
vn 0.726550 0.240237 0.643748
vn 0.726786 0.240138 0.643518
vn 0.999948 -0.010123 -0.001473
vn 0.999948 -0.010106 -0.001428
vn 0.731067 -0.245820 -0.636485
vn 0.731141 -0.245793 -0.636411
vn 0.028336 -0.352252 -0.935476
vn 0.028597 -0.352252 -0.935468
vn 0.999944 -0.010438 -0.001492
vn 0.999945 -0.010423 -0.001448
vn 0.999955 -0.009425 -0.001473
vn 0.999951 -0.009755 -0.001453
vn 0.999961 -0.008753 -0.001472
vn 0.999966 -0.008081 -0.001473
vn 0.999972 -0.007411 -0.001474
vn 0.999974 -0.007080 -0.001487
vn 0.999981 -0.006068 -0.001474
vn 0.999979 -0.006401 -0.001460
vn 0.999983 -0.005734 -0.001486
vn 0.999988 -0.004720 -0.001475
vn 0.999986 -0.005054 -0.001463
vn 0.999991 -0.004046 -0.001476
vn 0.999993 -0.003371 -0.001476
vn 0.999995 -0.002697 -0.001477
vn 0.999997 -0.002022 -0.001477
vn 0.999997 -0.001685 -0.001478
vn 0.999998 -0.000538 -0.001942
vn 0.999999 -0.001013 -0.001475
vn 0.999997 -0.000103 -0.002352
vn 0.013728 0.208888 -0.977843
vn -0.021830 0.208859 -0.977702
vn -0.000730 0.208909 -0.977935
vn 0.000000 0.208905 -0.977936
vn -0.000000 0.208906 -0.977936
vn -0.000000 0.208905 -0.977936
vn -0.000005 0.208906 -0.977936
vn 0.000003 0.208908 -0.977935
vn 0.000007 0.208906 -0.977936
vn 0.000000 0.208905 -0.977936
vn 0.000000 0.208905 -0.977936
vn -0.000004 0.208906 -0.977936
vn -0.000008 0.208906 -0.977936
vn 0.000748 0.208906 -0.977935
vn 0.021836 0.208858 -0.977702
vn -0.013706 0.208887 -0.977844
vn -0.999999 0.000642 0.001089
vn -1.000000 0.000275 0.000507
vn -0.999998 0.001021 0.001672
vn -0.999997 0.002042 0.001672
vn -0.999997 0.001705 0.001674
vn -0.999995 0.002719 0.001673
vn -0.999993 0.003399 0.001672
vn -0.999990 0.004076 0.001672
vn -0.999987 0.004753 0.001671
vn -0.999986 0.005091 0.001659
vn -0.999980 0.006106 0.001669
vn -0.999982 0.005767 0.001681
vn -0.999978 0.006441 0.001654
vn -0.999971 0.007462 0.001669
vn -0.999973 0.007127 0.001683
vn -0.999966 0.008140 0.001669
vn -0.999960 0.008814 0.001668
vn -0.999954 0.009488 0.001667
vn -0.999951 0.009821 0.001646
vn -0.999944 0.010497 0.001644
vn -0.999943 0.010513 0.001688
vn -0.044064 -0.350974 -0.935348
vn -0.043771 -0.350981 -0.935359
vn -0.736568 -0.229639 -0.636186
vn -0.736524 -0.229657 -0.636232
vn -0.999921 0.012499 0.001643
vn -0.999920 0.012514 0.001687
vn -0.697311 0.263752 0.666478
vn -0.696072 0.264163 0.667609
vn 0.044091 0.358100 0.932642
vn 0.044383 0.358092 0.932631
vn 0.060473 0.356611 0.932294
vn -0.096040 0.352985 0.930687
vn 0.062731 0.366227 0.928409
vn -0.000001 0.371426 0.928463
vn 0.000003 0.371425 0.928463
vn 0.000001 0.371426 0.928463
vn -0.000005 0.371424 0.928463
vn 0.000001 0.371427 0.928462
vn 0.000005 0.371431 0.928461
vn -0.000002 0.371429 0.928461
vn -0.000003 0.371425 0.928463
vn -0.005549 0.371106 0.928574
vn -0.047832 0.368204 0.928514
vn -0.088432 0.364329 0.927062
vn -0.035213 0.359361 0.932534
vn -0.034894 0.359363 0.932545
vn 0.725956 0.240466 0.644333
vn 0.726193 0.240378 0.644098
vn 0.999947 -0.010198 -0.001669
vn 0.999947 -0.010181 -0.001624
vn 0.731748 -0.245572 -0.635799
vn 0.731804 -0.245551 -0.635742
vn 0.032817 -0.352244 -0.935333
vn 0.033120 -0.352243 -0.935322
vn 0.999943 -0.010508 -0.001687
vn 0.999944 -0.010492 -0.001644
vn 0.999954 -0.009491 -0.001668
vn 0.999950 -0.009820 -0.001647
vn 0.999960 -0.008814 -0.001668
vn 0.999966 -0.008137 -0.001669
vn 0.999971 -0.007461 -0.001669
vn 0.999973 -0.007126 -0.001682
vn 0.999980 -0.006111 -0.001670
vn 0.999978 -0.006446 -0.001655
vn 0.999982 -0.005775 -0.001682
vn 0.999987 -0.004753 -0.001671
vn 0.999986 -0.005090 -0.001658
vn 0.999990 -0.004075 -0.001671
vn 0.999993 -0.003399 -0.001671
vn 0.999995 -0.002721 -0.001673
vn 0.999997 -0.002041 -0.001673
vn 0.999997 -0.001702 -0.001674
vn 0.999997 -0.000539 -0.002195
vn 0.999998 -0.001021 -0.001671
vn 0.999996 -0.000073 -0.002681
vn 0.013726 0.208886 -0.977844
vn -0.021829 0.208860 -0.977702
vn -0.000733 0.208908 -0.977935
vn 0.000000 0.208907 -0.977935
vn 0.000000 0.208906 -0.977936
vn 0.000000 0.208909 -0.977935
vn -0.000005 0.208908 -0.977935
vn 0.000002 0.208909 -0.977935
vn 0.000008 0.208910 -0.977935
vn 0.000000 0.208910 -0.977935
vn 0.000000 0.208910 -0.977935
vn -0.000004 0.208909 -0.977935
vn -0.000008 0.208908 -0.977935
vn 0.000745 0.208908 -0.977935
vn 0.021835 0.208859 -0.977702
vn -0.013704 0.208886 -0.977844
vn -0.999999 0.000646 0.001320
vn -1.000000 0.000254 0.000731
vn -0.999998 0.001027 0.001871
vn -0.999996 0.002055 0.001871
vn -0.999997 0.001712 0.001873
vn -0.999995 0.002741 0.001871
vn -0.999992 0.003423 0.001870
vn -0.999990 0.004103 0.001869
vn -0.999987 0.004781 0.001869
vn -0.999985 0.005118 0.001858
vn -0.999979 0.006148 0.001868
vn -0.999981 0.005808 0.001881
vn -0.999977 0.006488 0.001852
vn -0.999970 0.007514 0.001867
vn -0.999972 0.007178 0.001881
vn -0.999965 0.008193 0.001867
vn -0.999959 0.008873 0.001865
vn -0.999953 0.009555 0.001866
vn -0.999949 0.009888 0.001845
vn -0.999943 0.010567 0.001841
vn -0.999942 0.010582 0.001885
vn -0.048517 -0.350867 -0.935168
vn -0.048188 -0.350875 -0.935182
vn -0.737081 -0.229443 -0.635663
vn -0.737048 -0.229456 -0.635697
vn -0.999919 0.012569 0.001837
vn -0.999919 0.012587 0.001881
vn -0.694067 0.264834 0.669428
vn -0.692870 0.265238 0.670507
vn 0.048599 0.357980 0.932464
vn 0.048929 0.357970 0.932450
vn 0.067303 0.356407 0.931904
vn -0.107019 0.352684 0.929603
vn 0.069656 0.366007 0.928002
vn -0.000003 0.371430 0.928461
vn 0.000004 0.371428 0.928462
vn 0.000001 0.371429 0.928461
vn -0.000005 0.371432 0.928460
vn 0.000002 0.371433 0.928460
vn 0.000005 0.371433 0.928460
vn -0.000003 0.371432 0.928460
vn -0.000004 0.371430 0.928461
vn -0.006164 0.371113 0.928567
vn -0.053010 0.368156 0.928252
vn -0.098364 0.364071 0.926163
vn -0.039891 0.359333 0.932356
vn -0.039534 0.359336 0.932371
vn 0.725356 0.240694 0.644922
vn 0.725582 0.240607 0.644700
vn 0.999946 -0.010274 -0.001867
vn 0.999946 -0.010256 -0.001821
vn 0.732419 -0.245322 -0.635121
vn 0.732460 -0.245307 -0.635080
vn 0.037385 -0.352226 -0.935168
vn 0.037730 -0.352225 -0.935155
vn 0.999942 -0.010583 -0.001885
vn 0.999942 -0.010566 -0.001841
vn 0.999953 -0.009555 -0.001866
vn 0.999949 -0.009890 -0.001845
vn 0.999959 -0.008875 -0.001866
vn 0.999965 -0.008195 -0.001867
vn 0.999970 -0.007514 -0.001867
vn 0.999973 -0.007177 -0.001880
vn 0.999979 -0.006152 -0.001869
vn 0.999977 -0.006490 -0.001853
vn 0.999981 -0.005814 -0.001882
vn 0.999987 -0.004788 -0.001870
vn 0.999985 -0.005127 -0.001857
vn 0.999990 -0.004106 -0.001869
vn 0.999992 -0.003423 -0.001870
vn 0.999995 -0.002740 -0.001872
vn 0.999996 -0.002056 -0.001871
vn 0.999997 -0.001715 -0.001873
vn 0.999997 -0.000540 -0.002467
vn 0.999998 -0.001028 -0.001870
vn 0.999995 -0.000037 -0.003056
vn 0.013730 0.208891 -0.977843
vn -0.021828 0.208856 -0.977703
vn -0.000733 0.208906 -0.977935
vn -0.000001 0.208909 -0.977935
vn 0.000000 0.208909 -0.977935
vn 0.000000 0.208909 -0.977935
vn -0.000004 0.208908 -0.977935
vn 0.000002 0.208907 -0.977936
vn 0.000007 0.208908 -0.977935
vn 0.000000 0.208909 -0.977935
vn -0.000000 0.208909 -0.977935
vn -0.000003 0.208909 -0.977935
vn -0.000008 0.208909 -0.977935
vn 0.000748 0.208907 -0.977935
vn 0.021834 0.208859 -0.977702
vn -0.013707 0.208889 -0.977843
vn -0.999999 0.000651 0.001568
vn -1.000000 0.000232 0.000987
vn -0.999997 0.001032 0.002073
vn -0.999996 0.002067 0.002073
vn -0.999996 0.001723 0.002075
vn -0.999994 0.002755 0.002072
vn -0.999992 0.003443 0.002071
vn -0.999989 0.004131 0.002070
vn -0.999986 0.004821 0.002070
vn -0.999985 0.005161 0.002058
vn -0.999979 0.006194 0.002069
vn -0.999981 0.005855 0.002082
vn -0.999977 0.006533 0.002054
vn -0.999969 0.007567 0.002068
vn -0.999972 0.007227 0.002084
vn -0.999964 0.008253 0.002067
vn -0.999958 0.008937 0.002067
vn -0.999952 0.009622 0.002066
vn -0.999948 0.009957 0.002044
vn -0.999941 0.010635 0.002041
vn -0.999941 0.010652 0.002086
vn -0.052978 -0.350737 -0.934974
vn -0.052615 -0.350750 -0.934990
vn -0.737597 -0.229244 -0.635136
vn -0.737577 -0.229252 -0.635157
vn -0.999918 0.012643 0.002034
vn -0.999918 0.012660 0.002081
vn -0.690795 0.265928 0.672372
vn -0.689655 0.266304 0.673393
vn 0.053157 0.357849 0.932265
vn 0.053526 0.357838 0.932248
vn 0.074129 0.356192 0.931468
vn -0.117998 0.352324 0.928410
vn 0.076569 0.365768 0.927551
vn -0.000003 0.371431 0.928460
vn 0.000003 0.371431 0.928460
vn 0.000001 0.371430 0.928461
vn -0.000004 0.371430 0.928461
vn 0.000001 0.371427 0.928462
vn 0.000005 0.371425 0.928463
vn -0.000003 0.371428 0.928462
vn -0.000004 0.371431 0.928461
vn -0.006778 0.371121 0.928560
vn -0.058179 0.368099 0.927965
vn -0.108282 0.363786 0.925167
vn -0.044527 0.359301 0.932159
vn -0.044142 0.359304 0.932176
vn 0.724759 0.240930 0.645505
vn 0.724974 0.240844 0.645296
vn 0.999944 -0.010348 -0.002065
vn 0.999945 -0.010331 -0.002019
vn 0.733083 -0.245072 -0.634452
vn 0.733107 -0.245063 -0.634427
vn 0.042035 -0.352193 -0.934983
vn 0.042424 -0.352190 -0.934967
vn 0.999941 -0.010655 -0.002086
vn 0.999941 -0.010639 -0.002041
vn 0.999952 -0.009622 -0.002067
vn 0.999948 -0.009957 -0.002046
vn 0.999958 -0.008938 -0.002067
vn 0.999964 -0.008253 -0.002068
vn 0.999969 -0.007566 -0.002068
vn 0.999972 -0.007227 -0.002082
vn 0.999979 -0.006193 -0.002069
vn 0.999977 -0.006532 -0.002053
vn 0.999981 -0.005852 -0.002083
vn 0.999986 -0.004822 -0.002071
vn 0.999985 -0.005163 -0.002058
vn 0.999989 -0.004133 -0.002070
vn 0.999992 -0.003444 -0.002071
vn 0.999994 -0.002757 -0.002073
vn 0.999996 -0.002067 -0.002073
vn 0.999996 -0.001722 -0.002075
vn 0.999996 -0.000540 -0.002761
vn 0.999997 -0.001034 -0.002071
vn 0.999994 0.000003 -0.003488
vn 0.013722 0.208886 -0.977844
vn -0.021828 0.208855 -0.977703
vn -0.000730 0.208908 -0.977935
vn -0.000000 0.208907 -0.977935
vn 0.000000 0.208908 -0.977935
vn 0.000000 0.208907 -0.977936
vn -0.000004 0.208907 -0.977936
vn 0.000002 0.208906 -0.977936
vn 0.000007 0.208906 -0.977936
vn 0.000000 0.208907 -0.977936
vn 0.000000 0.208907 -0.977936
vn -0.000003 0.208907 -0.977935
vn -0.000007 0.208908 -0.977935
vn 0.000750 0.208907 -0.977935
vn 0.021836 0.208857 -0.977703
vn -0.013701 0.208886 -0.977844
vn -0.999998 0.000657 0.001835
vn -0.999999 0.000204 0.001285
vn -0.999997 0.001040 0.002276
vn -0.999995 0.002080 0.002276
vn -0.999996 0.001734 0.002280
vn -0.999994 0.002772 0.002276
vn -0.999991 0.003466 0.002276
vn -0.999989 0.004162 0.002275
vn -0.999986 0.004856 0.002274
vn -0.999984 0.005201 0.002261
vn -0.999978 0.006237 0.002273
vn -0.999980 0.005893 0.002284
vn -0.999976 0.006579 0.002259
vn -0.999968 0.007618 0.002272
vn -0.999971 0.007278 0.002288
vn -0.999963 0.008308 0.002271
vn -0.999957 0.008998 0.002271
vn -0.999951 0.009687 0.002270
vn -0.999947 0.010023 0.002246
vn -0.999940 0.010712 0.002245
vn -0.999940 0.010730 0.002291
vn -0.057467 -0.350606 -0.934758
vn -0.057065 -0.350616 -0.934779
vn -0.738109 -0.229036 -0.634616
vn -0.738101 -0.229039 -0.634624
vn -0.999917 0.012718 0.002235
vn -0.999916 0.012738 0.002281
vn -0.687511 0.267005 0.675305
vn -0.686421 0.267360 0.676273
vn 0.057765 0.357711 0.932044
vn 0.058174 0.357698 0.932024
vn 0.080974 0.355957 0.930988
vn -0.129027 0.351938 0.927088
vn 0.083470 0.365514 0.927055
vn -0.000002 0.371434 0.928460
vn 0.000003 0.371435 0.928459
vn 0.000000 0.371433 0.928460
vn -0.000005 0.371428 0.928462
vn 0.000001 0.371426 0.928462
vn 0.000006 0.371429 0.928461
vn -0.000002 0.371430 0.928461
vn -0.000002 0.371432 0.928460
vn -0.007392 0.371126 0.928553
vn -0.063304 0.368041 0.927652
vn -0.118203 0.363461 0.924080
vn -0.049193 0.359274 0.931935
vn -0.048758 0.359276 0.931957
vn 0.724165 0.241160 0.646086
vn 0.724368 0.241082 0.645887
vn 0.999943 -0.010422 -0.002268
vn 0.999943 -0.010405 -0.002221
vn 0.733748 -0.244825 -0.633778
vn 0.733757 -0.244822 -0.633769
vn 0.046765 -0.352162 -0.934770
vn 0.047199 -0.352160 -0.934749
vn 0.999940 -0.010727 -0.002290
vn 0.999940 -0.010711 -0.002245
vn 0.999951 -0.009688 -0.002270
vn 0.999947 -0.010026 -0.002249
vn 0.999957 -0.008999 -0.002271
vn 0.999963 -0.008309 -0.002272
vn 0.999968 -0.007620 -0.002271
vn 0.999971 -0.007280 -0.002286
vn 0.999978 -0.006237 -0.002273
vn 0.999976 -0.006580 -0.002257
vn 0.999980 -0.005894 -0.002287
vn 0.999986 -0.004855 -0.002275
vn 0.999984 -0.005199 -0.002261
vn 0.999989 -0.004162 -0.002275
vn 0.999991 -0.003469 -0.002275
vn 0.999994 -0.002775 -0.002277
vn 0.999995 -0.002082 -0.002277
vn 0.999996 -0.001736 -0.002280
vn 0.999995 -0.000540 -0.003078
vn 0.999997 -0.001040 -0.002275
vn 0.999992 0.000050 -0.003989
vn 0.013725 0.208887 -0.977843
vn -0.021827 0.208857 -0.977703
vn -0.000730 0.208907 -0.977935
vn 0.000000 0.208907 -0.977935
vn 0.000000 0.208907 -0.977936
vn 0.000000 0.208907 -0.977936
vn -0.000004 0.208907 -0.977936
vn 0.000002 0.208907 -0.977936
vn 0.000006 0.208907 -0.977935
vn 0.000000 0.208907 -0.977936
vn 0.000000 0.208907 -0.977935
vn -0.000003 0.208906 -0.977936
vn -0.000006 0.208906 -0.977936
vn 0.000745 0.208906 -0.977935
vn 0.021837 0.208855 -0.977703
vn -0.013703 0.208888 -0.977844
vn -0.999998 0.000667 0.002127
vn -0.999999 0.000173 0.001637
vn -0.999996 0.001054 0.002482
vn -0.999995 0.002098 0.002483
vn -0.999995 0.001748 0.002487
vn -0.999993 0.002797 0.002483
vn -0.999991 0.003495 0.002483
vn -0.999988 0.004189 0.002482
vn -0.999985 0.004886 0.002481
vn -0.999983 0.005233 0.002468
vn -0.999977 0.006282 0.002480
vn -0.999979 0.005937 0.002491
vn -0.999975 0.006628 0.002465
vn -0.999968 0.007673 0.002479
vn -0.999970 0.007328 0.002494
vn -0.999962 0.008367 0.002477
vn -0.999956 0.009060 0.002477
vn -0.999949 0.009755 0.002476
vn -0.999946 0.010096 0.002453
vn -0.999939 0.010789 0.002451
vn -0.999939 0.010805 0.002497
vn -0.062015 -0.350473 -0.934517
vn -0.061573 -0.350487 -0.934541
vn -0.738622 -0.228834 -0.634092
vn -0.738627 -0.228832 -0.634087
vn -0.999915 0.012798 0.002434
vn -0.999915 0.012815 0.002481
vn -0.684195 0.268087 0.678238
vn -0.683157 0.268426 0.679149
vn 0.062430 0.357564 0.931799
vn 0.062882 0.357550 0.931775
vn 0.087812 0.355703 0.930465
vn -0.140032 0.351489 0.925660
vn 0.090359 0.365239 0.926518
vn -0.000001 0.371432 0.928460
vn 0.000003 0.371432 0.928460
vn -0.000001 0.371431 0.928461
vn -0.000007 0.371431 0.928461
vn 0.000001 0.371431 0.928461
vn 0.000007 0.371431 0.928461
vn -0.000003 0.371430 0.928461
vn -0.000001 0.371430 0.928461
vn -0.008004 0.371126 0.928548
vn -0.068442 0.367954 0.927322
vn -0.128047 0.363121 0.922902
vn -0.053961 0.359223 0.931691
vn -0.053483 0.359230 0.931715
vn 0.723574 0.241384 0.646664
vn 0.723765 0.241312 0.646477
vn 0.999942 -0.010504 -0.002479
vn 0.999942 -0.010484 -0.002430
vn 0.734426 -0.244578 -0.633087
vn 0.734419 -0.244581 -0.633094
vn 0.051521 -0.352129 -0.934532
vn 0.051992 -0.352124 -0.934508
vn 0.999939 -0.010805 -0.002497
vn 0.999939 -0.010787 -0.002451
vn 0.999949 -0.009756 -0.002477
vn 0.999946 -0.010096 -0.002454
vn 0.999956 -0.009062 -0.002477
vn 0.999962 -0.008368 -0.002478
vn 0.999968 -0.007674 -0.002477
vn 0.999970 -0.007330 -0.002493
vn 0.999977 -0.006281 -0.002480
vn 0.999975 -0.006625 -0.002464
vn 0.999979 -0.005936 -0.002493
vn 0.999985 -0.004888 -0.002482
vn 0.999983 -0.005234 -0.002469
vn 0.999988 -0.004190 -0.002482
vn 0.999991 -0.003491 -0.002483
vn 0.999993 -0.002793 -0.002484
vn 0.999995 -0.002097 -0.002484
vn 0.999995 -0.001749 -0.002487
vn 0.999994 -0.000542 -0.003424
vn 0.999996 -0.001049 -0.002481
vn 0.999990 0.000105 -0.004578
vn 0.013729 0.208891 -0.977843
vn -0.021822 0.208860 -0.977702
vn -0.000725 0.208909 -0.977935
vn 0.000000 0.208907 -0.977935
vn 0.000000 0.208907 -0.977936
vn 0.000000 0.208907 -0.977936
vn -0.000004 0.208907 -0.977936
vn 0.000002 0.208907 -0.977936
vn 0.000006 0.208907 -0.977936
vn -0.000000 0.208907 -0.977935
vn -0.000000 0.208908 -0.977935
vn -0.000003 0.208908 -0.977935
vn -0.000006 0.208907 -0.977935
vn 0.000743 0.208910 -0.977935
vn 0.021836 0.208859 -0.977702
vn -0.013711 0.208889 -0.977843
vn -0.999997 0.000671 0.002446
vn -0.999998 0.000133 0.002057
vn -0.999996 0.001060 0.002692
vn -0.999994 0.002113 0.002694
vn -0.999995 0.001760 0.002697
vn -0.999992 0.002817 0.002694
vn -0.999990 0.003520 0.002693
vn -0.999988 0.004223 0.002691
vn -0.999984 0.004923 0.002691
vn -0.999983 0.005272 0.002679
vn -0.999976 0.006325 0.002689
vn -0.999979 0.005977 0.002702
vn -0.999974 0.006670 0.002673
vn -0.999967 0.007727 0.002689
vn -0.999969 0.007379 0.002705
vn -0.999961 0.008430 0.002687
vn -0.999955 0.009128 0.002686
vn -0.999948 0.009826 0.002686
vn -0.999945 0.010167 0.002663
vn -0.999937 0.010864 0.002659
vn -0.999937 0.010882 0.002706
vn -0.066595 -0.350325 -0.934258
vn -0.066117 -0.350340 -0.934286
vn -0.739131 -0.228640 -0.633569
vn -0.739147 -0.228634 -0.633552
vn -0.999914 0.012875 0.002644
vn -0.999913 0.012894 0.002696
vn -0.680857 0.269171 0.681162
vn -0.679886 0.269481 0.682008
vn 0.067161 0.357406 0.931531
vn 0.067657 0.357388 0.931502
vn 0.094653 0.355434 0.929897
vn -0.151081 0.351008 0.924104
vn 0.097233 0.364946 0.925938
vn 0.000000 0.371426 0.928462
vn 0.000001 0.371426 0.928463
vn -0.000001 0.371426 0.928463
vn -0.000006 0.371429 0.928461
vn 0.000001 0.371430 0.928461
vn 0.000006 0.371427 0.928462
vn -0.000003 0.371424 0.928463
vn -0.000000 0.371424 0.928463
vn -0.008616 0.371122 0.928544
vn -0.073536 0.367866 0.926966
vn -0.137940 0.362706 0.921638
vn -0.058731 0.359170 0.931422
vn -0.058220 0.359174 0.931453
vn 0.722966 0.241618 0.647256
vn 0.723154 0.241545 0.647074
vn 0.999940 -0.010587 -0.002691
vn 0.999941 -0.010568 -0.002643
vn 0.735092 -0.244329 -0.632411
vn 0.735070 -0.244338 -0.632433
vn 0.056313 -0.352075 -0.934276
vn 0.056835 -0.352069 -0.934247
vn 0.999937 -0.010882 -0.002707
vn 0.999937 -0.010865 -0.002660
vn 0.999948 -0.009824 -0.002686
vn 0.999945 -0.010166 -0.002663
vn 0.999955 -0.009126 -0.002687
vn 0.999961 -0.008426 -0.002687
vn 0.999967 -0.007725 -0.002687
vn 0.999969 -0.007379 -0.002702
vn 0.999976 -0.006324 -0.002690
vn 0.999974 -0.006671 -0.002674
vn 0.999978 -0.005976 -0.002702
vn 0.999984 -0.004924 -0.002692
vn 0.999983 -0.005273 -0.002680
vn 0.999987 -0.004221 -0.002692
vn 0.999990 -0.003519 -0.002693
vn 0.999992 -0.002816 -0.002694
vn 0.999994 -0.002112 -0.002693
vn 0.999995 -0.001760 -0.002697
vn 0.999993 -0.000542 -0.003800
vn 0.999996 -0.001056 -0.002692
vn 0.999986 0.000172 -0.005280
vn 0.013729 0.208887 -0.977844
vn 0.000000 0.208908 -0.977935
vn 0.000000 0.208908 -0.977935
vn 0.000000 0.208908 -0.977935
vn -0.000004 0.208908 -0.977935
vn 0.000002 0.208908 -0.977935
vn 0.000006 0.208908 -0.977935
vn -0.000001 0.208909 -0.977935
vn 0.000000 0.208911 -0.977935
vn -0.000002 0.208911 -0.977935
vn -0.000007 0.208911 -0.977935
vn -0.999994 0.002106 0.002800
vn -0.999995 0.001766 0.002800
vn -0.999992 0.002807 0.002800
vn -0.999990 0.003506 0.002799
vn -0.999987 0.004211 0.002797
vn -0.999984 0.004910 0.002796
vn -0.999982 0.005292 0.002798
vn -0.999967 0.007698 0.002796
vn -0.999969 0.007401 0.002796
vn -0.999961 0.008398 0.002793
vn -0.999955 0.009095 0.002791
vn -0.999948 0.009789 0.002791
vn -0.999944 0.010210 0.002791
vn 0.999948 -0.009786 -0.002792
vn 0.999944 -0.010209 -0.002792
vn 0.999955 -0.009088 -0.002792
vn 0.999961 -0.008392 -0.002793
vn 0.999967 -0.007695 -0.002793
vn 0.999969 -0.007401 -0.002792
vn 0.999984 -0.004907 -0.002798
vn 0.999982 -0.005295 -0.002799
vn 0.999987 -0.004209 -0.002798
vn 0.999990 -0.003509 -0.002799
vn 0.999992 -0.002807 -0.002800
vn 0.999994 -0.002105 -0.002800
vn 0.999995 -0.001767 -0.002800
vn 0.000000 -1.000000 -0.000021
vn 0.000000 -1.000000 -0.000021
vn 0.000000 -1.000000 -0.000021
vn 0.000000 -1.000000 -0.000021
vn 0.000000 -1.000000 -0.000021
vn 0.000000 -1.000000 -0.000021
vn 0.000000 -1.000000 -0.000021
vn 0.000000 -1.000000 -0.000021
vn 0.000000 1.000000 0.000001
vn 0.000000 1.000000 0.000001
vn 0.000000 1.000000 0.000001
vn 0.000000 1.000000 0.000001
vn 0.000000 1.000000 -0.000053
vn 0.000000 1.000000 -0.000053
vn 0.000000 1.000000 -0.000053
vn 0.000000 1.000000 -0.000053
vn 0.000000 1.000000 0.000103
vn 0.000000 1.000000 0.000103
vn 0.000000 1.000000 0.000103
vn 0.000000 1.000000 0.000103
vn 0.000000 1.000000 -0.000021
vn 0.000000 1.000000 -0.000021
vn 0.000000 1.000000 -0.000021
vn 0.000000 1.000000 -0.000021
vn 0.000000 1.000000 -0.000021
vn 0.000000 1.000000 -0.000021
vn 0.000000 1.000000 -0.000021
vn 0.000000 1.000000 -0.000021
vn 0.000000 1.000000 -0.000001
vn 0.000000 1.000000 -0.000001
vn 0.000000 1.000000 -0.000001
vn 0.000000 1.000000 -0.000001
vn 0.000000 -1.000000 0.000000
vn 0.000000 -1.000000 0.000000
vn 0.000000 -1.000000 0.000000
vn 0.000000 -1.000000 0.000000
vn 0.000000 1.000000 0.000000
vn 0.000000 1.000000 0.000000
vn 0.000000 1.000000 0.000000
vn 0.000000 1.000000 0.000000
vn 0.000000 -1.000000 -0.000001
vn 0.000000 -1.000000 -0.000001
vn 0.000000 -1.000000 -0.000001
vn 0.000000 -1.000000 -0.000001
vn 0.000000 1.000000 0.000001
vn 0.000000 1.000000 0.000001
vn 0.000000 1.000000 0.000001
vn 0.000000 1.000000 0.000001
vn 0.000000 -1.000000 0.000001
vn 0.000000 -1.000000 0.000001
vn 0.000000 -1.000000 0.000001
vn 0.000000 -1.000000 0.000001
vn 0.000000 1.000000 0.000000
vn 0.000000 1.000000 0.000000
vn 0.000000 1.000000 0.000000
vn 0.000000 1.000000 0.000000
vn 0.000000 1.000000 -0.000042
vn 0.000000 1.000000 -0.000042
vn 0.000000 1.000000 -0.000042
vn 0.000000 1.000000 -0.000042
vn 0.000000 -1.000000 0.000000
vn 0.000000 -1.000000 0.000000
vn 0.000000 -1.000000 0.000000
vn 0.000000 -1.000000 0.000000
vn 0.000000 1.000000 0.000000
vn 0.000000 1.000000 0.000000
vn 0.000000 1.000000 0.000000
vn 0.000000 1.000000 0.000000
vn 0.000000 -0.994513 -0.104611
vn 0.000000 -0.994513 -0.104611
vn 0.000000 -0.994513 -0.104611
vn 0.000000 -0.994513 -0.104611
vn -0.921451 0.219909 0.320263
vn -0.921451 0.219909 0.320263
vn -0.921451 0.219909 0.320263
vn -0.921451 0.219909 0.320263
vn 0.008781 -0.994186 -0.107318
vn 0.008781 -0.994186 -0.107318
vn 0.008781 -0.994186 -0.107318
vn 0.008781 -0.994186 -0.107318
vn 0.108498 -0.986542 -0.122327
vn 0.108498 -0.986542 -0.122327
vn 0.108498 -0.986542 -0.122327
vn 0.108498 -0.986542 -0.122327
vn 0.000000 1.000000 0.000000
vn 0.000000 1.000000 0.000000
vn 0.000000 1.000000 0.000000
vn 0.000000 1.000000 0.000000
vn 0.000000 1.000000 0.000001
vn 0.000000 1.000000 0.000001
vn 0.000000 1.000000 0.000001
vn 0.000000 1.000000 0.000001
vn 0.000000 1.000000 -0.000001
vn 0.000000 1.000000 -0.000001
vn 0.000000 1.000000 -0.000001
vn 0.000000 1.000000 -0.000001
vn 0.045926 -0.117237 -0.992042
vn 0.045927 -0.117237 -0.992042
vn 0.045926 -0.117237 -0.992042
vn 0.045927 -0.117237 -0.992042
vn -0.233750 -0.972117 -0.018674
vn -0.233750 -0.972117 -0.018674
vn -0.233750 -0.972117 -0.018674
vn -0.233750 -0.972117 -0.018674
vn -0.986428 -0.017255 0.163285
vn -0.986428 -0.017255 0.163285
vn -0.986428 -0.017255 0.163285
vn -0.986428 -0.017255 0.163285
vn -0.000007 -1.000000 0.000142
vn -0.000007 -1.000000 0.000142
vn -0.000007 -1.000000 0.000142
vn -0.000007 -1.000000 0.000142
vn -0.000007 -1.000000 0.000140
vn -0.000007 -1.000000 0.000140
vn -0.000007 -1.000000 0.000140
vn -0.000007 -1.000000 0.000140
vn -0.000007 -1.000000 0.000142
vn -0.000007 -1.000000 0.000142
vn -0.000007 -1.000000 0.000142
vn -0.000007 -1.000000 0.000142
vn -0.000007 -1.000000 0.000142
vn -0.000007 -1.000000 0.000142
vn -0.000007 -1.000000 0.000142
vn -0.000007 -1.000000 0.000142
vn 0.000003 1.000000 -0.000071
vn 0.000003 1.000000 -0.000071
vn 0.000003 1.000000 -0.000071
vn 0.000003 1.000000 -0.000071
vn 0.045767 -0.140229 -0.989061
vn 0.045767 -0.140229 -0.989061
vn 0.045767 -0.140229 -0.989061
vn 0.045767 -0.140229 -0.989061
vn -0.000006 -1.000000 0.000139
vn -0.000006 -1.000000 0.000139
vn -0.000006 -1.000000 0.000139
vn -0.000006 -1.000000 0.000139
vn 0.000000 1.000000 0.000000
vn 0.000000 1.000000 0.000000
vn 0.000000 1.000000 0.000000
vn 0.000000 1.000000 0.000000
vn 0.000000 -1.000000 0.000021
vn 0.000000 -1.000000 0.000021
vn 0.000000 -1.000000 0.000021
vn 0.000000 -1.000000 0.000021
vn 0.000000 -1.000000 0.000042
vn 0.000000 -1.000000 0.000042
vn 0.000000 -1.000000 0.000042
vn 0.000000 -1.000000 0.000042
vn 0.000000 1.000000 0.000021
vn 0.000000 1.000000 0.000021
vn 0.000000 1.000000 0.000021
vn 0.000000 1.000000 0.000021
vn 0.000000 1.000000 0.000000
vn 0.000000 1.000000 0.000000
vn 0.000000 1.000000 0.000000
vn 0.000000 1.000000 0.000000
vn 0.000000 1.000000 0.000021
vn 0.000000 1.000000 0.000021
vn 0.000000 1.000000 0.000021
vn 0.000000 1.000000 0.000021
vn 0.000000 1.000000 0.000206
vn 0.000000 1.000000 0.000206
vn 0.000000 1.000000 0.000206
vn 0.000000 1.000000 0.000206
vn 0.000000 1.000000 -0.000053
vn 0.000000 1.000000 -0.000053
vn 0.000000 1.000000 -0.000053
vn 0.000000 1.000000 -0.000053
vn 0.000000 1.000000 0.000001
vn 0.000000 1.000000 0.000001
vn 0.000000 1.000000 0.000001
vn 0.000000 1.000000 0.000001
vn 0.000000 -1.000000 -0.000001
vn 0.000000 -1.000000 -0.000001
vn 0.000000 -1.000000 -0.000001
vn 0.000000 -1.000000 -0.000001
vn 0.000000 1.000000 0.000000
vn 0.000000 1.000000 0.000000
vn 0.000000 1.000000 0.000000
vn 0.000000 1.000000 0.000000
vn 0.000000 -1.000000 0.000000
vn 0.000000 -1.000000 0.000000
vn 0.000000 -1.000000 0.000000
vn 0.000000 -1.000000 0.000000
vn 0.000000 1.000000 0.000000
vn 0.000000 1.000000 0.000000
vn 0.000000 1.000000 0.000000
vn 0.000000 1.000000 0.000000
vn 0.000000 -1.000000 0.000001
vn 0.000000 -1.000000 0.000001
vn 0.000000 -1.000000 0.000001
vn 0.000000 -1.000000 0.000001
vn 0.000000 1.000000 0.000042
vn 0.000000 1.000000 0.000042
vn 0.000000 1.000000 0.000042
vn 0.000000 1.000000 0.000042
vn 0.000000 1.000000 -0.000001
vn 0.000000 1.000000 -0.000001
vn 0.000000 1.000000 -0.000001
vn 0.000000 1.000000 -0.000001
vn 0.000000 -1.000000 -0.000001
vn 0.000000 -1.000000 -0.000001
vn 0.000000 -1.000000 -0.000001
vn 0.000000 -1.000000 -0.000001
vn -0.008779 -0.994186 -0.107322
vn -0.008779 -0.994186 -0.107322
vn -0.008779 -0.994186 -0.107322
vn -0.008779 -0.994186 -0.107322
vn 0.921452 0.219910 0.320260
vn 0.921452 0.219909 0.320260
vn 0.921452 0.219909 0.320260
vn 0.921452 0.219909 0.320260
vn 0.000000 -0.994513 -0.104614
vn 0.000000 -0.994513 -0.104614
vn 0.000000 -0.994513 -0.104614
vn 0.000000 -0.994513 -0.104614
vn -0.045906 -0.116942 -0.992077
vn -0.045906 -0.116942 -0.992077
vn -0.045906 -0.116942 -0.992077
vn -0.045906 -0.116942 -0.992077
vn 0.000000 1.000000 0.000000
vn 0.000000 1.000000 0.000000
vn 0.000000 1.000000 0.000000
vn 0.000000 1.000000 0.000000
vn 0.000000 1.000000 0.000000
vn 0.000000 1.000000 0.000000
vn 0.000000 1.000000 0.000000
vn 0.000000 1.000000 0.000000
vn 0.000000 1.000000 0.000000
vn 0.000000 1.000000 0.000000
vn 0.000000 1.000000 0.000000
vn 0.000000 1.000000 0.000000
vn -0.108498 -0.986541 -0.122328
vn -0.108498 -0.986541 -0.122328
vn -0.108498 -0.986541 -0.122328
vn -0.108498 -0.986542 -0.122328
vn 0.000006 -1.000000 0.000139
vn 0.000006 -1.000000 0.000139
vn 0.000006 -1.000000 0.000139
vn 0.000006 -1.000000 0.000139
vn -0.045817 -0.139871 -0.989109
vn -0.045817 -0.139871 -0.989109
vn -0.045817 -0.139871 -0.989109
vn -0.045817 -0.139871 -0.989109
vn -0.000003 1.000000 -0.000070
vn -0.000003 1.000000 -0.000070
vn -0.000003 1.000000 -0.000070
vn -0.000003 1.000000 -0.000070
vn 0.000007 -1.000000 0.000142
vn 0.000007 -1.000000 0.000142
vn 0.000007 -1.000000 0.000142
vn 0.000007 -1.000000 0.000142
vn 0.000007 -1.000000 0.000142
vn 0.000007 -1.000000 0.000142
vn 0.000007 -1.000000 0.000142
vn 0.000007 -1.000000 0.000142
vn 0.000006 -1.000000 0.000140
vn 0.000006 -1.000000 0.000140
vn 0.000006 -1.000000 0.000140
vn 0.000006 -1.000000 0.000140
vn 0.000007 -1.000000 0.000142
vn 0.000007 -1.000000 0.000142
vn 0.000007 -1.000000 0.000142
vn 0.000007 -1.000000 0.000142
vn 0.233369 -0.972206 -0.018809
vn 0.233369 -0.972206 -0.018809
vn 0.233369 -0.972206 -0.018809
vn 0.233369 -0.972206 -0.018809
vn 0.986428 -0.017257 0.163285
vn 0.986428 -0.017257 0.163285
vn 0.986428 -0.017257 0.163285
vn 0.986428 -0.017257 0.163285
vn 0.000000 1.000000 -0.000021
vn 0.000000 1.000000 -0.000021
vn 0.000000 1.000000 -0.000021
vn 0.000000 1.000000 -0.000021
vn 0.000000 -1.000000 0.000000
vn 0.000000 -1.000000 0.000000
vn 0.000000 -1.000000 0.000000
vn 0.000000 -1.000000 0.000000
vn 0.000000 -1.000000 -0.000021
vn 0.000000 -1.000000 -0.000021
vn 0.000000 -1.000000 -0.000021
vn 0.000000 -1.000000 -0.000021
vn 0.000000 1.000000 -0.000021
vn 0.000000 1.000000 -0.000021
vn 0.000000 1.000000 -0.000021
vn 0.000000 1.000000 -0.000021
vn 0.000000 -1.000000 -0.000021
vn 0.000000 -1.000000 -0.000021
vn 0.000000 -1.000000 -0.000021
vn 0.000000 -1.000000 -0.000021
vn 0.000000 1.000000 0.000000
vn 0.000000 1.000000 0.000000
vn 0.000000 1.000000 0.000000
vn 0.000000 1.000000 0.000000
vn 0.000000 1.000000 0.000021
vn 0.000000 1.000000 0.000021
vn 0.000000 1.000000 0.000021
vn 0.000000 1.000000 0.000021
vn 0.000000 1.000000 0.000001
vn 0.000000 1.000000 0.000001
vn 0.000000 1.000000 0.000001
vn 0.000000 1.000000 0.000001
vn 0.000000 -1.000000 0.000021
vn 0.000000 -1.000000 0.000021
vn 0.000000 -1.000000 0.000021
vn 0.000000 -1.000000 0.000021
vn 0.000000 1.000000 0.000021
vn 0.000000 1.000000 0.000021
vn 0.000000 1.000000 0.000021
vn 0.000000 1.000000 0.000021
vn 0.000000 -1.000000 0.000021
vn 0.000000 -1.000000 0.000021
vn 0.000000 -1.000000 0.000021
vn 0.000000 -1.000000 0.000021
vn 0.000000 -1.000000 0.000000
vn 0.000000 -1.000000 0.000000
vn 0.000000 -1.000000 0.000000
vn 0.000000 -1.000000 0.000000
vn 0.000000 1.000000 0.000000
vn 0.000000 1.000000 0.000000
vn 0.000000 1.000000 0.000000
vn 0.000000 1.000000 0.000000
vn -0.044475 0.272136 0.961230
vn -0.044475 0.272136 0.961230
vn -0.044475 0.272136 0.961230
vn -0.044475 0.272136 0.961230
vn 0.000000 1.000000 0.000000
vn 0.000000 1.000000 0.000000
vn 0.000000 1.000000 0.000000
vn 0.000000 1.000000 0.000000
vn 0.000000 1.000000 0.000000
vn 0.000000 1.000000 0.000000
vn 0.000000 1.000000 0.000000
vn 0.000000 1.000000 0.000000
vn 0.043581 -0.333059 -0.941898
vn 0.043581 -0.333059 -0.941898
vn 0.043581 -0.333059 -0.941898
vn 0.043581 -0.333059 -0.941898
vn -0.000007 -1.000000 0.000142
vn -0.000007 -1.000000 0.000142
vn -0.000007 -1.000000 0.000142
vn -0.000007 -1.000000 0.000142
vn -0.044476 0.272120 0.961235
vn -0.044476 0.272120 0.961235
vn -0.044476 0.272120 0.961235
vn -0.044476 0.272120 0.961235
vn -0.000007 -1.000000 0.000142
vn -0.000007 -1.000000 0.000142
vn -0.000007 -1.000000 0.000142
vn -0.000007 -1.000000 0.000142
vn 0.043604 -0.333066 -0.941895
vn 0.043604 -0.333066 -0.941895
vn 0.043604 -0.333066 -0.941895
vn 0.043604 -0.333066 -0.941895
vn 0.043601 -0.333068 -0.941894
vn 0.043601 -0.333068 -0.941894
vn 0.043601 -0.333068 -0.941894
vn 0.043601 -0.333068 -0.941894
vn -0.000010 -1.000000 0.000213
vn -0.000010 -1.000000 0.000213
vn -0.000010 -1.000000 0.000213
vn -0.000010 -1.000000 0.000213
vn -0.043918 0.313184 0.948676
vn -0.043918 0.313184 0.948676
vn -0.043918 0.313184 0.948676
vn -0.043918 0.313184 0.948676
vn -0.043592 -0.332330 -0.942155
vn -0.043592 -0.332330 -0.942155
vn -0.043592 -0.332330 -0.942155
vn -0.043592 -0.332330 -0.942155
vn 0.000000 1.000000 0.000001
vn 0.000000 1.000000 0.000001
vn 0.000000 1.000000 0.000001
vn 0.000000 1.000000 0.000001
vn 0.000000 1.000000 -0.000001
vn 0.000000 1.000000 -0.000001
vn 0.000000 1.000000 -0.000001
vn 0.000000 1.000000 -0.000001
vn 0.000000 1.000000 0.000001
vn 0.000000 1.000000 0.000001
vn 0.000000 1.000000 0.000001
vn 0.000000 1.000000 0.000001
vn 0.044507 0.271510 0.961406
vn 0.044507 0.271510 0.961406
vn 0.044507 0.271510 0.961406
vn 0.044507 0.271510 0.961406
vn -0.043593 -0.332318 -0.942160
vn -0.043593 -0.332318 -0.942160
vn -0.043593 -0.332318 -0.942160
vn -0.043593 -0.332318 -0.942160
vn 0.000007 -1.000000 0.000142
vn 0.000007 -1.000000 0.000142
vn 0.000007 -1.000000 0.000142
vn 0.000007 -1.000000 0.000142
vn 0.000007 -1.000000 0.000142
vn 0.000007 -1.000000 0.000142
vn 0.000007 -1.000000 0.000142
vn 0.000007 -1.000000 0.000142
vn 0.044507 0.271493 0.961411
vn 0.044507 0.271493 0.961411
vn 0.044507 0.271493 0.961411
vn 0.044507 0.271494 0.961411
vn 0.000010 -1.000000 0.000213
vn 0.000010 -1.000000 0.000213
vn 0.000010 -1.000000 0.000213
vn 0.000010 -1.000000 0.000213
vn -0.043590 -0.332331 -0.942155
vn -0.043590 -0.332331 -0.942155
vn -0.043590 -0.332331 -0.942155
vn -0.043590 -0.332331 -0.942155
vn 0.043928 0.312476 0.948910
vn 0.043928 0.312476 0.948910
vn 0.043928 0.312476 0.948910
vn 0.043928 0.312476 0.948910
vn 0.000017 1.000000 -0.000359
vn 0.000017 1.000000 -0.000359
vn 0.000017 1.000000 -0.000359
vn 0.000017 1.000000 -0.000359
vn -0.046185 0.047205 0.997817
vn -0.046185 0.047205 0.997817
vn -0.046185 0.047205 0.997817
vn -0.046185 0.047205 0.997817
vn 0.000017 1.000000 -0.000361
vn 0.000017 1.000000 -0.000361
vn 0.000017 1.000000 -0.000361
vn 0.000017 1.000000 -0.000361
vn 0.000017 1.000000 -0.000361
vn 0.000017 1.000000 -0.000361
vn 0.000017 1.000000 -0.000361
vn 0.000017 1.000000 -0.000361
vn 0.000017 1.000000 -0.000361
vn 0.000017 1.000000 -0.000361
vn 0.000017 1.000000 -0.000361
vn 0.000017 1.000000 -0.000361
vn 0.000017 1.000000 -0.000360
vn 0.000017 1.000000 -0.000360
vn 0.000017 1.000000 -0.000360
vn 0.000017 1.000000 -0.000360
vn 0.000017 1.000000 -0.000362
vn 0.000017 1.000000 -0.000362
vn 0.000017 1.000000 -0.000362
vn 0.000017 1.000000 -0.000362
vn 0.045440 -0.185448 -0.981603
vn 0.045440 -0.185448 -0.981603
vn 0.045440 -0.185448 -0.981603
vn 0.045440 -0.185448 -0.981603
vn -0.046174 0.047199 0.997818
vn -0.046174 0.047199 0.997818
vn -0.046174 0.047199 0.997818
vn -0.046174 0.047199 0.997818
vn 0.045440 -0.185462 -0.981600
vn 0.045440 -0.185462 -0.981600
vn 0.045440 -0.185462 -0.981600
vn 0.045440 -0.185462 -0.981600
vn -0.046185 0.047198 0.997817
vn -0.046185 0.047198 0.997817
vn -0.046185 0.047198 0.997817
vn -0.046185 0.047198 0.997817
vn 0.045419 -0.185456 -0.981602
vn 0.045419 -0.185456 -0.981602
vn 0.045419 -0.185456 -0.981602
vn 0.045419 -0.185456 -0.981602
vn -0.046196 0.047203 0.997817
vn -0.046196 0.047203 0.997817
vn -0.046196 0.047203 0.997817
vn -0.046196 0.047203 0.997817
vn 0.045414 -0.185443 -0.981605
vn 0.045414 -0.185443 -0.981605
vn 0.045414 -0.185443 -0.981605
vn 0.045414 -0.185443 -0.981605
vn -0.046164 0.047202 0.997818
vn -0.046164 0.047202 0.997818
vn -0.046164 0.047202 0.997818
vn -0.046164 0.047202 0.997818
vn 0.045418 -0.185468 -0.981600
vn 0.045418 -0.185468 -0.981600
vn 0.045418 -0.185468 -0.981600
vn 0.045418 -0.185468 -0.981600
vn -0.046164 0.047202 0.997818
vn -0.046164 0.047202 0.997818
vn -0.046164 0.047202 0.997818
vn -0.046164 0.047202 0.997818
vn 0.045444 -0.185448 -0.981603
vn 0.045444 -0.185447 -0.981603
vn 0.045444 -0.185448 -0.981603
vn 0.045444 -0.185447 -0.981603
vn -0.046174 0.047205 0.997817
vn -0.046174 0.047205 0.997817
vn -0.046174 0.047205 0.997817
vn -0.046174 0.047205 0.997817
vn 0.045445 -0.185462 -0.981600
vn 0.045445 -0.185462 -0.981600
vn 0.045445 -0.185462 -0.981600
vn 0.045445 -0.185462 -0.981600
vn -0.046185 0.047198 0.997817
vn -0.046185 0.047198 0.997817
vn -0.046185 0.047198 0.997817
vn -0.046185 0.047198 0.997817
vn 0.045419 -0.185443 -0.981605
vn 0.045419 -0.185443 -0.981605
vn 0.045419 -0.185443 -0.981605
vn 0.045419 -0.185443 -0.981605
vn -0.046197 0.047203 0.997817
vn -0.046197 0.047203 0.997817
vn -0.046197 0.047203 0.997817
vn -0.046197 0.047203 0.997817
vn 0.045418 -0.185454 -0.981603
vn 0.045418 -0.185454 -0.981603
vn 0.045418 -0.185454 -0.981603
vn 0.045418 -0.185454 -0.981603
vn -0.000054 -0.999999 0.001162
vn -0.000054 -0.999999 0.001162
vn -0.000054 -0.999999 0.001162
vn -0.000054 -0.999999 0.001162
vn -0.046175 0.047198 0.997818
vn -0.046175 0.047198 0.997818
vn -0.046175 0.047198 0.997818
vn -0.046175 0.047198 0.997818
vn -0.000054 -0.999999 0.001162
vn -0.000054 -0.999999 0.001162
vn -0.000054 -0.999999 0.001162
vn -0.000054 -0.999999 0.001162
vn -0.000054 -0.999999 0.001157
vn -0.000054 -0.999999 0.001157
vn -0.000054 -0.999999 0.001157
vn -0.000054 -0.999999 0.001157
vn -0.000054 -0.999999 0.001162
vn -0.000054 -0.999999 0.001162
vn -0.000054 -0.999999 0.001162
vn -0.000054 -0.999999 0.001162
vn -0.000054 -0.999999 0.001162
vn -0.000054 -0.999999 0.001162
vn -0.000054 -0.999999 0.001162
vn -0.000054 -0.999999 0.001162
vn 0.045440 -0.185462 -0.981600
vn 0.045440 -0.185461 -0.981600
vn 0.045440 -0.185461 -0.981600
vn 0.045440 -0.185461 -0.981600
vn -0.000054 -0.999999 0.001161
vn -0.000054 -0.999999 0.001161
vn -0.000054 -0.999999 0.001161
vn -0.000054 -0.999999 0.001161
vn 0.000017 1.000000 -0.000361
vn 0.000017 1.000000 -0.000361
vn 0.000017 1.000000 -0.000361
vn 0.000017 1.000000 -0.000361
vn -0.045009 0.229498 0.972268
vn -0.045009 0.229498 0.972268
vn -0.045009 0.229498 0.972268
vn -0.045009 0.229498 0.972268
vn 0.000017 1.000000 -0.000359
vn 0.000017 1.000000 -0.000359
vn 0.000017 1.000000 -0.000359
vn 0.000017 1.000000 -0.000359
vn 0.000017 1.000000 -0.000362
vn 0.000017 1.000000 -0.000362
vn 0.000017 1.000000 -0.000362
vn 0.000017 1.000000 -0.000362
vn 0.000017 1.000000 -0.000361
vn 0.000017 1.000000 -0.000361
vn 0.000017 1.000000 -0.000361
vn 0.000017 1.000000 -0.000361
vn 0.000017 1.000000 -0.000361
vn 0.000017 1.000000 -0.000361
vn 0.000017 1.000000 -0.000361
vn 0.000017 1.000000 -0.000361
vn 0.043604 -0.333054 -0.941899
vn 0.043604 -0.333054 -0.941899
vn 0.043604 -0.333054 -0.941899
vn 0.043604 -0.333054 -0.941899
vn -0.044986 0.229506 0.972267
vn -0.044986 0.229506 0.972267
vn -0.044986 0.229506 0.972267
vn -0.044986 0.229506 0.972267
vn 0.043603 -0.333078 -0.941891
vn 0.043603 -0.333078 -0.941891
vn 0.043603 -0.333078 -0.941891
vn 0.043603 -0.333078 -0.941891
vn -0.044988 0.229490 0.972271
vn -0.044988 0.229490 0.972271
vn -0.044988 0.229490 0.972271
vn -0.044988 0.229490 0.972271
vn 0.043558 -0.333064 -0.941898
vn 0.043558 -0.333064 -0.941898
vn 0.043558 -0.333064 -0.941898
vn 0.043558 -0.333064 -0.941898
vn -0.044988 0.229505 0.972267
vn -0.044988 0.229505 0.972267
vn -0.044988 0.229505 0.972267
vn -0.044988 0.229505 0.972267
vn 0.043559 -0.333070 -0.941896
vn 0.043559 -0.333070 -0.941896
vn 0.043559 -0.333070 -0.941896
vn 0.043559 -0.333070 -0.941896
vn -0.045011 0.229482 0.972272
vn -0.045011 0.229482 0.972272
vn -0.045011 0.229482 0.972272
vn -0.045011 0.229482 0.972272
vn 0.043580 -0.333060 -0.941898
vn 0.043580 -0.333060 -0.941898
vn 0.043580 -0.333060 -0.941898
vn 0.043580 -0.333060 -0.941898
vn -0.045009 0.229500 0.972268
vn -0.045009 0.229500 0.972268
vn -0.045009 0.229500 0.972268
vn -0.045009 0.229500 0.972267
vn 0.043604 -0.333080 -0.941890
vn 0.043604 -0.333080 -0.941890
vn 0.043604 -0.333080 -0.941890
vn 0.043604 -0.333080 -0.941890
vn -0.044986 0.229493 0.972270
vn -0.044986 0.229493 0.972270
vn -0.044986 0.229493 0.972270
vn -0.044986 0.229493 0.972270
vn 0.043604 -0.333066 -0.941895
vn 0.043604 -0.333066 -0.941895
vn 0.043604 -0.333066 -0.941895
vn 0.043604 -0.333066 -0.941895
vn -0.044985 0.229503 0.972268
vn -0.044985 0.229504 0.972268
vn -0.044985 0.229503 0.972268
vn -0.044985 0.229504 0.972268
vn 0.043581 -0.333060 -0.941898
vn 0.043581 -0.333060 -0.941898
vn 0.043581 -0.333060 -0.941898
vn 0.043581 -0.333060 -0.941898
vn -0.044986 0.229492 0.972270
vn -0.044986 0.229492 0.972270
vn -0.044986 0.229492 0.972270
vn -0.044986 0.229492 0.972270
vn 0.043581 -0.333073 -0.941893
vn 0.043581 -0.333073 -0.941893
vn 0.043581 -0.333073 -0.941893
vn 0.043581 -0.333073 -0.941893
vn -0.000054 -0.999999 0.001157
vn -0.000054 -0.999999 0.001157
vn -0.000054 -0.999999 0.001157
vn -0.000054 -0.999999 0.001157
vn -0.044985 0.229503 0.972268
vn -0.044985 0.229503 0.972268
vn -0.044985 0.229503 0.972268
vn -0.044985 0.229503 0.972268
vn -0.000054 -0.999999 0.001157
vn -0.000054 -0.999999 0.001157
vn -0.000054 -0.999999 0.001157
vn -0.000054 -0.999999 0.001157
vn -0.000054 -0.999999 0.001166
vn -0.000054 -0.999999 0.001166
vn -0.000054 -0.999999 0.001166
vn -0.000054 -0.999999 0.001166
vn -0.000054 -0.999999 0.001162
vn -0.000054 -0.999999 0.001162
vn -0.000054 -0.999999 0.001162
vn -0.000054 -0.999999 0.001162
vn 0.043580 -0.333061 -0.941898
vn 0.043580 -0.333061 -0.941898
vn 0.043580 -0.333061 -0.941898
vn 0.043580 -0.333061 -0.941898
vn -0.000054 -0.999999 0.001156
vn -0.000054 -0.999999 0.001156
vn -0.000054 -0.999999 0.001156
vn -0.000054 -0.999999 0.001156
vn -0.043593 -0.332305 -0.942164
vn -0.043593 -0.332305 -0.942164
vn -0.043593 -0.332305 -0.942164
vn -0.043593 -0.332305 -0.942164
vn -0.000017 1.000000 -0.000361
vn -0.000017 1.000000 -0.000361
vn -0.000017 1.000000 -0.000361
vn -0.000017 1.000000 -0.000361
vn -0.000017 1.000000 -0.000361
vn -0.000017 1.000000 -0.000361
vn -0.000017 1.000000 -0.000361
vn -0.000017 1.000000 -0.000361
vn -0.000017 1.000000 -0.000361
vn -0.000017 1.000000 -0.000361
vn -0.000017 1.000000 -0.000361
vn -0.000017 1.000000 -0.000361
vn -0.000017 1.000000 -0.000359
vn -0.000017 1.000000 -0.000359
vn -0.000017 1.000000 -0.000359
vn -0.000017 1.000000 -0.000359
vn -0.000017 1.000000 -0.000361
vn -0.000017 1.000000 -0.000361
vn -0.000017 1.000000 -0.000361
vn -0.000017 1.000000 -0.000361
vn 0.044991 0.228946 0.972399
vn 0.044991 0.228946 0.972399
vn 0.044991 0.228946 0.972399
vn 0.044991 0.228946 0.972399
vn -0.043615 -0.332334 -0.942153
vn -0.043615 -0.332334 -0.942153
vn -0.043615 -0.332334 -0.942153
vn -0.043615 -0.332334 -0.942153
vn 0.044991 0.228961 0.972395
vn 0.044991 0.228961 0.972395
vn 0.044991 0.228961 0.972395
vn 0.044991 0.228961 0.972395
vn -0.043615 -0.332322 -0.942157
vn -0.043615 -0.332322 -0.942157
vn -0.043615 -0.332322 -0.942157
vn -0.043615 -0.332322 -0.942157
vn 0.044990 0.228945 0.972399
vn 0.044990 0.228945 0.972399
vn 0.044990 0.228945 0.972399
vn 0.044990 0.228945 0.972399
vn -0.043593 -0.332318 -0.942159
vn -0.043593 -0.332318 -0.942159
vn -0.043593 -0.332318 -0.942159
vn -0.043593 -0.332318 -0.942159
vn 0.045015 0.228954 0.972396
vn 0.045015 0.228954 0.972396
vn 0.045015 0.228954 0.972396
vn 0.045015 0.228954 0.972396
vn -0.043592 -0.332328 -0.942156
vn -0.043592 -0.332328 -0.942156
vn -0.043592 -0.332328 -0.942156
vn -0.043592 -0.332328 -0.942156
vn 0.045038 0.228944 0.972397
vn 0.045038 0.228944 0.972397
vn 0.045038 0.228944 0.972397
vn 0.045038 0.228944 0.972397
vn -0.043614 -0.332324 -0.942156
vn -0.043614 -0.332324 -0.942156
vn -0.043614 -0.332324 -0.942156
vn -0.043614 -0.332324 -0.942156
vn 0.045038 0.228961 0.972393
vn 0.045038 0.228961 0.972393
vn 0.045038 0.228961 0.972393
vn 0.045038 0.228961 0.972393
vn -0.043614 -0.332334 -0.942153
vn -0.043614 -0.332334 -0.942153
vn -0.043614 -0.332334 -0.942153
vn -0.043614 -0.332334 -0.942153
vn 0.045015 0.228942 0.972399
vn 0.045015 0.228942 0.972399
vn 0.045015 0.228942 0.972399
vn 0.045015 0.228942 0.972399
vn -0.043615 -0.332310 -0.942161
vn -0.043615 -0.332310 -0.942161
vn -0.043615 -0.332310 -0.942161
vn -0.043615 -0.332310 -0.942161
vn 0.045017 0.228963 0.972394
vn 0.045017 0.228963 0.972394
vn 0.045017 0.228963 0.972394
vn 0.045017 0.228963 0.972394
vn -0.043616 -0.332336 -0.942152
vn -0.043616 -0.332336 -0.942152
vn -0.043616 -0.332336 -0.942152
vn -0.043616 -0.332336 -0.942152
vn 0.045015 0.228941 0.972399
vn 0.045015 0.228941 0.972399
vn 0.045015 0.228941 0.972399
vn 0.045015 0.228941 0.972399
vn 0.000054 -0.999999 0.001156
vn 0.000054 -0.999999 0.001156
vn 0.000054 -0.999999 0.001156
vn 0.000054 -0.999999 0.001156
vn -0.043592 -0.332319 -0.942159
vn -0.043592 -0.332319 -0.942159
vn -0.043592 -0.332319 -0.942159
vn -0.043592 -0.332319 -0.942159
vn 0.000054 -0.999999 0.001161
vn 0.000054 -0.999999 0.001161
vn 0.000054 -0.999999 0.001161
vn 0.000054 -0.999999 0.001161
vn 0.000054 -0.999999 0.001165
vn 0.000054 -0.999999 0.001165
vn 0.000054 -0.999999 0.001165
vn 0.000054 -0.999999 0.001165
vn 0.000054 -0.999999 0.001156
vn 0.000054 -0.999999 0.001156
vn 0.000054 -0.999999 0.001156
vn 0.000054 -0.999999 0.001156
vn 0.000054 -0.999999 0.001157
vn 0.000054 -0.999999 0.001157
vn 0.000054 -0.999999 0.001157
vn 0.000054 -0.999999 0.001157
vn 0.044994 0.228958 0.972396
vn 0.044994 0.228958 0.972396
vn 0.044994 0.228958 0.972396
vn 0.044994 0.228958 0.972396
vn -0.045423 -0.185007 -0.981687
vn -0.045423 -0.185007 -0.981687
vn -0.045423 -0.185007 -0.981687
vn -0.045423 -0.185007 -0.981687
vn -0.000017 1.000000 -0.000363
vn -0.000017 1.000000 -0.000363
vn -0.000017 1.000000 -0.000363
vn -0.000017 1.000000 -0.000363
vn -0.000017 1.000000 -0.000360
vn -0.000017 1.000000 -0.000360
vn -0.000017 1.000000 -0.000360
vn -0.000017 1.000000 -0.000360
vn -0.000017 1.000000 -0.000361
vn -0.000017 1.000000 -0.000361
vn -0.000017 1.000000 -0.000361
vn -0.000017 1.000000 -0.000361
vn -0.000017 1.000000 -0.000361
vn -0.000017 1.000000 -0.000361
vn -0.000017 1.000000 -0.000361
vn -0.000017 1.000000 -0.000361
vn -0.000017 1.000000 -0.000361
vn -0.000017 1.000000 -0.000361
vn -0.000017 1.000000 -0.000361
vn -0.000017 1.000000 -0.000361
vn -0.000017 1.000000 -0.000360
vn -0.000017 1.000000 -0.000360
vn -0.000017 1.000000 -0.000360
vn -0.000017 1.000000 -0.000360
vn 0.046174 0.047084 0.997823
vn 0.046174 0.047084 0.997823
vn 0.046174 0.047084 0.997823
vn 0.046174 0.047084 0.997823
vn -0.045423 -0.185006 -0.981687
vn -0.045423 -0.185006 -0.981687
vn -0.045423 -0.185006 -0.981687
vn -0.045423 -0.185006 -0.981687
vn 0.046175 0.047081 0.997823
vn 0.046175 0.047081 0.997823
vn 0.046175 0.047081 0.997823
vn 0.046175 0.047081 0.997823
vn -0.045423 -0.185007 -0.981687
vn -0.045423 -0.185007 -0.981687
vn -0.045423 -0.185007 -0.981687
vn -0.045423 -0.185007 -0.981687
vn 0.046185 0.047087 0.997823
vn 0.046185 0.047087 0.997823
vn 0.046185 0.047087 0.997823
vn 0.046185 0.047087 0.997823
vn -0.045422 -0.184994 -0.981689
vn -0.045422 -0.184994 -0.981689
vn -0.045422 -0.184994 -0.981689
vn -0.045422 -0.184994 -0.981689
vn 0.046175 0.047081 0.997823
vn 0.046175 0.047081 0.997823
vn 0.046175 0.047081 0.997823
vn 0.046175 0.047081 0.997823
vn -0.045422 -0.185020 -0.981685
vn -0.045422 -0.185020 -0.981685
vn -0.045422 -0.185020 -0.981685
vn -0.045422 -0.185020 -0.981685
vn 0.046175 0.047081 0.997823
vn 0.046175 0.047081 0.997823
vn 0.046175 0.047081 0.997823
vn 0.046175 0.047081 0.997823
vn -0.045423 -0.184993 -0.981690
vn -0.045423 -0.184993 -0.981690
vn -0.045423 -0.184993 -0.981690
vn -0.045423 -0.184993 -0.981690
vn 0.046153 0.047087 0.997824
vn 0.046153 0.047087 0.997824
vn 0.046153 0.047087 0.997824
vn 0.046153 0.047087 0.997824
vn -0.045417 -0.185019 -0.981685
vn -0.045417 -0.185019 -0.981685
vn -0.045417 -0.185019 -0.981685
vn -0.045417 -0.185019 -0.981685
vn 0.046153 0.047081 0.997824
vn 0.046153 0.047081 0.997824
vn 0.046153 0.047081 0.997824
vn 0.046153 0.047081 0.997824
vn -0.045450 -0.185000 -0.981687
vn -0.045450 -0.185000 -0.981687
vn -0.045450 -0.185000 -0.981687
vn -0.045450 -0.185000 -0.981687
vn 0.046175 0.047084 0.997823
vn 0.046175 0.047084 0.997823
vn 0.046175 0.047084 0.997823
vn 0.046175 0.047084 0.997823
vn -0.045444 -0.184999 -0.981687
vn -0.045444 -0.184999 -0.981687
vn -0.045444 -0.184999 -0.981687
vn -0.045444 -0.184999 -0.981687
vn 0.046176 0.047085 0.997823
vn 0.046176 0.047085 0.997823
vn 0.046176 0.047085 0.997823
vn 0.046176 0.047085 0.997823
vn 0.000054 -0.999999 0.001161
vn 0.000054 -0.999999 0.001161
vn 0.000054 -0.999999 0.001161
vn 0.000054 -0.999999 0.001161
vn -0.045423 -0.185008 -0.981687
vn -0.045423 -0.185008 -0.981687
vn -0.045423 -0.185008 -0.981687
vn -0.045423 -0.185008 -0.981687
vn 0.000054 -0.999999 0.001161
vn 0.000054 -0.999999 0.001161
vn 0.000054 -0.999999 0.001161
vn 0.000054 -0.999999 0.001161
vn 0.000054 -0.999999 0.001161
vn 0.000054 -0.999999 0.001161
vn 0.000054 -0.999999 0.001161
vn 0.000054 -0.999999 0.001161
vn 0.000054 -0.999999 0.001156
vn 0.000054 -0.999999 0.001156
vn 0.000054 -0.999999 0.001156
vn 0.000054 -0.999999 0.001156
vn 0.000054 -0.999999 0.001161
vn 0.000054 -0.999999 0.001161
vn 0.000054 -0.999999 0.001161
vn 0.000054 -0.999999 0.001161
vn 0.000054 -0.999999 0.001161
vn 0.000054 -0.999999 0.001161
vn 0.000054 -0.999999 0.001161
vn 0.000054 -0.999999 0.001161
vn 0.046175 0.047080 0.997823
vn 0.046175 0.047080 0.997823
vn 0.046175 0.047080 0.997823
vn 0.046175 0.047080 0.997823
vn -1.000000 -0.000001 -0.000001
vn -1.000000 0.000000 0.000000
vn -1.000000 0.000000 0.000000
vn -1.000000 -0.000001 -0.000001
vn 0.000001 0.979976 0.199116
vn 0.000000 0.979976 0.199116
vn 0.000000 0.979976 0.199116
vn 0.000001 0.979976 0.199116
vn -0.000000 0.979976 0.199117
vn -0.000000 0.979976 0.199117
vn 0.000001 0.979976 0.199117
vn 0.000001 0.979976 0.199117
vn -0.000000 0.979976 0.199116
vn -0.000000 0.979976 0.199116
vn -0.000001 0.979976 0.199116
vn -0.000001 0.979976 0.199116
vn -0.000000 0.979976 0.199117
vn -0.000000 0.979976 0.199117
vn -0.000000 0.979976 0.199117
vn -0.000000 0.979976 0.199117
vn 0.000001 0.979976 0.199117
vn 0.000001 0.979976 0.199117
vn 1.000000 -0.000002 -0.000007
vn 1.000000 0.000002 -0.000006
vn 1.000000 0.000002 -0.000006
vn 1.000000 -0.000002 -0.000007
vn 0.000001 0.979976 0.199118
vn 0.000001 0.979976 0.199118
vn -1.000000 -0.000001 -0.000003
vn -1.000000 -0.000001 -0.000003
vn 1.000000 0.000003 -0.000007
vn 1.000000 0.000003 -0.000007
vn -1.000000 0.000002 -0.000003
vn -1.000000 0.000002 -0.000003
vn 1.000000 0.000002 -0.000008
vn 1.000000 0.000002 -0.000008
vn -1.000000 0.000002 -0.000001
vn -1.000000 0.000002 -0.000001
vn 1.000000 0.000000 -0.000007
vn 1.000000 -0.000000 -0.000007
vn -1.000000 0.000000 0.000000
vn -1.000000 0.000000 0.000000
vn 1.000000 -0.000001 -0.000005
vn 1.000000 -0.000001 -0.000005
vn -1.000000 -0.000001 -0.000001
vn -1.000000 -0.000001 -0.000001
vn 1.000000 0.000002 -0.000005
vn 1.000000 0.000002 -0.000005
vn -1.000000 0.000000 -0.000002
vn -1.000000 0.000000 -0.000002
vn 1.000000 0.000002 -0.000006
vn 1.000000 0.000002 -0.000006
vn -1.000000 0.000002 -0.000001
vn -1.000000 0.000002 -0.000001
vn 1.000000 0.000002 -0.000006
vn 1.000000 0.000002 -0.000006
vn -1.000000 -0.000003 -0.000001
vn -1.000000 -0.000003 -0.000001
vn 1.000000 0.000003 -0.000007
vn 1.000000 0.000003 -0.000007
vn -1.000000 -0.000001 -0.000001
vn -1.000000 -0.000001 -0.000001
vn 1.000000 0.000002 -0.000008
vn 1.000000 0.000002 -0.000008
vn -1.000000 0.000003 -0.000001
vn -1.000000 0.000003 -0.000001
vn 1.000000 0.000002 -0.000008
vn 1.000000 0.000002 -0.000008
vn -1.000000 0.000002 -0.000001
vn -1.000000 0.000002 -0.000001
vn 1.000000 0.000000 -0.000007
vn 1.000000 -0.000000 -0.000007
vn 0.000000 -0.979976 -0.199118
vn 0.000000 -0.979976 -0.199118
vn 0.000000 -0.979976 -0.199118
vn 0.000000 -0.979976 -0.199118
vn -1.000000 0.000000 0.000000
vn -1.000000 0.000000 0.000000
vn 0.000000 -0.979976 -0.199117
vn 0.000000 -0.979976 -0.199117
vn -0.000001 -0.979976 -0.199116
vn -0.000001 -0.979976 -0.199116
vn 0.000001 -0.979976 -0.199117
vn 0.000001 -0.979976 -0.199117
vn 0.000001 -0.979976 -0.199116
vn 0.000001 -0.979976 -0.199116
vn -0.000000 -0.979976 -0.199116
vn -0.000000 -0.979976 -0.199116
vn -0.000000 -0.979976 -0.199115
vn 0.000000 -0.979976 -0.199115
vn -0.000001 -0.979976 -0.199116
vn -0.000001 -0.979976 -0.199116
vn 1.000000 -0.000002 -0.000007
vn 1.000000 -0.000002 -0.000007
vn -0.000002 -0.979976 -0.199118
vn -0.000002 -0.979976 -0.199118
vn 0.000000 0.000000 -1.000000
vn 0.000000 0.000000 -1.000000
vn 0.000000 -0.008774 -0.999962
vn 0.000000 -0.008774 -0.999962
vn 0.000000 -1.000000 0.000000
vn 0.000000 -1.000000 0.000000
vn 0.000000 -1.000000 0.000000
vn 0.000000 -1.000000 0.000000
vn 0.280836 0.956832 0.074863
vn 0.335849 0.939052 0.073389
vn 0.335680 0.939800 0.063995
vn 0.280923 0.957513 0.065201
vn 0.000001 -0.902442 0.430811
vn 0.000001 -0.902441 0.430813
vn 0.000000 -0.999411 0.034313
vn 0.000000 -0.999413 0.034257
vn -0.000000 -0.999985 -0.005512
vn -0.000000 -0.999985 -0.005512
vn 0.280502 0.954823 0.098137
vn 0.335938 0.936991 0.095883
vn 0.000000 -0.681057 0.732230
vn 0.000000 -0.681057 0.732231
vn 0.000000 -0.706110 0.708102
vn 0.000000 -0.706110 0.708102
vn 0.280294 0.959807 0.014315
vn 0.280820 0.958105 0.056352
vn 0.335502 0.940422 0.055189
vn 0.334274 0.942387 0.012999
vn 0.000000 0.999997 -0.002537
vn 0.000000 0.999997 -0.002537
vn 0.000000 0.999997 -0.002537
vn 0.000000 0.999997 -0.002537
vn 0.000005 -0.999939 0.011060
vn 0.000005 -0.999939 0.011060
vn 0.000005 -0.999971 0.007576
vn 0.000005 -0.999971 0.007576
vn 0.000003 -1.000000 -0.000006
vn 0.000003 -1.000000 -0.000006
vn 0.332730 0.942731 -0.023432
vn 0.332730 0.942731 -0.023432
vn 0.208968 0.972103 -0.106526
vn 0.223351 0.969884 -0.097158
vn 0.133585 0.978926 -0.154465
vn 0.133585 0.978926 -0.154465
vn 0.001804 -0.999256 0.038518
vn 0.001416 -0.998976 0.045231
vn 0.001416 -0.998976 0.045231
vn 0.001778 -0.999239 0.038967
vn 0.273668 0.947190 0.167146
vn 0.320244 0.937295 0.137560
vn 0.260576 0.956938 0.127942
vn 0.287616 0.956433 0.050118
vn -0.000000 0.999997 -0.002539
vn -0.000000 0.999997 -0.002539
vn -0.000000 0.999997 -0.002537
vn -0.000000 0.999997 -0.002537
vn 0.000000 -0.999466 -0.032686
vn 0.000000 -0.999466 -0.032686
vn 0.000000 -0.806901 -0.590687
vn 0.000000 -0.806902 -0.590685
vn -0.000000 0.999997 -0.002508
vn -0.000000 0.999997 -0.002508
vn -0.000000 0.999997 -0.002278
vn -0.000000 0.999997 -0.002278
vn 0.000001 -0.726088 0.687602
vn 0.000000 -0.726089 0.687601
vn 0.000000 -0.995895 0.090520
vn 0.000000 -0.995895 0.090520
vn -0.000000 0.999997 -0.002275
vn -0.000000 0.999997 -0.002275
vn 0.000000 0.999997 -0.002275
vn 0.000000 0.999997 -0.002275
vn 0.000000 -0.999779 0.021017
vn 0.000000 -0.999779 0.021017
vn 0.000000 -0.999779 0.021017
vn 0.000000 -0.999779 0.021017
vn -0.000000 0.999997 -0.002274
vn -0.000000 0.999997 -0.002274
vn 0.000000 -0.618721 0.785611
vn 0.000001 -0.618721 0.785611
vn 0.000001 -0.626582 0.779355
vn 0.000001 -0.626583 0.779355
vn -0.000000 0.999997 -0.002539
vn -0.000000 0.999997 -0.002539
vn -0.000000 0.999997 -0.002540
vn -0.000000 0.999997 -0.002540
vn 0.000000 -0.546840 -0.837237
vn -0.000001 -0.546840 -0.837237
vn -0.000002 -0.569887 -0.821723
vn -0.000000 -0.569888 -0.821723
vn -0.000000 0.999997 -0.002537
vn -0.000000 0.999997 -0.002537
vn 0.000000 -0.569652 -0.821886
vn 0.000000 -0.569651 -0.821886
vn 0.991577 0.102867 0.078700
vn 0.992743 0.101975 0.063739
vn 0.998941 0.023182 0.039750
vn 0.998289 0.024041 0.053302
vn 0.991162 0.132634 -0.002374
vn 0.991159 0.132668 -0.001481
vn 0.991368 0.131101 -0.001679
vn 0.991367 0.131107 -0.001543
vn 0.983275 0.181784 -0.011222
vn 0.982405 0.182084 -0.041534
vn 0.989578 0.142917 -0.017613
vn 0.989749 0.142723 -0.005232
vn 0.960452 0.278429 0.003139
vn 0.960212 0.278676 -0.018244
vn 0.942101 0.334622 0.021793
vn 0.941949 0.335361 0.016277
vn 0.935752 0.351356 0.030285
vn 0.935357 0.352732 0.026228
vn 0.923717 0.382938 0.010283
vn 0.922654 0.385309 0.015711
vn 0.934157 0.347490 -0.081252
vn 0.928180 0.335808 -0.160357
vn 0.012509 0.040927 0.999084
vn 0.021294 0.052769 0.998380
vn 0.032554 0.054444 0.997986
vn 0.014907 0.039759 0.999098
vn -0.926506 0.375915 0.016596
vn -0.927292 0.373939 0.017332
vn -0.941028 0.331397 -0.068132
vn -0.934685 0.319088 -0.156674
vn -0.936031 0.350586 0.030586
vn -0.935677 0.351807 0.027231
vn -0.941949 0.335360 0.016276
vn -0.942103 0.334614 0.021792
vn -0.960212 0.278675 -0.018245
vn -0.960452 0.278426 0.003135
vn -0.982405 0.182087 -0.041534
vn -0.983273 0.181789 -0.011223
vn -0.989712 0.142043 -0.017165
vn -0.990100 0.140300 -0.004213
vn -0.991290 0.131682 -0.001974
vn -0.991567 0.129584 -0.001453
vn -0.991826 0.127590 -0.001587
vn -0.991344 0.131248 -0.003240
vn -0.992738 0.101311 0.064863
vn -0.991463 0.101196 0.082223
vn -0.998941 0.023181 0.039751
vn -0.998289 0.024039 0.053303
vn -1.000000 -0.000000 -0.000000
vn -1.000000 -0.000001 0.000000
vn -1.000000 -0.000001 -0.000004
vn -1.000000 0.000000 -0.000005
vn -1.000000 -0.000003 -0.000003
vn -1.000000 0.000002 -0.000001
vn -1.000000 0.000000 -0.000000
vn -1.000000 -0.000009 0.000002
vn -1.000000 -0.000001 0.000001
vn -1.000000 -0.000009 0.000001
vn -1.000000 -0.000000 -0.000000
vn -1.000000 -0.000008 -0.000001
vn -1.000000 0.000002 -0.000001
vn -1.000000 -0.000000 0.000000
vn -1.000000 0.000001 0.000004
vn -1.000000 -0.000001 0.000005
vn -1.000000 0.000000 -0.000001
vn -1.000000 -0.000000 -0.000000
vn -1.000000 0.000000 -0.000002
vn -1.000000 0.000000 -0.000002
vn 0.000000 0.000000 -1.000000
vn 0.000000 0.000000 -1.000000
vn 0.000000 0.000000 -1.000000
vn 0.000000 0.000000 -1.000000
vn 1.000000 0.000000 0.000001
vn 1.000000 0.000000 0.000000
vn 1.000000 0.000000 0.000000
vn 1.000000 0.000000 0.000000
vn 1.000000 0.000003 0.000005
vn 1.000000 0.000003 0.000003
vn 1.000000 0.000004 -0.000002
vn 1.000000 0.000004 -0.000001
vn 1.000000 0.000005 -0.000001
vn 1.000000 0.000004 -0.000001
vn 1.000000 0.000006 -0.000000
vn 1.000000 0.000004 -0.000000
vn 1.000000 0.000002 -0.000002
vn 1.000000 0.000002 0.000000
vn 1.000000 -0.000002 -0.000004
vn 1.000000 -0.000001 -0.000002
vn 1.000000 -0.000003 0.000001
vn 1.000000 -0.000001 0.000000
vn 1.000000 0.000001 0.000001
vn 1.000000 0.000001 0.000000
vn 0.000000 -1.000000 0.000000
vn -0.120025 -0.992771 -0.000260
vn -0.120058 -0.992767 0.000001
vn 0.000000 -1.000000 -0.000000
vn 0.000000 -1.000000 0.000000
vn -0.119890 -0.992786 -0.001319
vn -0.081812 -0.677943 0.730548
vn 0.000000 -0.681055 0.732233
vn 0.000004 -0.699318 0.714811
vn -0.084861 -0.701318 0.707779
vn 0.000007 0.718117 -0.695922
vn 0.000007 0.718117 -0.695922
vn 0.000006 0.743049 -0.669237
vn 0.000006 0.743423 -0.668822
vn 0.000022 0.999968 -0.007975
vn 0.000022 0.999968 -0.007975
vn 0.000004 0.999955 0.009443
vn 0.000004 0.999956 0.009389
vn 0.000000 0.999962 0.008725
vn 0.000000 0.999962 0.008725
vn 0.000019 -0.902439 0.430818
vn -0.108166 -0.893957 0.434904
vn 0.008745 -0.999240 0.037993
vn -0.119832 -0.992127 0.036384
vn 0.120206 -0.992301 -0.029809
vn -0.116534 -0.993118 -0.011729
vn -0.000017 0.999919 -0.012729
vn -0.000017 0.999919 -0.012729
vn -0.000013 0.999537 0.030439
vn -0.000013 0.999537 0.030436
vn -0.000009 0.940851 -0.338821
vn -0.000009 0.940851 -0.338821
vn 0.163622 -0.985737 -0.039374
vn -0.104584 -0.993724 -0.039693
vn 0.000003 0.997440 0.071511
vn 0.000003 0.997440 0.071511
vn 0.000016 -0.569886 -0.821724
vn -0.068535 -0.567254 -0.820686
vn -0.066019 -0.546333 -0.834962
vn 0.000010 -0.552503 -0.833511
vn -0.120173 -0.992708 0.009480
vn -0.000000 -0.999961 0.008843
vn -0.000000 -0.999977 0.006768
vn -0.119968 -0.992757 0.006482
vn -0.000000 0.999988 -0.004990
vn -0.000000 0.999988 -0.005004
vn -0.000000 0.999972 -0.007526
vn -0.000000 0.999972 -0.007526
vn 0.000000 0.567600 0.823305
vn 0.000000 0.567600 0.823305
vn 0.000000 0.563645 0.826017
vn 0.000000 0.563731 0.825959
vn 0.118964 -0.227818 -0.966409
vn 0.953968 -0.129099 -0.270700
vn 0.953968 -0.129099 -0.270700
vn 0.120412 -0.227876 -0.966216
vn 0.682829 0.634444 0.362250
vn 0.682829 0.634444 0.362250
vn 0.682829 0.634444 0.362250
vn 0.682829 0.634444 0.362250
vn 0.881705 -0.235128 0.409037
vn 0.881705 -0.235128 0.409037
vn 0.881705 -0.235128 0.409037
vn 0.881705 -0.235128 0.409037
vn 0.000000 -0.999466 -0.032685
vn -0.085618 -0.973973 -0.209873
vn 0.000000 -0.999999 0.001335
vn 0.000000 -0.999999 0.001335
vn 0.000000 -0.958545 -0.284941
vn -0.115014 -0.952184 -0.283052
vn -0.077894 -0.642268 -0.762512
vn 0.000000 -0.644226 -0.764835
vn -0.000004 -0.569653 -0.821885
vn -0.068211 -0.563996 -0.822956
vn -0.000003 0.933328 0.359024
vn -0.000003 0.933328 0.359025
vn 0.000000 0.702406 0.711777
vn 0.000000 0.702406 0.711776
vn 0.000032 0.999714 0.023917
vn 0.000032 0.999714 0.023915
vn 0.000037 0.999995 -0.003118
vn 0.000037 0.999995 -0.003118
vn 0.000009 -0.726089 0.687600
vn -0.086964 -0.718964 0.689585
vn -0.075311 -0.623363 0.778297
vn 0.000013 -0.624630 0.780921
vn 0.000000 -0.810931 0.585142
vn -0.097813 -0.807043 0.582335
vn -0.000019 0.791633 -0.610998
vn -0.000019 0.791633 -0.610998
vn -0.000024 0.744494 -0.667629
vn -0.000024 0.744498 -0.667625
vn -0.000016 0.666015 -0.745939
vn -0.000016 0.665774 -0.746153
vn 0.000000 0.000000 -1.000000
vn -0.000000 0.000000 -1.000000
vn -0.000000 0.000000 -1.000000
vn 0.000000 0.000000 -1.000000
vn -0.120024 -0.992643 0.015917
vn 0.000000 -0.999871 0.016032
vn 0.000000 -0.999871 0.016032
vn -0.120056 -0.992640 0.015917
vn -0.074412 -0.615598 0.784539
vn 0.000011 -0.618720 0.785612
vn -0.000012 0.656122 -0.754655
vn -0.000012 0.656122 -0.754655
vn -0.000018 0.999919 -0.012718
vn -0.000018 0.999919 -0.012718
vn -0.000018 0.999919 -0.012718
vn -0.000018 0.999919 -0.012718
vn -0.000013 -0.681056 0.732231
vn 0.000000 -0.681056 0.732231
vn -0.000000 -0.706393 0.707820
vn -0.000019 -0.699318 0.714811
vn 0.000000 -1.000000 -0.000000
vn 0.000000 -1.000000 0.000000
vn 0.000000 -1.000000 -0.000000
vn 0.000000 -1.000000 0.000000
vn 0.000000 -1.000000 0.000000
vn 0.000000 -1.000000 0.000000
vn -0.000010 0.999968 -0.007975
vn -0.000010 0.999968 -0.007975
vn 0.000000 0.999956 0.009389
vn 0.000000 0.999955 0.009442
vn -0.000007 0.718116 -0.695924
vn -0.000007 0.718115 -0.695924
vn -0.000013 0.743423 -0.668821
vn -0.000013 0.743049 -0.669237
vn 0.000000 0.999962 0.008725
vn 0.000000 0.999962 0.008725
vn -0.007687 -0.999441 0.032549
vn -0.000414 -0.999359 0.035799
vn -0.000506 -1.000000 0.000807
vn 0.062886 -0.997818 0.020116
vn -0.000032 -0.902438 0.430821
vn -0.000001 -0.902441 0.430813
vn -0.000002 0.999919 -0.012730
vn -0.000002 0.999919 -0.012730
vn -0.000026 0.940843 -0.338842
vn -0.000026 0.940855 -0.338811
vn 0.000000 0.999806 0.019687
vn 0.000000 0.999806 0.019687
vn 0.009515 -0.999432 0.032339
vn 0.096590 -0.994804 0.032190
vn 0.000000 0.999895 0.014509
vn 0.000000 0.999895 0.014509
vn 0.000000 0.567603 0.823303
vn 0.000000 0.567603 0.823303
vn -0.000002 0.563734 0.825956
vn -0.000002 0.563648 0.826015
vn 0.000000 0.999972 -0.007526
vn 0.000000 0.999972 -0.007526
vn 0.000000 0.999988 -0.004990
vn 0.000000 0.999987 -0.005004
vn 0.000000 -0.999977 0.006769
vn -0.000000 -0.999982 0.006045
vn 0.000000 -0.999961 0.008843
vn -0.000000 -0.999961 0.008843
vn 0.000002 -0.569885 -0.821724
vn -0.000016 -0.569886 -0.821724
vn -0.000010 -0.552503 -0.833511
vn 0.000001 -0.546460 -0.837485
vn -0.761868 -0.403616 -0.506607
vn -0.761869 -0.403617 -0.506607
vn -0.761868 -0.403616 -0.506607
vn -0.761868 -0.403616 -0.506607
vn -0.634407 0.695697 0.336946
vn -0.034421 -0.555415 -0.830860
vn -0.165405 -0.481295 -0.860811
vn -0.634407 0.695697 0.336946
vn -0.398996 0.334624 -0.853715
vn -0.398996 0.334624 -0.853715
vn -0.398996 0.334624 -0.853715
vn -0.398996 0.334624 -0.853715
vn 0.000000 -0.644220 -0.764840
vn 0.000000 -0.644221 -0.764839
vn 0.000000 -0.569652 -0.821886
vn 0.000004 -0.569650 -0.821888
vn 0.000000 -0.958544 -0.284945
vn 0.000000 -0.958544 -0.284944
vn 0.000000 -0.999466 -0.032685
vn 0.000000 -0.977820 -0.209446
vn 0.000000 -0.999999 0.001334
vn 0.000000 -0.999999 0.001334
vn -0.000006 0.933328 0.359025
vn -0.000006 0.933328 0.359025
vn -0.000032 0.999714 0.023915
vn -0.000032 0.999714 0.023915
vn -0.000010 0.702413 0.711769
vn -0.000010 0.702419 0.711764
vn -0.000037 0.999995 -0.003118
vn -0.000037 0.999995 -0.003118
vn 0.000000 -0.810932 0.585141
vn 0.000000 -0.810931 0.585142
vn 0.000000 -0.726090 0.687600
vn -0.000000 -0.726089 0.687601
vn 0.000000 -0.624629 0.780921
vn -0.000001 -0.626720 0.779244
vn -0.000019 0.791632 -0.610999
vn -0.000019 0.791632 -0.610999
vn -0.000000 0.744495 -0.667628
vn 0.000000 0.744494 -0.667630
vn 0.000005 0.665775 -0.746153
vn 0.000005 0.666015 -0.745938
vn 0.000000 -0.618720 0.785611
vn -0.000001 -0.618720 0.785611
vn 0.000000 -0.999871 0.016033
vn 0.000000 -0.999871 0.016032
vn 0.000000 -0.999871 0.016032
vn 0.000000 -0.999871 0.016033
vn 0.000000 0.000000 -1.000000
vn 0.000000 0.000000 -1.000000
vn 0.000000 0.000000 -1.000000
vn 0.000000 0.000000 -1.000000
vn 0.000000 0.999919 -0.012720
vn 0.000000 0.999919 -0.012720
vn 0.000000 0.999919 -0.012720
vn 0.000000 0.999919 -0.012720
vn 0.000000 0.656124 -0.754653
vn 0.000000 0.656124 -0.754653
vn -0.657173 -0.753739 -0.000001
vn -0.657180 -0.753733 -0.000001
vn -0.657456 -0.753493 -0.000001
vn -0.657455 -0.753494 -0.000001
vn -0.657276 -0.753650 0.000001
vn -0.657253 -0.753670 0.000001
vn -0.696440 -0.488736 0.525460
vn -0.696440 -0.488736 0.525460
vn -0.694609 -0.510490 0.506871
vn -0.695047 -0.505889 0.510869
vn -0.693066 0.517669 -0.501675
vn -0.693066 0.517669 -0.501675
vn -0.691053 0.546468 -0.473094
vn -0.691584 0.540330 -0.479327
vn -0.657719 0.753239 -0.006008
vn -0.657720 0.753239 -0.006008
vn -0.657696 0.753247 0.007375
vn -0.657696 0.753247 0.007382
vn -0.657680 0.753269 0.006541
vn -0.657680 0.753269 0.006606
vn -0.682955 -0.663489 0.305540
vn -0.684653 -0.652682 0.324433
vn -0.659916 -0.750868 0.026596
vn -0.660042 -0.750682 0.028670
vn -0.657756 -0.753175 -0.009240
vn -0.657757 -0.753173 -0.009307
vn -0.659085 0.752005 -0.009760
vn -0.659036 0.752061 -0.008690
vn -0.657863 0.752795 0.022736
vn -0.657866 0.752786 0.022931
vn -0.676474 0.689924 -0.257658
vn -0.675312 0.696420 -0.242803
vn -0.785076 -0.587866 -0.195111
vn -0.781177 -0.595024 -0.188970
vn -0.739030 0.657475 0.146838
vn -0.749168 0.642801 0.159860
vn -0.705022 -0.404155 -0.582755
vn -0.705022 -0.404155 -0.582755
vn -0.706647 -0.388099 -0.591633
vn -0.706928 -0.385039 -0.593294
vn -0.657700 -0.753250 0.006662
vn -0.657700 -0.753250 0.006662
vn -0.657692 -0.753273 0.004552
vn -0.657692 -0.753273 0.004560
vn -0.657689 0.753283 -0.003121
vn -0.657689 0.753283 -0.003104
vn -0.657687 0.753270 -0.005669
vn -0.657687 0.753270 -0.005669
vn -0.705199 0.402433 0.583731
vn -0.705199 0.402433 0.583731
vn -0.705535 0.398922 0.585732
vn -0.705604 0.398192 0.586146
vn -0.870148 -0.271364 -0.411344
vn -0.870148 -0.271364 -0.411344
vn -0.808540 0.534267 0.246620
vn -0.808540 0.534267 0.246620
vn -0.944328 -0.250237 0.213601
vn -0.944328 -0.250237 0.213601
vn -0.944328 -0.250237 0.213601
vn -0.944328 -0.250237 0.213601
vn -0.660096 -0.750784 -0.024432
vn -0.660297 -0.750527 -0.026794
vn -0.672150 -0.736583 0.075229
vn -0.670255 -0.739347 0.064217
vn -0.699533 -0.585617 -0.409520
vn -0.701143 -0.567001 -0.432329
vn -0.705762 -0.407574 -0.579468
vn -0.706415 -0.400131 -0.583844
vn -0.672596 0.688625 0.270943
vn -0.671837 0.693399 0.260448
vn -0.704086 0.505451 0.498781
vn -0.705565 0.486206 0.515540
vn -0.659247 0.751703 0.018318
vn -0.659148 0.751823 0.016885
vn -0.672881 0.735820 -0.076166
vn -0.670795 0.738808 -0.064784
vn -0.694380 -0.527937 0.488998
vn -0.695587 -0.517408 0.498445
vn -0.700958 -0.446422 0.556206
vn -0.700840 -0.447621 0.555390
vn -0.691954 0.534119 -0.485712
vn -0.691209 0.540207 -0.480006
vn -0.697675 0.478391 -0.533284
vn -0.697458 0.480469 -0.531697
vn -0.723279 0.000000 -0.690555
vn -0.723280 0.000000 -0.690555
vn -0.723279 0.000000 -0.690555
vn -0.723279 0.000000 -0.690555
vn -0.657716 -0.753169 0.012078
vn -0.657716 -0.753169 0.012078
vn -0.657716 -0.753170 0.012078
vn -0.657716 -0.753170 0.012078
vn -0.701476 -0.440963 0.559896
vn -0.701476 -0.440963 0.559896
vn -0.698546 0.469492 -0.540010
vn -0.698546 0.469492 -0.540011
vn -0.657717 0.753204 -0.009577
vn -0.657717 0.753204 -0.009577
vn -0.657717 0.753204 -0.009577
vn -0.657717 0.753204 -0.009577
vn 0.696428 -0.488744 0.525468
vn 0.696428 -0.488744 0.525468
vn 0.695031 -0.505901 0.510878
vn 0.694592 -0.510504 0.506881
vn 0.657233 -0.753687 0.000000
vn 0.657257 -0.753666 0.000000
vn 0.657162 -0.753749 -0.000000
vn 0.657170 -0.753742 -0.000000
vn 0.657465 -0.753485 0.000000
vn 0.657467 -0.753483 0.000000
vn 0.693085 0.517661 -0.501658
vn 0.693085 0.517661 -0.501658
vn 0.691604 0.540318 -0.479313
vn 0.691073 0.546456 -0.473079
vn 0.657692 0.753263 -0.006007
vn 0.657692 0.753263 -0.006007
vn 0.657672 0.753268 0.007382
vn 0.657672 0.753268 0.007375
vn 0.657658 0.753287 0.006605
vn 0.657658 0.753288 0.006541
vn 0.659870 -0.750908 0.026615
vn 0.659995 -0.750722 0.028682
vn 0.657716 -0.753265 0.001024
vn 0.657716 -0.753265 0.001067
vn 0.682919 -0.663520 0.305555
vn 0.684617 -0.652716 0.324441
vn 0.658211 0.752784 -0.008646
vn 0.658267 0.752722 -0.009713
vn 0.656754 0.753957 0.014923
vn 0.656758 0.753956 0.014789
vn 0.675311 0.696420 -0.242804
vn 0.676476 0.689926 -0.257648
vn 0.887153 -0.457151 -0.063034
vn 0.827697 -0.560027 -0.035874
vn 0.845610 0.524180 -0.100892
vn 0.839970 0.533928 -0.096808
vn 0.705170 0.402450 0.583754
vn 0.705170 0.402450 0.583754
vn 0.705561 0.398215 0.586181
vn 0.705495 0.398944 0.585765
vn 0.657682 0.753274 -0.005670
vn 0.657682 0.753274 -0.005670
vn 0.657679 0.753292 -0.003121
vn 0.657679 0.753292 -0.003105
vn 0.657684 -0.753280 0.004552
vn 0.657684 -0.753280 0.004560
vn 0.657677 -0.753270 0.006661
vn 0.657677 -0.753270 0.006661
vn 0.704991 -0.404174 -0.582779
vn 0.704991 -0.404174 -0.582779
vn 0.706914 -0.385049 -0.593304
vn 0.706630 -0.388111 -0.591645
vn 0.964379 0.109333 -0.240874
vn 0.964379 0.109333 -0.240874
vn 0.849577 0.480273 -0.218075
vn 0.849577 0.480273 -0.218075
vn 0.738581 0.406805 -0.537595
vn 0.738581 0.406805 -0.537595
vn 0.738581 0.406805 -0.537595
vn 0.738581 0.406805 -0.537595
vn 0.699560 -0.585594 -0.409507
vn 0.701171 -0.566981 -0.432309
vn 0.706435 -0.400116 -0.583830
vn 0.705783 -0.407558 -0.579454
vn 0.660100 -0.750781 -0.024430
vn 0.660301 -0.750523 -0.026792
vn 0.670258 -0.739345 0.064216
vn 0.672153 -0.736582 0.075224
vn 0.671799 0.693429 0.260467
vn 0.672557 0.688657 0.270960
vn 0.705506 0.486244 0.515585
vn 0.704028 0.505487 0.498826
vn 0.659142 0.751829 0.016886
vn 0.659240 0.751709 0.018319
vn 0.670789 0.738813 -0.064785
vn 0.672876 0.735823 -0.076174
vn 0.694388 -0.527931 0.488993
vn 0.695594 -0.517403 0.498441
vn 0.700851 -0.447613 0.555384
vn 0.700969 -0.446413 0.556199
vn 0.691178 0.540230 -0.480026
vn 0.691920 0.534143 -0.485734
vn 0.697418 0.480499 -0.531723
vn 0.697636 0.478421 -0.533309
vn 0.701490 -0.440953 0.559886
vn 0.701490 -0.440953 0.559886
vn 0.657701 -0.753182 0.012079
vn 0.657701 -0.753182 0.012079
vn 0.657701 -0.753182 0.012079
vn 0.657701 -0.753182 0.012079
vn 0.723240 0.000000 -0.690597
vn 0.723240 0.000000 -0.690597
vn 0.723240 0.000000 -0.690597
vn 0.723240 0.000000 -0.690597
vn 0.657695 0.753224 -0.009582
vn 0.657695 0.753224 -0.009582
vn 0.657695 0.753224 -0.009582
vn 0.657695 0.753224 -0.009582
vn 0.698511 0.469521 -0.540030
vn 0.698511 0.469521 -0.540030
vn -1.000000 0.000010 -0.000001
vn -1.000000 0.000009 -0.000000
vn -1.000000 0.000009 -0.000000
vn -1.000000 0.000010 -0.000001
vn 1.000000 -0.000002 0.000002
vn 1.000000 -0.000002 0.000002
vn 1.000000 -0.000004 -0.000002
vn 1.000000 -0.000005 -0.000002
vn -1.000000 -0.000008 0.000010
vn -1.000000 0.000000 -0.000001
vn -1.000000 0.000001 -0.000001
vn -1.000000 -0.000005 0.000005
vn 1.000000 0.000016 -0.000000
vn 1.000000 0.000015 -0.000000
vn 1.000000 0.000007 -0.000011
vn 1.000000 0.000004 -0.000009
vn -1.000000 0.000002 -0.000002
vn -1.000000 0.000002 -0.000001
vn 1.000000 0.000018 0.000002
vn 1.000000 0.000018 0.000002
vn -1.000000 0.000005 0.000002
vn -1.000000 -0.000009 0.000009
vn -1.000000 -0.000010 0.000013
vn -1.000000 -0.000000 0.000004
vn 1.000000 0.000006 -0.000006
vn 1.000000 0.000002 -0.000001
vn 1.000000 -0.000002 0.000002
vn 1.000000 -0.000001 0.000001
vn -1.000000 0.000000 0.000000
vn -1.000000 0.000001 0.000000
vn -1.000000 0.000001 0.000000
vn -1.000000 0.000001 0.000000
vn 1.000000 0.000005 0.000001
vn 1.000000 0.000002 -0.000000
vn 1.000000 0.000002 -0.000000
vn 1.000000 0.000005 -0.000001
vn -1.000000 0.000007 0.000000
vn -1.000000 0.000007 0.000000
vn 1.000000 -0.000005 0.000000
vn 1.000000 -0.000005 0.000000
vn -1.000000 0.000007 0.000006
vn -1.000000 0.000006 -0.000001
vn 1.000000 0.000013 -0.000000
vn 1.000000 0.000006 -0.000003
vn 1.000000 -0.000015 -0.000011
vn 1.000000 -0.000015 -0.000011
vn -1.000000 0.000010 0.000023
vn -1.000000 0.000010 0.000023
vn -1.000000 -0.000006 -0.000001
vn -1.000000 0.000007 0.000010
vn -1.000000 0.000003 0.000004
vn -1.000000 -0.000007 -0.000001
vn 1.000000 -0.000023 -0.000004
vn 1.000000 -0.000020 -0.000012
vn 1.000000 -0.000010 -0.000001
vn 1.000000 -0.000009 -0.000001
vn -1.000000 0.000004 -0.000002
vn -1.000000 -0.000006 -0.000001
vn -1.000000 -0.000007 -0.000001
vn -1.000000 0.000002 -0.000000
vn 1.000000 -0.000008 -0.000001
vn 1.000000 -0.000010 0.000002
vn 1.000000 -0.000038 0.000051
vn 1.000000 -0.000025 0.000025
vn -1.000000 0.000008 0.000002
vn -1.000000 0.000009 0.000001
vn -1.000000 0.000012 -0.000008
vn -1.000000 0.000008 0.000002
vn 1.000000 -0.000010 0.000004
vn 1.000000 -0.000009 0.000002
vn 1.000000 -0.000009 0.000002
vn 1.000000 -0.000009 0.000002
vn -1.000000 0.000020 -0.000029
vn -1.000000 0.000008 -0.000009
vn 1.000000 -0.000034 0.000046
vn 1.000000 -0.000013 0.000011
vn -1.000000 0.000004 0.000003
vn -1.000000 0.000011 0.000013
vn 1.000000 0.000004 0.000012
vn 1.000000 -0.000007 -0.000018
vn -1.000000 0.000012 0.000016
vn -1.000000 0.000009 0.000013
vn 1.000000 -0.000017 -0.000017
vn 1.000000 -0.000012 -0.000026
vn -0.129552 -0.991572 -0.001425
vn -0.126365 -0.991984 -0.000277
vn 0.221582 0.975121 -0.006387
vn 0.216318 0.976273 0.009911
vn 0.216320 0.976273 0.009891
vn 0.221601 0.975117 -0.006387
vn -0.126145 -0.991391 0.035090
vn -0.114505 -0.899904 0.420786
vn 0.216079 0.976290 -0.012957
vn 0.203212 0.918149 -0.340158
vn 0.204526 0.924086 -0.322854
vn 0.216082 0.976303 -0.011893
vn -0.126213 -0.991929 -0.012097
vn 0.216002 0.975938 0.029815
vn 0.216003 0.975943 0.029623
vn -0.091404 -0.705110 0.703183
vn -0.088511 -0.677485 0.730192
vn 0.156475 0.692962 -0.703789
vn 0.147933 0.650956 -0.744562
vn 0.147933 0.650956 -0.744562
vn 0.158986 0.705360 -0.690790
vn -0.128478 -0.991691 0.006469
vn -0.129541 -0.991528 0.009525
vn 0.219840 0.975526 -0.004454
vn 0.221600 0.975104 -0.008080
vn 0.221600 0.975104 -0.008080
vn 0.219844 0.975525 -0.004462
vn -0.126224 -0.992002 0.000001
vn 0.216089 0.976336 0.008526
vn 0.216089 0.976337 0.008513
vn -0.126123 -0.991224 -0.039593
vn 0.215572 0.973988 0.069828
vn 0.215572 0.973988 0.069828
vn -0.028657 -0.219351 -0.975225
vn -0.028657 -0.219351 -0.975225
vn -0.059961 -0.924771 0.375772
vn -0.059961 -0.924770 0.375772
vn -0.059961 -0.924771 0.375772
vn -0.059961 -0.924771 0.375772
vn 0.189129 0.832230 0.521175
vn 0.189129 0.832230 0.521175
vn 0.189129 0.832230 0.521175
vn 0.189129 0.832230 0.521175
vn -0.121068 -0.951494 -0.282847
vn -0.121068 -0.951494 -0.282847
vn 0.000000 0.933328 0.359026
vn 0.000000 0.999714 0.023917
vn 0.000000 0.999714 0.023916
vn 0.000000 0.933328 0.359025
vn -0.102637 -0.806649 0.582050
vn -0.092584 -0.727637 0.679686
vn 0.000004 0.791630 -0.611001
vn 0.000003 0.744495 -0.667628
vn 0.000003 0.744495 -0.667628
vn 0.000004 0.791630 -0.611001
vn -0.133033 -0.990984 0.015890
vn -0.133033 -0.990984 0.015890
vn 0.000000 0.999919 -0.012717
vn 0.000000 0.999919 -0.012717
vn 0.000000 0.999919 -0.012717
vn 0.000000 0.999919 -0.012717
vn -0.000000 0.000000 -1.000000
vn -0.000000 0.000000 -1.000000
vn -0.080765 -0.624377 0.776936
vn -0.080374 -0.615199 0.784264
vn 0.000003 0.669699 -0.742633
vn 0.000003 0.656121 -0.754656
vn 0.000003 0.656121 -0.754656
vn 0.000003 0.669527 -0.742787
vn -0.126222 -0.992001 0.001324
vn -0.126222 -0.992001 0.001324
vn -0.126222 -0.992001 0.001324
vn -0.126222 -0.992001 0.001324
vn 0.000000 0.999995 -0.003117
vn 0.000000 0.999995 -0.003117
vn -0.074066 -0.566925 -0.820433
vn -0.070161 -0.542180 -0.837328
vn 0.052856 0.465159 0.883648
vn 0.037093 0.491712 0.869968
vn 0.037242 0.491464 0.870101
vn 0.052856 0.465159 0.883648
vn -0.072878 -0.572767 -0.816472
vn -0.081697 -0.642072 -0.762279
vn 0.000000 0.702410 0.711773
vn 0.000000 0.702409 0.711774
vn 0.000000 -1.000000 0.000000
vn 0.000000 -1.000000 -0.000000
vn -0.000000 0.999951 0.009871
vn -0.000002 0.999968 -0.007975
vn -0.000002 0.999968 -0.007975
vn -0.000000 0.999952 0.009842
vn 0.000001 -0.902440 0.430815
vn 0.000000 -0.999353 0.035981
vn 0.000000 0.940852 -0.338819
vn 0.000000 0.999919 -0.012731
vn 0.000000 0.999919 -0.012732
vn 0.000000 0.940851 -0.338820
vn 0.000000 -0.999999 0.001283
vn -0.000000 0.999806 0.019688
vn -0.000000 0.999806 0.019688
vn 0.000001 -0.681056 0.732231
vn 0.000001 -0.706605 0.707608
vn 0.000000 0.659059 -0.752091
vn 0.000000 0.708523 -0.705688
vn 0.000000 0.708161 -0.706051
vn 0.000000 0.659059 -0.752091
vn -0.000002 0.999972 -0.007526
vn -0.000001 0.999992 -0.004048
vn -0.000001 0.999992 -0.004058
vn -0.000002 0.999972 -0.007526
vn -0.000000 -0.999961 0.008843
vn -0.000000 -0.999982 0.006007
vn 0.000000 -1.000000 0.000000
vn -0.000000 0.999962 0.008725
vn -0.000000 0.999962 0.008725
vn -0.000000 0.999895 0.014510
vn -0.000000 0.999895 0.014510
vn 0.000000 -0.999477 0.032340
vn -0.000003 0.873632 0.486587
vn -0.000003 0.873632 0.486587
vn -0.000003 0.873632 0.486587
vn -0.000003 0.873632 0.486587
vn -0.015936 -0.904248 0.426710
vn -0.015936 -0.904248 0.426710
vn -0.015936 -0.904248 0.426710
vn -0.015936 -0.904248 0.426710
vn 0.006381 -0.575756 -0.817597
vn 0.006381 -0.575756 -0.817597
vn 0.000000 -0.958544 -0.284945
vn 0.000000 -0.958544 -0.284945
vn -0.000003 0.999714 0.023917
vn 0.000000 0.933327 0.359027
vn 0.000000 0.933327 0.359027
vn -0.000003 0.999714 0.023916
vn -0.000000 -0.726089 0.687601
vn 0.000000 -0.810932 0.585141
vn -0.000001 0.744495 -0.667628
vn -0.000002 0.791629 -0.611002
vn -0.000002 0.791629 -0.611002
vn -0.000001 0.744495 -0.667628
vn 0.000000 -0.999871 0.016033
vn 0.000000 -0.999872 0.016033
vn 0.000000 0.000000 -1.000000
vn 0.000000 0.000000 -1.000000
vn -0.000000 0.999919 -0.012717
vn -0.000000 0.999919 -0.012717
vn -0.000000 0.999919 -0.012717
vn -0.000000 0.999919 -0.012717
vn -0.000001 -0.618720 0.785611
vn -0.000001 -0.626720 0.779244
vn -0.000003 0.656121 -0.754656
vn -0.000002 0.669699 -0.742632
vn -0.000002 0.669528 -0.742787
vn -0.000003 0.656121 -0.754656
vn 0.000000 -0.999999 0.001335
vn 0.000000 -0.999999 0.001335
vn 0.000000 -0.999999 0.001335
vn 0.000000 -0.999999 0.001335
vn -0.000003 0.999995 -0.003118
vn -0.000003 0.999995 -0.003118
vn 0.000002 -0.546440 -0.837498
vn 0.000003 -0.569885 -0.821724
vn -0.000001 0.506692 0.862127
vn -0.000001 0.486125 0.873889
vn -0.000001 0.486125 0.873889
vn -0.000001 0.506487 0.862248
vn 0.000000 -0.644221 -0.764839
vn 0.000000 -0.569652 -0.821886
vn 0.000000 0.702405 0.711778
vn 0.000000 0.702403 0.711779
vn 0.604707 0.796438 0.004041
vn 0.588478 0.808505 0.003664
vn 0.588478 0.808505 0.003664
vn 0.604874 0.796311 0.004045
vn -0.584245 0.811552 -0.006473
vn -0.584245 0.811551 -0.006472
vn -0.584245 0.811551 -0.006472
vn -0.584245 0.811552 -0.006473
vn 0.867255 0.491088 -0.081865
vn 0.867255 0.491088 -0.081865
vn 0.867255 0.491088 -0.081865
vn 0.867255 0.491088 -0.081865
vn -0.867274 0.491053 -0.081863
vn -0.867275 0.491053 -0.081863
vn -0.867274 0.491053 -0.081863
vn -0.867274 0.491053 -0.081863
vn 0.870127 0.492719 0.010294
vn 0.870127 0.492719 0.010294
vn 0.870127 0.492719 0.010294
vn 0.870127 0.492719 0.010294
vn -0.870148 0.492682 0.010294
vn -0.870148 0.492682 0.010294
vn -0.870148 0.492682 0.010294
vn -0.870148 0.492682 0.010294
vn 0.662104 0.504908 -0.553792
vn 0.662104 0.504908 -0.553793
vn 0.662104 0.504908 -0.553792
vn 0.662104 0.504908 -0.553793
vn -0.649885 0.522821 -0.551642
vn -0.649885 0.522821 -0.551642
vn -0.649885 0.522821 -0.551642
vn -0.649885 0.522820 -0.551642
vn 0.604784 0.796306 -0.011534
vn 0.604784 0.796306 -0.011534
vn 0.604784 0.796306 -0.011534
vn 0.604784 0.796306 -0.011534
vn -0.584256 0.811546 -0.006107
vn -0.584256 0.811547 -0.006107
vn -0.584256 0.811547 -0.006107
vn -0.584256 0.811547 -0.006107
vn 0.584179 0.811540 0.011706
vn 0.584179 0.811540 0.011706
vn 0.584179 0.811540 0.011706
vn 0.584180 0.811540 0.011706
vn -0.584226 0.811507 0.011704
vn -0.584226 0.811507 0.011704
vn -0.584226 0.811507 0.011704
vn -0.584226 0.811507 0.011704
vn 0.584227 0.811586 0.002687
vn 0.584227 0.811586 0.002687
vn 0.584227 0.811586 0.002687
vn 0.584227 0.811586 0.002687
vn -0.584266 0.811558 0.002687
vn -0.584266 0.811558 0.002687
vn -0.584266 0.811558 0.002687
vn -0.584266 0.811558 0.002687
vn 0.869626 0.492446 0.035306
vn 0.869626 0.492446 0.035306
vn 0.869627 0.492446 0.035306
vn 0.869626 0.492446 0.035306
vn -0.869655 0.492397 0.035301
vn -0.869655 0.492397 0.035301
vn -0.869655 0.492397 0.035301
vn -0.869655 0.492397 0.035301
vn 0.795235 0.520617 0.310740
vn 0.795235 0.520617 0.310740
vn 0.795235 0.520617 0.310740
vn 0.795235 0.520617 0.310740
vn -0.818456 0.520236 0.243896
vn -0.818456 0.520236 0.243896
vn -0.818456 0.520236 0.243896
vn -0.818456 0.520236 0.243896
vn 0.109618 0.643011 0.757972
vn 0.109618 0.643011 0.757972
vn 0.109618 0.643011 0.757971
vn 0.109618 0.643011 0.757972
vn 0.832262 0.471276 -0.291957
vn 0.832262 0.471276 -0.291957
vn 0.832262 0.471276 -0.291957
vn 0.832262 0.471276 -0.291957
vn -0.832289 0.471242 -0.291935
vn -0.832289 0.471242 -0.291935
vn -0.832289 0.471242 -0.291935
vn -0.832289 0.471242 -0.291935
vn 0.917216 0.387905 0.090803
vn 0.917216 0.387905 0.090803
vn 0.917216 0.387905 0.090803
vn 0.917216 0.387905 0.090803
vn -0.864460 0.489470 0.114580
vn -0.864460 0.489470 0.114580
vn -0.864460 0.489470 0.114580
vn -0.864460 0.489470 0.114580
vn 0.882025 0.373018 -0.287906
vn 0.882025 0.373018 -0.287906
vn 0.882025 0.373018 -0.287906
vn 0.882025 0.373018 -0.287906
vn -0.813362 0.460533 -0.355460
vn -0.813362 0.460533 -0.355460
vn -0.813362 0.460533 -0.355460
vn -0.813362 0.460533 -0.355460
vn 0.935150 0.354222 -0.004509
vn 0.935150 0.354222 -0.004509
vn 0.935150 0.354222 -0.004509
vn 0.935150 0.354222 -0.004509
vn 0.000000 0.000000 -1.000000
vn 0.000000 0.000000 -1.000000
vn 0.000000 0.000000 -1.000000
vn 0.000000 0.000000 -1.000000
vn -0.870174 0.492704 -0.006263
vn -0.870174 0.492704 -0.006263
vn -0.870174 0.492704 -0.006263
vn -0.870174 0.492704 -0.006263
vn 0.834709 0.334591 -0.437389
vn 0.834709 0.334591 -0.437389
vn 0.834709 0.334591 -0.437389
vn 0.834709 0.334591 -0.437389
vn -0.757069 0.428664 -0.493046
vn -0.757069 0.428664 -0.493046
vn -0.757069 0.428664 -0.493046
vn -0.757069 0.428664 -0.493046
vn 0.854346 0.361307 -0.373565
vn 0.854346 0.361307 -0.373565
vn 0.854346 0.361307 -0.373565
vn 0.854346 0.361307 -0.373565
vn -0.775373 0.439032 -0.453925
vn -0.775373 0.439032 -0.453925
vn -0.775373 0.439032 -0.453925
vn -0.775373 0.439032 -0.453925
vn 0.921019 0.389516 -0.001214
vn 0.921019 0.389516 -0.001214
vn 0.921019 0.389516 -0.001214
vn 0.921019 0.389516 -0.001214
vn -0.870195 0.492705 -0.001535
vn -0.870195 0.492705 -0.001535
vn -0.870195 0.492705 -0.001535
vn -0.870195 0.492705 -0.001535
vn 0.615503 0.378281 0.691419
vn 0.615503 0.378281 0.691419
vn 0.615503 0.378281 0.691419
vn 0.615503 0.378281 0.691419
vn -0.546007 0.439257 0.713393
vn -0.546007 0.439257 0.713393
vn -0.546007 0.439257 0.713393
vn -0.546007 0.439257 0.713393
vn 0.901000 0.381044 0.207375
vn 0.901000 0.381044 0.207374
vn 0.901000 0.381044 0.207374
vn 0.901000 0.381044 0.207375
vn -0.840490 0.475913 0.259003
vn -0.840491 0.475913 0.259003
vn -0.840490 0.475913 0.259003
vn -0.840491 0.475913 0.259003
vn 0.793654 0.335644 0.507402
vn 0.793654 0.335644 0.507402
vn 0.793654 0.335644 0.507402
vn 0.793654 0.335644 0.507402
vn -0.697875 0.395153 0.597348
vn -0.697875 0.395153 0.597348
vn -0.697875 0.395153 0.597348
vn -0.697874 0.395153 0.597348
vn -0.588511 0.808481 0.003666
vn -0.604738 0.796415 0.004042
vn -0.604904 0.796288 0.004046
vn -0.588511 0.808481 0.003666
vn 0.584227 0.811564 -0.006473
vn 0.584223 0.811567 -0.006474
vn 0.584223 0.811567 -0.006474
vn 0.584227 0.811564 -0.006473
vn -0.867265 0.491070 -0.081871
vn -0.867265 0.491070 -0.081871
vn -0.867265 0.491070 -0.081871
vn -0.867265 0.491070 -0.081871
vn 0.867264 0.491072 -0.081862
vn 0.867264 0.491072 -0.081862
vn 0.867264 0.491072 -0.081862
vn 0.867264 0.491072 -0.081862
vn -0.870138 0.492701 0.010295
vn -0.870138 0.492701 0.010295
vn -0.870138 0.492701 0.010295
vn -0.870138 0.492701 0.010295
vn 0.870177 0.492632 0.010331
vn 0.870177 0.492632 0.010331
vn 0.870177 0.492632 0.010331
vn 0.870177 0.492632 0.010331
vn -0.662124 0.504896 -0.553780
vn -0.662124 0.504896 -0.553780
vn -0.662124 0.504896 -0.553780
vn -0.662124 0.504896 -0.553780
vn 0.649868 0.522830 -0.551652
vn 0.649868 0.522830 -0.551652
vn 0.649868 0.522830 -0.551652
vn 0.649868 0.522830 -0.551652
vn -0.604798 0.796296 -0.011532
vn -0.604798 0.796296 -0.011532
vn -0.604798 0.796296 -0.011532
vn -0.604798 0.796296 -0.011532
vn 0.584247 0.811553 -0.006108
vn 0.584247 0.811553 -0.006108
vn 0.584247 0.811553 -0.006108
vn 0.584247 0.811553 -0.006108
vn -0.584207 0.811520 0.011703
vn -0.584207 0.811520 0.011703
vn -0.584207 0.811520 0.011703
vn -0.584207 0.811520 0.011703
vn 0.584201 0.811524 0.011705
vn 0.584201 0.811524 0.011705
vn 0.584201 0.811524 0.011705
vn 0.584201 0.811524 0.011705
vn -0.584241 0.811576 0.002687
vn -0.584241 0.811576 0.002687
vn -0.584241 0.811576 0.002687
vn -0.584241 0.811576 0.002687
vn 0.584254 0.811567 0.002687
vn 0.584254 0.811567 0.002687
vn 0.584254 0.811567 0.002687
vn 0.584254 0.811567 0.002687
vn -0.870162 0.492715 0.007149
vn -0.870162 0.492715 0.007149
vn -0.870162 0.492715 0.007149
vn -0.870162 0.492715 0.007149
vn 0.870202 0.492645 0.006980
vn 0.870202 0.492645 0.006980
vn 0.870202 0.492645 0.006980
vn 0.870202 0.492645 0.006980
vn -0.701013 0.711212 0.052520
vn -0.701013 0.711212 0.052520
vn -0.701013 0.711212 0.052520
vn -0.701013 0.711212 0.052520
vn -0.008467 0.586974 0.809562
vn -0.008467 0.586974 0.809562
vn -0.008467 0.586974 0.809562
vn -0.008467 0.586974 0.809562
vn 0.753036 0.655192 0.060502
vn 0.753036 0.655192 0.060502
vn 0.753036 0.655192 0.060502
vn 0.753036 0.655192 0.060502
vn -0.832278 0.471259 -0.291939
vn -0.832278 0.471259 -0.291939
vn -0.832278 0.471259 -0.291939
vn -0.832278 0.471259 -0.291939
vn 0.832276 0.471258 -0.291945
vn 0.832276 0.471258 -0.291945
vn 0.832276 0.471258 -0.291945
vn 0.832276 0.471258 -0.291945
vn -0.864458 0.489475 0.114574
vn -0.864458 0.489475 0.114574
vn -0.864458 0.489475 0.114574
vn -0.864458 0.489475 0.114574
vn 0.864450 0.489483 0.114595
vn 0.864451 0.489483 0.114595
vn 0.864450 0.489483 0.114595
vn 0.864450 0.489483 0.114595
vn -0.813348 0.460548 -0.355473
vn -0.813348 0.460548 -0.355473
vn -0.813348 0.460548 -0.355473
vn -0.813348 0.460548 -0.355473
vn 0.813352 0.460551 -0.355459
vn 0.813352 0.460551 -0.355459
vn 0.813352 0.460551 -0.355459
vn 0.813352 0.460551 -0.355459
vn -0.891848 0.452299 -0.005752
vn -0.891848 0.452299 -0.005752
vn -0.891848 0.452299 -0.005752
vn -0.891848 0.452299 -0.005752
vn 0.870162 0.492726 -0.006266
vn 0.870162 0.492726 -0.006266
vn 0.870162 0.492726 -0.006266
vn 0.870162 0.492726 -0.006266
vn 0.000000 0.000000 -1.000000
vn 0.000000 0.000000 -1.000000
vn 0.000000 0.000000 -1.000000
vn 0.000000 0.000000 -1.000000
vn -0.755758 0.405610 -0.514111
vn -0.755758 0.405610 -0.514111
vn -0.755758 0.405610 -0.514111
vn -0.755758 0.405610 -0.514111
vn 0.757052 0.428681 -0.493057
vn 0.757052 0.428681 -0.493057
vn 0.757052 0.428681 -0.493057
vn 0.757052 0.428681 -0.493057
vn -0.775361 0.439040 -0.453937
vn -0.775361 0.439040 -0.453937
vn -0.775361 0.439040 -0.453937
vn -0.775361 0.439040 -0.453937
vn 0.775358 0.439039 -0.453943
vn 0.775358 0.439039 -0.453943
vn 0.775358 0.439039 -0.453943
vn 0.775358 0.439039 -0.453943
vn -0.870184 0.492724 -0.001535
vn -0.870184 0.492724 -0.001535
vn -0.870184 0.492724 -0.001535
vn -0.870184 0.492724 -0.001535
vn 0.870182 0.492728 -0.001537
vn 0.870182 0.492728 -0.001537
vn 0.870182 0.492728 -0.001537
vn 0.870182 0.492728 -0.001537
vn -0.552298 0.421165 0.719435
vn -0.552298 0.421165 0.719435
vn -0.552298 0.421165 0.719435
vn -0.552298 0.421165 0.719435
vn 0.545997 0.439264 0.713396
vn 0.545997 0.439264 0.713396
vn 0.545997 0.439264 0.713396
vn 0.545997 0.439264 0.713396
vn -0.840490 0.475908 0.259014
vn -0.840490 0.475908 0.259014
vn -0.840490 0.475908 0.259014
vn -0.840490 0.475908 0.259014
vn 0.840491 0.475915 0.258999
vn 0.840491 0.475915 0.258999
vn 0.840491 0.475915 0.258999
vn 0.840491 0.475915 0.258999
vn -0.697860 0.395162 0.597359
vn -0.697860 0.395162 0.597359
vn -0.697860 0.395162 0.597359
vn -0.697860 0.395162 0.597359
vn 0.697863 0.395151 0.597363
vn 0.697863 0.395151 0.597363
vn 0.697863 0.395151 0.597363
vn 0.697863 0.395151 0.597363
vn -0.472070 0.879524 0.059888
vn -0.325611 0.943320 0.064233
vn -0.325537 0.943899 0.055498
vn -0.471997 0.880085 0.051678
vn -0.472117 0.878854 0.068712
vn -0.325147 0.942783 0.073750
vn -0.472076 0.876950 0.090018
vn -0.325094 0.940770 0.096262
vn -0.319861 0.933342 0.162977
vn -0.457618 0.880449 0.124077
vn -0.308968 0.943283 0.121477
vn -0.427147 0.903624 0.031773
vn -0.024934 0.048298 0.998522
vn -0.013672 0.037272 0.999212
vn -0.014691 0.035366 0.999267
vn -0.038563 0.050041 0.998002
vn 0.001667 -0.997830 -0.065819
vn 0.002984 -0.998436 -0.055822
vn 0.002895 -0.998399 -0.056495
vn 0.001667 -0.997830 -0.065819
vn 0.000000 -0.999415 0.034200
vn 0.000000 -0.999413 0.034257
vn 0.000000 -0.999985 -0.005512
vn 0.000000 -0.999985 -0.005512
vn 0.000001 -0.902442 0.430811
vn 0.000000 -0.902442 0.430812
vn 0.000000 -0.706109 0.708103
vn 0.000000 -0.706109 0.708103
vn 0.000000 -0.681057 0.732231
vn 0.000000 -0.681057 0.732231
vn 0.000000 -1.000000 0.000000
vn 0.000000 -1.000000 0.000000
vn 0.000000 -1.000000 0.000000
vn 0.000000 -1.000000 0.000000
vn -0.000003 -1.000000 -0.000006
vn -0.000003 -1.000000 -0.000006
vn -0.000005 -0.999971 0.007575
vn -0.000005 -0.999971 0.007575
vn -0.000005 -0.999939 0.011059
vn -0.000005 -0.999939 0.011059
vn -0.000001 -0.546839 -0.837237
vn -0.000001 -0.546839 -0.837238
vn -0.000002 -0.569887 -0.821723
vn -0.000002 -0.569888 -0.821723
vn 0.000000 -0.569653 -0.821885
vn -0.000000 -0.569653 -0.821886
vn 0.000000 -0.806904 -0.590683
vn -0.000000 -0.806904 -0.590683
vn 0.000000 -0.999466 -0.032686
vn -0.000001 -0.999466 -0.032686
vn -0.000000 -0.995895 0.090520
vn -0.000001 -0.995895 0.090519
vn -0.000001 -0.726088 0.687602
vn 0.000000 -0.726088 0.687602
vn -0.000001 -0.626582 0.779355
vn -0.000000 -0.626582 0.779355
vn -0.000001 -0.618721 0.785611
vn 0.000000 -0.618721 0.785611
vn 0.000000 -0.999779 0.021017
vn 0.000000 -0.999779 0.021017
vn 0.000000 -0.999779 0.021017
vn 0.000000 -0.999779 0.021017
vn 0.000000 0.000000 -1.000000
vn 0.000000 0.000000 -1.000000
vn -0.000000 -0.008775 -0.999961
vn 0.000000 -0.008775 -0.999962
vn 0.000000 0.000000 -1.000000
vn 0.000000 0.000000 -1.000000
vn 0.000000 0.000000 -1.000000
vn 0.000000 0.000000 -1.000000
vn -0.000001 0.999997 -0.002275
vn -0.000001 0.999997 -0.002275
vn -0.000001 0.999997 -0.002276
vn -0.000001 0.999997 -0.002276
vn -0.000000 0.999997 -0.002273
vn -0.000000 0.999997 -0.002273
vn -0.000000 0.999997 -0.002279
vn -0.000000 0.999997 -0.002279
vn 0.000000 0.999997 -0.002508
vn 0.000000 0.999997 -0.002508
vn -0.000000 0.999997 -0.002537
vn -0.000000 0.999997 -0.002537
vn -0.000000 0.999997 -0.002539
vn -0.000000 0.999997 -0.002539
vn -0.000000 0.999997 -0.002536
vn -0.000000 0.999997 -0.002536
vn 0.000000 0.999997 -0.002539
vn 0.000000 0.999997 -0.002539
vn 0.000000 0.999997 -0.002538
vn 0.000000 0.999997 -0.002538
vn -0.000000 0.999997 -0.002537
vn -0.000000 0.999997 -0.002537
vn -0.000000 0.999997 -0.002537
vn -0.000000 0.999997 -0.002537
vn -0.293026 0.947510 -0.127906
vn -0.315029 0.941960 -0.116057
vn -0.199195 0.963951 -0.176411
vn -0.199195 0.963951 -0.176411
vn -0.469658 0.882434 -0.027051
vn -0.469658 0.882434 -0.027051
vn -0.319356 0.947378 0.022069
vn -0.471492 0.881562 0.023303
vn -0.179086 0.981561 0.066838
vn -0.179344 0.982094 0.057676
vn -0.178748 0.980903 0.076678
vn -0.178782 0.978839 0.099552
vn -0.176845 0.966356 0.186770
vn -0.177335 0.965577 0.190296
vn -0.003765 0.029634 0.999554
vn -0.004520 0.029077 0.999567
vn 0.003750 -0.999017 -0.044170
vn 0.003774 -0.999007 -0.044391
vn 0.000000 -0.999412 0.034285
vn 0.000000 -0.999985 -0.005512
vn 0.000000 -0.902442 0.430811
vn 0.000000 -0.706109 0.708103
vn 0.000000 -0.681057 0.732231
vn 0.000000 -1.000000 0.000000
vn 0.000000 -1.000000 0.000000
vn 0.000000 -1.000000 0.000000
vn 0.000000 -1.000000 0.000000
vn -0.000000 -1.000000 -0.000004
vn -0.000000 -1.000000 -0.000004
vn -0.000000 -0.999971 0.007575
vn -0.000000 -0.999971 0.007575
vn 0.000000 -0.999939 0.011057
vn 0.000000 -0.999939 0.011057
vn -0.000000 -0.546839 -0.837238
vn 0.000000 -0.569887 -0.821723
vn 0.000000 -0.569652 -0.821886
vn -0.000001 -0.806905 -0.590682
vn -0.000001 -0.999466 -0.032686
vn -0.000001 -0.995895 0.090519
vn 0.000000 -0.726088 0.687602
vn 0.000001 -0.626582 0.779355
vn 0.000001 -0.618721 0.785611
vn 0.000000 -0.999779 0.021017
vn -0.000000 -0.999779 0.021017
vn 0.000000 0.000000 -1.000000
vn 0.000000 -0.008775 -0.999962
vn -0.000003 0.000000 -1.000000
vn -0.000003 0.000000 -1.000000
vn -0.000003 0.000000 -1.000000
vn -0.000003 0.000000 -1.000000
vn -0.171764 0.984959 0.018800
vn -0.020436 0.997481 0.067923
vn -0.020465 0.998070 0.058633
vn -0.020396 0.996750 0.077934
vn -0.020400 0.994632 0.101449
vn -0.020464 0.981760 0.189022
vn -0.021145 0.981408 0.190767
vn -0.000513 0.027759 0.999615
vn -0.000707 0.027545 0.999620
vn 0.002778 -0.999432 -0.033595
vn 0.002782 -0.999427 -0.033733
vn -0.000000 -0.999413 0.034256
vn 0.000000 -0.999985 -0.005512
vn -0.000002 -0.902442 0.430812
vn -0.000001 -0.706109 0.708103
vn 0.000000 -0.681057 0.732231
vn 0.000000 -1.000000 0.000000
vn 0.000000 -1.000000 0.000000
vn 0.000000 -1.000000 0.000000
vn 0.000000 -1.000000 0.000000
vn -0.000014 -1.000000 -0.000007
vn -0.000007 -1.000000 -0.000006
vn -0.000028 -0.999971 0.007578
vn -0.000014 -0.999971 0.007578
vn -0.000028 -0.999939 0.011061
vn -0.000014 -0.999939 0.011060
vn 0.000001 -0.546839 -0.837238
vn 0.000002 -0.569888 -0.821722
vn -0.000000 -0.569652 -0.821886
vn -0.000000 -0.806906 -0.590679
vn -0.000000 -0.999466 -0.032685
vn 0.000000 -0.995895 0.090519
vn 0.000000 -0.726088 0.687602
vn 0.000000 -0.626582 0.779355
vn 0.000000 -0.618721 0.785611
vn -0.000000 -0.999779 0.021017
vn -0.000000 -0.999779 0.021017
vn 0.000000 0.000000 -1.000000
vn 0.000001 -0.008775 -0.999962
vn 0.000000 0.000000 -1.000000
vn 0.000000 0.000000 -1.000000
vn 0.000000 0.000000 -1.000000
vn 0.000000 0.000000 -1.000000
vn -0.020467 0.999685 0.014523
vn 0.003252 0.997684 0.067937
vn -0.019422 0.997501 0.067925
vn -0.019432 0.998090 0.058644
vn 0.003250 0.998273 0.058658
vn 0.003249 0.996951 0.077963
vn -0.019408 0.996769 0.077944
vn 0.003238 0.994813 0.101672
vn -0.019367 0.994638 0.101586
vn -0.016093 0.980658 0.195065
vn 0.004435 0.981859 0.189559
vn -0.008669 0.977343 0.211486
vn 0.007439 0.981262 0.192536
vn 0.000177 0.027877 0.999611
vn 0.001235 0.029066 0.999577
vn 0.003136 0.030692 0.999524
vn 0.000273 0.027882 0.999611
vn 0.002672 -0.999683 -0.025053
vn 0.002663 -0.999781 -0.020775
vn 0.002666 -0.999778 -0.020913
vn 0.002669 -0.999679 -0.025191
vn 0.000000 -0.999413 0.034257
vn -0.000000 -0.999413 0.034256
vn -0.000000 -0.999985 -0.005512
vn 0.000000 -0.999985 -0.005512
vn 0.000002 -0.902442 0.430811
vn -0.000000 -0.902442 0.430811
vn 0.000001 -0.706110 0.708103
vn -0.000000 -0.706109 0.708103
vn 0.000000 -0.681057 0.732231
vn 0.000000 -0.681057 0.732231
vn 0.000000 -1.000000 0.000000
vn 0.000000 -1.000000 0.000000
vn 0.000000 -1.000000 0.000000
vn 0.000000 -1.000000 0.000000
vn -0.000000 -1.000000 -0.000006
vn 0.000000 -1.000000 -0.000006
vn -0.000000 -0.999971 0.007578
vn 0.000000 -0.999971 0.007578
vn 0.000000 -0.999939 0.011060
vn 0.000000 -0.999939 0.011060
vn 0.000001 -0.546839 -0.837238
vn 0.000001 -0.546839 -0.837238
vn 0.000002 -0.569887 -0.821723
vn 0.000000 -0.569888 -0.821723
vn 0.000001 -0.569652 -0.821886
vn 0.000000 -0.569653 -0.821885
vn 0.000000 -0.806905 -0.590681
vn -0.000001 -0.806905 -0.590681
vn 0.000000 -0.999466 -0.032686
vn -0.000003 -0.999466 -0.032686
vn -0.000000 -0.995895 0.090519
vn -0.000002 -0.995895 0.090519
vn -0.000001 -0.726087 0.687602
vn 0.000000 -0.726088 0.687602
vn -0.000001 -0.626582 0.779356
vn 0.000002 -0.626582 0.779356
vn -0.000001 -0.618721 0.785611
vn 0.000002 -0.618721 0.785611
vn 0.000000 -0.999779 0.021017
vn 0.000000 -0.999779 0.021017
vn 0.000000 -0.999779 0.021017
vn 0.000000 -0.999779 0.021017
vn 0.000000 0.000000 -1.000000
vn 0.000000 0.000000 -1.000000
vn -0.000001 -0.008774 -0.999961
vn -0.000001 -0.008775 -0.999961
vn 0.000000 0.000000 -1.000000
vn 0.000001 0.000000 -1.000000
vn 0.000000 0.000000 -1.000000
vn 0.000000 0.000000 -1.000000
vn 0.003255 0.999889 0.014557
vn -0.019464 0.999705 0.014544
vn -0.009715 0.997642 0.067936
vn 0.000000 0.997690 0.067939
vn 0.000000 0.998278 0.058655
vn -0.009723 0.998231 0.058649
vn -0.009707 0.996910 0.077954
vn 0.000000 0.996957 0.077959
vn -0.009691 0.994781 0.101572
vn -0.000000 0.994825 0.101605
vn -0.000243 0.977969 0.208749
vn -0.008509 0.978200 0.207490
vn -0.000843 0.965808 0.259256
vn -0.005403 0.966671 0.255965
vn -0.001308 0.031440 0.999505
vn -0.001352 0.029179 0.999573
vn -0.003293 0.030871 0.999518
vn -0.003381 0.036391 0.999332
vn 0.002556 -0.999922 -0.012224
vn 0.002631 -0.999964 -0.008076
vn 0.002629 -0.999963 -0.008208
vn 0.002553 -0.999920 -0.012363
vn 0.000000 -0.999413 0.034257
vn 0.000000 -0.999413 0.034256
vn -0.000000 -0.999985 -0.005512
vn 0.000000 -0.999985 -0.005512
vn 0.000001 -0.902443 0.430810
vn 0.000001 -0.902442 0.430812
vn 0.000000 -0.706110 0.708103
vn 0.000000 -0.706109 0.708103
vn 0.000000 -0.681057 0.732231
vn 0.000000 -0.681057 0.732231
vn 0.000000 -1.000000 0.000000
vn 0.000000 -1.000000 0.000000
vn 0.000000 -1.000000 -0.000000
vn 0.000000 -1.000000 0.000000
vn 0.000000 -1.000000 -0.000006
vn 0.000000 -1.000000 -0.000006
vn 0.000000 -0.999971 0.007578
vn 0.000000 -0.999971 0.007578
vn 0.000000 -0.999939 0.011060
vn 0.000000 -0.999939 0.011060
vn -0.000004 -0.546839 -0.837238
vn -0.000002 -0.546839 -0.837238
vn -0.000001 -0.569888 -0.821722
vn -0.000005 -0.569887 -0.821723
vn -0.000001 -0.569653 -0.821886
vn -0.000000 -0.569651 -0.821887
vn -0.000000 -0.806906 -0.590680
vn 0.000002 -0.806907 -0.590679
vn -0.000000 -0.999466 -0.032686
vn 0.000000 -0.999466 -0.032685
vn 0.000000 -0.995895 0.090519
vn -0.000000 -0.995895 0.090519
vn 0.000001 -0.726088 0.687602
vn -0.000003 -0.726088 0.687602
vn 0.000001 -0.626583 0.779355
vn -0.000003 -0.626582 0.779355
vn 0.000001 -0.618722 0.785610
vn -0.000004 -0.618721 0.785611
vn 0.000000 -0.999779 0.021017
vn 0.000001 -0.999779 0.021017
vn 0.000001 -0.999779 0.021017
vn 0.000000 -0.999779 0.021017
vn 0.000000 0.000000 -1.000000
vn 0.000006 0.000000 -1.000000
vn 0.000006 -0.008774 -0.999962
vn 0.000000 -0.008774 -0.999962
vn 0.000000 0.000000 -1.000000
vn 0.000006 0.000000 -1.000000
vn 0.000006 0.000000 -1.000000
vn 0.000000 0.000000 -1.000000
vn -0.009737 0.999847 0.014542
vn 0.000001 0.999894 0.014546
vn 0.009715 0.997643 0.067936
vn 0.019427 0.997501 0.067925
vn 0.019440 0.998090 0.058643
vn 0.009723 0.998231 0.058650
vn 0.009707 0.996910 0.077954
vn 0.019410 0.996769 0.077944
vn 0.009691 0.994781 0.101572
vn 0.019369 0.994638 0.101586
vn 0.016075 0.979155 0.202475
vn 0.008509 0.978200 0.207489
vn 0.008648 0.971155 0.238293
vn 0.005404 0.966671 0.255966
vn 0.001212 0.031559 0.999501
vn -0.001388 0.031476 0.999504
vn -0.003091 0.036495 0.999329
vn 0.003353 0.036522 0.999327
vn 0.002445 -0.999997 0.000221
vn 0.002442 -0.999987 0.004504
vn 0.002439 -0.999986 0.004645
vn 0.002448 -0.999997 0.000361
vn -0.000000 -0.999413 0.034256
vn 0.000000 -0.999413 0.034257
vn 0.000000 -0.999985 -0.005512
vn 0.000000 -0.999985 -0.005512
vn -0.000002 -0.902442 0.430811
vn 0.000002 -0.902442 0.430811
vn -0.000001 -0.706110 0.708102
vn 0.000001 -0.706110 0.708102
vn 0.000000 -0.681057 0.732230
vn 0.000000 -0.681057 0.732230
vn 0.000000 -1.000000 0.000000
vn 0.000000 -1.000000 0.000000
vn 0.000000 -1.000000 -0.000000
vn 0.000000 -1.000000 -0.000000
vn 0.000000 -1.000000 -0.000006
vn -0.000000 -1.000000 -0.000006
vn 0.000000 -0.999971 0.007578
vn -0.000000 -0.999971 0.007578
vn 0.000000 -0.999939 0.011060
vn 0.000000 -0.999939 0.011060
vn 0.000002 -0.546839 -0.837238
vn 0.000000 -0.546839 -0.837238
vn 0.000000 -0.569886 -0.821724
vn 0.000002 -0.569887 -0.821723
vn 0.000001 -0.569651 -0.821887
vn 0.000000 -0.569651 -0.821886
vn 0.000001 -0.806903 -0.590684
vn 0.000000 -0.806902 -0.590685
vn 0.000003 -0.999466 -0.032686
vn 0.000000 -0.999466 -0.032686
vn 0.000002 -0.995895 0.090520
vn -0.000000 -0.995895 0.090520
vn 0.000001 -0.726089 0.687601
vn 0.000000 -0.726089 0.687601
vn 0.000001 -0.626582 0.779355
vn 0.000000 -0.626582 0.779355
vn 0.000001 -0.618720 0.785611
vn 0.000000 -0.618720 0.785612
vn 0.000000 -0.999779 0.021017
vn 0.000000 -0.999779 0.021017
vn 0.000000 -0.999779 0.021017
vn 0.000000 -0.999779 0.021017
vn -0.000002 0.000000 -1.000000
vn 0.000000 0.000001 -1.000000
vn 0.000000 -0.008774 -0.999962
vn -0.000003 -0.008774 -0.999962
vn -0.000004 0.000000 -1.000000
vn 0.000000 0.000000 -1.000000
vn 0.000000 -0.000001 -1.000000
vn -0.000002 -0.000000 -1.000000
vn 0.009737 0.999847 0.014542
vn 0.019469 0.999705 0.014544
vn 0.054746 0.996193 0.067837
vn 0.089888 0.993651 0.067663
vn 0.089944 0.994232 0.058418
vn 0.054814 0.996778 0.058560
vn 0.054655 0.995467 0.077836
vn 0.089821 0.992927 0.077644
vn 0.054694 0.993345 0.101367
vn 0.089759 0.990802 0.101267
vn 0.089426 0.978159 0.187637
vn 0.053071 0.980478 0.189331
vn 0.090130 0.978407 0.186003
vn 0.050160 0.980122 0.191949
vn 0.000841 0.028377 0.999597
vn 0.001754 0.028874 0.999582
vn 0.002299 0.028866 0.999581
vn 0.001085 0.028384 0.999597
vn 0.002332 -0.999912 0.013068
vn 0.002327 -0.999847 0.017349
vn 0.002324 -0.999844 0.017490
vn 0.002335 -0.999910 0.013209
vn 0.000000 -0.999413 0.034256
vn -0.000000 -0.999413 0.034257
vn 0.000000 -0.999985 -0.005512
vn 0.000000 -0.999985 -0.005512
vn -0.000001 -0.902442 0.430811
vn -0.000002 -0.902443 0.430810
vn -0.000000 -0.706109 0.708103
vn -0.000001 -0.706110 0.708102
vn 0.000000 -0.681057 0.732230
vn 0.000000 -0.681057 0.732230
vn 0.000000 -1.000000 0.000000
vn 0.000000 -1.000000 0.000000
vn 0.000000 -1.000000 0.000000
vn 0.000000 -1.000000 0.000000
vn 0.000000 -1.000000 -0.000006
vn 0.000000 -1.000000 -0.000006
vn 0.000000 -0.999971 0.007578
vn 0.000000 -0.999971 0.007578
vn 0.000000 -0.999939 0.011060
vn 0.000000 -0.999939 0.011060
vn 0.000000 -0.546840 -0.837237
vn -0.000001 -0.546839 -0.837238
vn -0.000002 -0.569887 -0.821723
vn -0.000000 -0.569887 -0.821723
vn 0.000000 -0.569651 -0.821886
vn 0.000000 -0.569651 -0.821887
vn -0.000000 -0.806902 -0.590685
vn 0.000000 -0.806903 -0.590684
vn -0.000000 -0.999466 -0.032686
vn -0.000000 -0.999466 -0.032685
vn 0.000000 -0.995895 0.090519
vn -0.000000 -0.995895 0.090519
vn -0.000001 -0.726089 0.687601
vn -0.000001 -0.726088 0.687602
vn -0.000001 -0.626582 0.779355
vn -0.000000 -0.626583 0.779355
vn -0.000001 -0.618721 0.785611
vn 0.000000 -0.618721 0.785611
vn 0.000000 -0.999779 0.021017
vn -0.000000 -0.999779 0.021017
vn -0.000000 -0.999779 0.021017
vn 0.000000 -0.999779 0.021017
vn -0.000001 -0.000000 -1.000000
vn 0.000000 0.000000 -1.000000
vn -0.000000 -0.008775 -0.999961
vn -0.000001 -0.008774 -0.999961
vn -0.000004 0.000000 -1.000000
vn 0.000000 -0.000000 -1.000000
vn -0.000000 -0.000001 -1.000000
vn -0.000002 -0.000000 -1.000000
vn 0.054840 0.998390 0.014509
vn 0.090087 0.995829 0.014487
vn 0.206513 0.976184 0.066472
vn 0.206817 0.976697 0.057356
vn 0.206109 0.975553 0.076257
vn 0.206204 0.973468 0.099192
vn 0.204044 0.961161 0.185840
vn 0.205084 0.961242 0.184268
vn 0.004685 0.032437 0.999463
vn 0.005723 0.032292 0.999462
vn 0.002162 -0.999543 0.030152
vn 0.002162 -0.999537 0.030363
vn 0.000000 -0.999414 0.034228
vn -0.000000 -0.999985 -0.005512
vn 0.000001 -0.902442 0.430811
vn 0.000000 -0.706110 0.708102
vn 0.000000 -0.681057 0.732230
vn 0.000000 -1.000000 -0.000000
vn 0.000000 -1.000000 -0.000000
vn 0.000000 -1.000000 0.000000
vn 0.000000 -1.000000 0.000000
vn 0.000000 -1.000000 -0.000004
vn 0.000000 -1.000000 -0.000004
vn -0.000001 -0.999971 0.007575
vn -0.000001 -0.999971 0.007575
vn -0.000002 -0.999939 0.011058
vn -0.000002 -0.999939 0.011058
vn 0.000001 -0.546840 -0.837237
vn 0.000001 -0.569887 -0.821723
vn 0.000000 -0.569651 -0.821886
vn -0.000000 -0.806903 -0.590685
vn 0.000000 -0.999466 -0.032686
vn 0.000000 -0.995895 0.090520
vn 0.000000 -0.726088 0.687602
vn 0.000000 -0.626583 0.779355
vn 0.000000 -0.618722 0.785610
vn 0.000000 -0.999779 0.021017
vn 0.000000 -0.999779 0.021017
vn 0.000000 0.000000 -1.000000
vn 0.000000 -0.008774 -0.999962
vn 0.000000 0.000000 -1.000000
vn 0.000000 0.000000 -1.000000
vn 0.000000 0.000000 -1.000000
vn 0.000000 0.000000 -1.000000
vn 0.206821 0.978276 0.014163
vn 0.001959 -0.035675 -0.999362
vn 0.002181 -0.042193 -0.999107
vn 0.004626 -0.042211 -0.999098
vn 0.004162 -0.035693 -0.999354
vn 0.999969 -0.007925 0.000258
vn 0.999969 -0.007925 0.000258
vn 0.999969 -0.007926 0.000258
vn 0.999969 -0.007926 0.000258
vn -0.002388 0.042227 0.999105
vn -0.002388 0.042227 0.999105
vn -0.005098 0.037710 0.999276
vn -0.004826 0.042222 0.999097
vn -0.000441 0.044391 -0.999014
vn 0.000648 0.042253 -0.999107
vn 0.001376 0.042262 -0.999106
vn -0.000934 0.044405 -0.999013
vn 0.000655 -0.044401 0.999014
vn 0.000655 -0.044401 0.999014
vn 0.001150 -0.044404 0.999013
vn -0.001061 -0.042923 0.999078
vn -0.999993 -0.003669 -0.000147
vn -0.999993 -0.003669 -0.000147
vn -0.999993 -0.003673 -0.000145
vn -0.999993 -0.003673 -0.000145
vn 0.001741 0.038192 -0.999269
vn 0.003693 0.038197 -0.999263
vn -0.001518 -0.045175 0.998978
vn -0.001518 -0.045175 0.998978
vn -0.001518 -0.045175 0.998978
vn -0.001518 -0.045175 0.998978
vn 0.001738 0.030502 -0.999533
vn 0.003691 0.030508 -0.999528
vn -0.001578 -0.032405 0.999474
vn -0.001578 -0.032405 0.999474
vn -0.004573 -0.037147 0.999299
vn -0.003527 -0.032421 0.999468
vn 0.001741 0.022801 -0.999739
vn 0.001732 0.018943 -0.999819
vn 0.003686 0.018949 -0.999814
vn 0.003697 0.022803 -0.999733
vn -0.001615 -0.024317 0.999703
vn -0.001615 -0.024317 0.999703
vn -0.003698 -0.020138 0.999790
vn -0.003704 -0.020126 0.999791
vn 0.001746 0.011241 -0.999935
vn 0.001732 0.007388 -0.999971
vn 0.003689 0.007393 -0.999966
vn 0.003697 0.011247 -0.999930
vn -0.001695 -0.009292 0.999955
vn -0.001695 -0.009292 0.999955
vn -0.003651 -0.009316 0.999950
vn -0.003646 -0.009316 0.999950
vn 0.001748 -0.000330 -0.999999
vn 0.001737 -0.004180 -0.999990
vn 0.003691 -0.004165 -0.999985
vn 0.003700 -0.000314 -0.999993
vn -0.001733 0.000151 0.999999
vn -0.001733 0.000151 0.999999
vn -0.003801 0.003536 0.999987
vn -0.003807 0.003546 0.999986
vn 0.001740 -0.011877 -0.999928
vn 0.001742 -0.015724 -0.999875
vn 0.003694 -0.015714 -0.999870
vn 0.003692 -0.011866 -0.999923
vn -0.001814 0.013803 0.999903
vn -0.001814 0.013803 0.999903
vn -0.003764 0.013798 0.999898
vn -0.003760 0.013798 0.999898
vn 0.001734 -0.027261 -0.999627
vn 0.003686 -0.027270 -0.999621
vn -0.001875 0.028197 0.999601
vn -0.001875 0.028197 0.999601
vn -0.001875 0.028197 0.999601
vn -0.001875 0.028197 0.999601
vn 0.786135 0.561599 -0.258066
vn 0.786135 0.561599 -0.258066
vn 0.786135 0.561599 -0.258066
vn 0.786135 0.561599 -0.258066
vn -0.008287 0.149023 0.988799
vn -0.008287 0.149023 0.988799
vn -0.008287 0.149023 0.988799
vn -0.008287 0.149023 0.988799
vn -0.999354 -0.031084 -0.018012
vn -0.999354 -0.031084 -0.018012
vn -0.999355 -0.031084 -0.018012
vn -0.999354 -0.031084 -0.018012
vn 0.013972 -0.076814 -0.996948
vn 0.013972 -0.076814 -0.996948
vn 0.013972 -0.076814 -0.996948
vn 0.013972 -0.076814 -0.996948
vn -0.908341 0.342044 -0.240669
vn -0.908341 0.342044 -0.240669
vn -0.908341 0.342044 -0.240669
vn -0.908341 0.342044 -0.240669
vn 0.022463 -0.189604 -0.981604
vn 0.022463 -0.189604 -0.981604
vn 0.022463 -0.189604 -0.981604
vn 0.022463 -0.189604 -0.981604
vn 0.999475 0.027553 0.017060
vn 0.999475 0.027553 0.017060
vn 0.999475 0.027553 0.017060
vn 0.999475 0.027553 0.017060
vn -0.021893 0.316469 0.948350
vn -0.021893 0.316469 0.948350
vn -0.021893 0.316469 0.948350
vn -0.021893 0.316469 0.948350
vn -0.015471 0.046261 0.998810
vn 0.003298 0.037066 0.999307
vn 0.003698 0.056233 0.998411
vn -0.018534 0.067079 0.997576
vn -0.028987 0.060836 0.997727
vn -0.034626 0.084139 0.995852
vn -0.013977 0.076985 0.996934
vn -0.016016 0.102778 0.994575
vn -0.013965 0.087512 0.996066
vn -0.013969 0.087560 0.996061
vn -0.016068 0.113107 0.993453
vn -0.016068 0.113107 0.993453
vn -0.014089 0.099794 0.994908
vn -0.014108 0.100036 0.994884
vn -0.016120 0.125397 0.991976
vn -0.016120 0.125397 0.991976
vn -0.014073 0.110277 0.993801
vn -0.014077 0.110322 0.993796
vn -0.016169 0.135674 0.990622
vn -0.016169 0.135674 0.990622
vn -0.014188 0.122487 0.992369
vn -0.014207 0.122725 0.992339
vn -0.016210 0.147868 0.988874
vn -0.016210 0.147868 0.988874
vn -0.016090 0.143906 0.989461
vn -0.014257 0.135846 0.990627
vn -0.016259 0.160893 0.986838
vn -0.018344 0.169003 0.985445
vn -0.017888 0.149798 0.988555
vn -0.020461 0.175353 0.984293
vn 0.999826 -0.017198 -0.007172
vn 0.999809 -0.017935 -0.007763
vn 0.999741 -0.020541 -0.009852
vn 0.999741 -0.020541 -0.009852
vn 0.015020 -0.264936 -0.964149
vn 0.016727 -0.269991 -0.962718
vn 0.018880 -0.320399 -0.947095
vn 0.016905 -0.314722 -0.949033
vn 0.013289 -0.257573 -0.966167
vn 0.014959 -0.307437 -0.951451
vn 0.013303 -0.243467 -0.969818
vn 0.013309 -0.246986 -0.968928
vn 0.014990 -0.297384 -0.954640
vn 0.014984 -0.294012 -0.955684
vn 0.013313 -0.232868 -0.972417
vn 0.013313 -0.236407 -0.971563
vn 0.014999 -0.287253 -0.957737
vn 0.014999 -0.283859 -0.958749
vn 0.013319 -0.221861 -0.974988
vn 0.013647 -0.224198 -0.974448
vn 0.015477 -0.276737 -0.960821
vn 0.015012 -0.273280 -0.961818
vn 0.013319 -0.211139 -0.977365
vn 0.013316 -0.214718 -0.976585
vn 0.015014 -0.266424 -0.963739
vn 0.015017 -0.262985 -0.964683
vn 0.013329 -0.197034 -0.980306
vn 0.013322 -0.203958 -0.978889
vn 0.015025 -0.256087 -0.966537
vn 0.015026 -0.249170 -0.968343
vn 0.004855 -0.193038 -0.981179
vn 0.005682 -0.245656 -0.969341
vn -0.003453 -0.190613 -0.981659
vn -0.003910 -0.243848 -0.969806
vn -0.999700 -0.010595 -0.022081
vn -0.999734 -0.010162 -0.020709
vn -0.999515 -0.012614 -0.028485
vn -0.999515 -0.012614 -0.028485
vn -0.000474 0.091121 0.995840
vn -0.000474 0.091121 0.995840
vn -0.000474 0.091121 0.995840
vn -0.000474 0.091121 0.995840
vn -0.000505 0.097911 0.995195
vn -0.000505 0.097911 0.995195
vn -0.000505 0.097911 0.995195
vn -0.000505 0.097911 0.995195
vn -0.000470 0.090588 0.995888
vn -0.000470 0.090588 0.995888
vn -0.000470 0.090588 0.995888
vn -0.000470 0.090588 0.995888
vn -0.000502 0.094432 0.995531
vn -0.000502 0.094432 0.995531
vn -0.000502 0.094432 0.995531
vn -0.000502 0.094432 0.995531
vn -0.000473 0.089945 0.995947
vn -0.000473 0.089945 0.995947
vn -0.000473 0.089945 0.995947
vn -0.000473 0.089945 0.995947
vn -0.000589 0.117004 0.993131
vn -0.000589 0.117004 0.993131
vn -0.000589 0.117004 0.993131
vn -0.000589 0.117004 0.993131
vn -0.000477 0.089352 0.996000
vn -0.000477 0.089352 0.996000
vn -0.000477 0.089352 0.996000
vn -0.000477 0.089352 0.996000
vn -0.000462 0.089152 0.996018
vn -0.000462 0.089152 0.996018
vn -0.000462 0.089152 0.996018
vn -0.000462 0.089152 0.996018
vn -0.000462 0.088605 0.996067
vn -0.000462 0.088605 0.996067
vn -0.000462 0.088605 0.996067
vn -0.000462 0.088605 0.996067
vn 0.915275 0.369093 0.161377
vn 0.920763 0.384454 0.066271
vn 0.923020 0.383854 0.026275
vn 0.915275 0.369093 0.161377
vn 0.935546 0.352994 0.012198
vn 0.935775 0.352164 0.017494
vn 0.942248 0.334840 0.007129
vn 0.942430 0.334402 0.001135
vn 0.959894 0.275457 -0.052232
vn 0.959557 0.268966 -0.083111
vn 0.980221 0.177673 -0.087177
vn 0.978188 0.167097 -0.123396
vn 0.989234 0.141450 -0.037517
vn 0.989956 0.137849 -0.031385
vn 0.991151 0.132743 -0.000161
vn 0.991365 0.131124 -0.001321
vn 0.991364 0.131133 -0.001176
vn 0.991148 0.132758 0.000556
vn 0.994177 0.101989 0.034783
vn 0.994583 0.102611 0.016591
vn 0.999502 0.022934 0.021667
vn 0.999680 0.022985 0.010536
vn 1.000000 -0.000000 0.000000
vn 1.000000 -0.000002 -0.000000
vn 1.000000 0.000000 -0.000001
vn 1.000000 -0.000002 0.000000
vn 1.000000 -0.000001 0.000000
vn 1.000000 0.000002 0.000002
vn 1.000000 -0.000003 -0.000001
vn 1.000000 -0.000006 -0.000004
vn 1.000000 -0.000006 -0.000000
vn 1.000000 -0.000015 -0.000001
vn 1.000000 -0.000006 0.000000
vn 1.000000 -0.000015 0.000002
vn 1.000000 -0.000001 0.000005
vn 1.000000 -0.000007 0.000009
vn 1.000000 -0.000000 0.000003
vn 1.000000 -0.000002 0.000003
vn 1.000000 -0.000000 0.000000
vn 1.000000 -0.000000 0.000000
vn 1.000000 0.000000 0.000000
vn 1.000000 0.000000 0.000000
vn 0.000000 0.000000 -1.000000
vn 0.000000 0.000000 -1.000000
vn 0.000000 0.000000 -1.000000
vn -0.000001 0.000000 -1.000000
vn -0.000000 0.000000 -1.000000
vn -0.000001 0.000000 -1.000000
vn -0.000000 0.000000 -1.000000
vn 0.000000 0.000000 -1.000000
vn 0.000005 0.000000 -1.000000
vn 0.000000 0.000000 -1.000000
vn 0.000000 0.000000 -1.000000
vn 0.000000 0.000000 -1.000000
vn 0.000000 0.000000 -1.000000
vn 0.000000 0.000000 -1.000000
vn 0.000000 0.000000 -1.000000
vn -1.000000 -0.000004 0.000000
vn -1.000000 -0.000004 -0.000000
vn -1.000000 -0.000002 -0.000001
vn -1.000000 -0.000002 -0.000001
vn -1.000000 -0.000004 -0.000001
vn -1.000000 0.000001 0.000002
vn -1.000000 0.000002 0.000002
vn -1.000000 0.000003 0.000001
vn -1.000000 -0.000003 0.000001
vn -1.000000 0.000001 -0.000000
vn -1.000000 -0.000003 0.000001
vn -1.000000 0.000001 0.000001
vn -1.000000 -0.000001 -0.000007
vn -1.000000 0.000004 -0.000004
vn -1.000000 0.000005 0.000013
vn -1.000000 0.000003 0.000003
vn -1.000000 0.000000 -0.000002
vn -1.000000 0.000003 0.000001
vn -1.000000 -0.000002 0.000000
vn -1.000000 -0.000001 0.000000
vn -0.999680 0.022984 0.010537
vn -0.999502 0.022934 0.021667
vn -0.994584 0.102608 0.016591
vn -0.994177 0.101988 0.034783
vn -0.991149 0.132755 0.000555
vn -0.991151 0.132742 -0.000163
vn -0.991365 0.131128 -0.001176
vn -0.991365 0.131123 -0.001321
vn -0.989957 0.137844 -0.031384
vn -0.978189 0.167093 -0.123394
vn -0.980221 0.177672 -0.087176
vn -0.989234 0.141449 -0.037517
vn -0.959558 0.268964 -0.083111
vn -0.959894 0.275456 -0.052231
vn -0.942433 0.334394 0.001134
vn -0.942248 0.334839 0.007128
vn -0.935716 0.352391 0.016027
vn -0.936027 0.351369 0.019812
vn -0.925738 0.375769 0.042514
vn -0.921975 0.375558 0.094437
vn -0.914184 0.352149 0.200647
vn -0.914184 0.352148 0.200647
vn -0.006116 0.045875 0.998929
vn -0.006116 0.045875 0.998929
vn -0.009887 0.040349 0.999137
vn -0.011497 0.046570 0.998849
vn -0.001485 0.030419 0.999536
vn -0.001485 0.030419 0.999536
vn -0.001485 0.030419 0.999536
vn -0.001485 0.030419 0.999536
vn -0.000009 0.027457 0.999623
vn -0.000009 0.027457 0.999623
vn -0.000243 0.027774 0.999614
vn -0.002505 0.029551 0.999560
vn -0.000139 0.028518 0.999593
vn -0.000139 0.028518 0.999593
vn -0.000139 0.028518 0.999593
vn -0.000139 0.028518 0.999593
vn -0.000133 0.028031 0.999607
vn -0.000133 0.028031 0.999607
vn -0.000084 0.028047 0.999607
vn -0.000084 0.028023 0.999607
vn -0.000081 0.020589 0.999788
vn -0.000081 0.020589 0.999788
vn -0.000081 0.020589 0.999788
vn -0.000081 0.020589 0.999788
vn 0.000334 0.028547 0.999592
vn 0.000334 0.028547 0.999592
vn 0.001048 0.028772 0.999585
vn 0.000553 0.028425 0.999596
vn 0.001355 0.033990 0.999421
vn 0.001355 0.033990 0.999421
vn 0.001355 0.033990 0.999421
vn 0.001355 0.033990 0.999421
vn 0.004805 0.050329 0.998721
vn 0.004805 0.050329 0.998721
vn 0.009577 0.051035 0.998651
vn 0.008609 0.044065 0.998992
vn -0.004887 0.026227 0.999644
vn 0.999748 -0.022322 0.002239
vn 0.999994 0.003301 0.001305
vn 0.999994 0.003301 0.001305
vn 0.999751 -0.022218 0.002235
vn -0.004938 0.999183 0.040103
vn -0.004938 0.999183 0.040103
vn -0.004938 0.999183 0.040103
vn -0.004938 0.999183 0.040103
vn -0.999994 -0.003302 -0.001302
vn -0.999752 0.022151 -0.002228
vn -0.999749 0.022290 -0.002233
vn -0.999994 -0.003302 -0.001302
vn -0.999896 0.014320 -0.001762
vn -0.999896 0.014299 -0.001761
vn 0.999863 -0.016428 0.001848
vn 0.999865 -0.016307 0.001843
vn -0.999998 -0.001805 -0.001121
vn -0.999998 -0.001805 -0.001121
vn 0.091954 -0.995317 0.029805
vn 0.091954 -0.995317 0.029805
vn 0.091954 -0.995317 0.029805
vn 0.091954 -0.995317 0.029805
vn 0.999997 0.002155 0.001108
vn 0.999997 0.002155 0.001108
vn 0.999779 -0.020909 0.002401
vn 0.999993 0.003423 0.001380
vn 0.999993 0.003423 0.001380
vn 0.999781 -0.020789 0.002396
vn -0.004867 0.999561 -0.029217
vn -0.004867 0.999561 -0.029217
vn -0.004867 0.999561 -0.029217
vn -0.004867 0.999561 -0.029217
vn -0.999993 -0.003443 -0.001377
vn -0.999782 0.020754 -0.002387
vn -0.999780 0.020858 -0.002392
vn -0.999993 -0.003443 -0.001377
vn -0.999868 0.016247 -0.000500
vn -0.999869 0.016175 -0.000494
vn 0.999903 -0.013956 0.000311
vn 0.999902 -0.014000 0.000315
vn -0.999992 -0.003961 0.001082
vn -0.999992 -0.003961 0.001082
vn -0.084919 -0.995828 0.033404
vn -0.084919 -0.995828 0.033404
vn -0.084919 -0.995828 0.033404
vn -0.084919 -0.995828 0.033404
vn 0.999994 0.003230 -0.001039
vn 0.999994 0.003230 -0.001039
vn 0.025230 0.981795 0.188260
vn 0.024537 0.981836 0.188138
vn 0.025843 0.994492 0.101573
vn 0.025899 0.996622 0.077933
vn 0.025915 0.997355 0.067914
vn 0.025931 0.997943 0.058634
vn 0.025975 0.999557 0.014542
vn 0.000000 0.000000 -1.000000
vn 0.000000 0.000000 -1.000000
vn 0.000000 0.000000 -1.000000
vn 0.000000 0.000000 -1.000000
vn 0.000000 -0.008775 -0.999962
vn 0.000000 -0.999779 0.021017
vn 0.000000 -0.999779 0.021017
vn -0.000003 -0.626582 0.779356
vn -0.000004 -0.618720 0.785611
vn -0.000001 -0.726088 0.687602
vn 0.000002 -0.995895 0.090519
vn 0.000003 -0.999466 -0.032686
vn 0.000001 -0.806906 -0.590680
vn 0.000000 -0.569652 -0.821886
vn -0.000000 -0.546839 -0.837238
vn 0.000000 -0.569889 -0.821722
vn -0.000000 -0.999971 0.007578
vn 0.000000 -0.999939 0.011060
vn -0.000000 -1.000000 -0.000006
vn 0.000000 -1.000000 0.000000
vn 0.000000 -1.000000 0.000000
vn -0.000000 -0.706110 0.708102
vn 0.000000 -0.681057 0.732231
vn -0.000001 -0.902443 0.430810
vn -0.000000 -0.999413 0.034256
vn 0.000000 -0.999985 -0.005512
vn 0.003693 0.026657 -0.999638
vn 0.001738 0.026653 -0.999643
vn 0.013316 -0.207551 -0.978134
vn 0.015015 -0.259541 -0.965616
vn 0.002679 -0.999562 -0.029465
vn 0.002676 -0.999566 -0.029327
vn -0.014001 0.084601 0.996317
vn -0.014020 0.084845 0.996296
vn -0.016033 0.110329 0.993766
vn -0.016033 0.110329 0.993766
vn -0.003571 -0.024728 0.999688
vn -0.003576 -0.024728 0.999688
vn -0.001616 -0.024730 0.999693
vn -0.001616 -0.024730 0.999693
vn -0.000466 0.090386 0.995907
vn -0.000466 0.090386 0.995907
vn -0.000466 0.090386 0.995907
vn -0.000466 0.090386 0.995907
vn 0.000196 0.027759 0.999615
vn -0.000007 0.027821 0.999613
vn -0.000007 0.027821 0.999613
vn 0.000076 0.027857 0.999612
vn 0.000555 0.027731 0.999615
vn 0.000396 0.027731 0.999615
vn -0.013916 0.079906 0.996705
vn -0.013920 0.079954 0.996701
vn -0.016020 0.105558 0.994284
vn -0.016020 0.105558 0.994284
vn -0.003665 -0.028041 0.999600
vn -0.003659 -0.028054 0.999600
vn -0.001571 -0.032558 0.999469
vn -0.001571 -0.032558 0.999469
vn -0.000504 0.095562 0.995423
vn -0.000504 0.095562 0.995423
vn -0.000504 0.095562 0.995423
vn -0.000504 0.095562 0.995423
vn -0.000014 0.028224 0.999602
vn -0.000014 0.028224 0.999602
vn -0.000014 0.028224 0.999602
vn -0.000014 0.028224 0.999602
vn -0.016074 0.979155 0.202476
vn -0.008647 0.971154 0.238297
vn -0.019369 0.994638 0.101586
vn -0.019410 0.996769 0.077944
vn -0.019427 0.997501 0.067925
vn -0.019440 0.998090 0.058643
vn -0.019469 0.999705 0.014544
vn 0.000000 0.000000 -1.000000
vn 0.000001 0.000000 -1.000000
vn 0.000000 0.000000 -1.000000
vn 0.000000 0.000000 -1.000000
vn 0.000000 -0.008774 -0.999962
vn 0.000000 -0.999779 0.021017
vn 0.000000 -0.999779 0.021017
vn 0.000000 -0.626582 0.779355
vn 0.000000 -0.618722 0.785610
vn -0.000000 -0.726087 0.687602
vn -0.000000 -0.995895 0.090518
vn 0.000000 -0.999466 -0.032686
vn 0.000000 -0.806906 -0.590681
vn 0.000000 -0.569653 -0.821885
vn 0.000000 -0.546839 -0.837238
vn 0.000000 -0.569887 -0.821723
vn 0.000000 -0.999971 0.007578
vn 0.000000 -0.999939 0.011060
vn 0.000000 -1.000000 -0.000006
vn 0.000000 -1.000000 0.000000
vn 0.000000 -1.000000 0.000000
vn -0.000000 -0.706109 0.708103
vn 0.000000 -0.681057 0.732231
vn -0.000001 -0.902443 0.430810
vn -0.000000 -0.999413 0.034256
vn -0.000000 -0.999985 -0.005512
vn 0.003690 0.015098 -0.999879
vn 0.001737 0.015088 -0.999885
vn 0.013306 -0.218292 -0.975793
vn 0.015000 -0.269857 -0.962784
vn 0.002565 -0.999858 -0.016641
vn 0.002561 -0.999861 -0.016503
vn -0.013995 0.095116 0.995368
vn -0.013998 0.095161 0.995363
vn -0.016093 0.120643 0.992565
vn -0.016093 0.120643 0.992565
vn -0.003741 -0.012219 0.999918
vn -0.003735 -0.012230 0.999918
vn -0.001659 -0.016140 0.999868
vn -0.001659 -0.016140 0.999868
vn -0.000620 0.119514 0.992832
vn -0.000620 0.119514 0.992832
vn -0.000620 0.119514 0.992832
vn -0.000620 0.119514 0.992832
vn -0.000086 0.020482 0.999790
vn -0.000086 0.020482 0.999790
vn -0.000086 0.020482 0.999790
vn -0.000086 0.020482 0.999790
vn 0.003044 0.036293 0.999337
vn 0.001279 0.031294 0.999509
vn -0.014053 0.092204 0.995641
vn -0.014072 0.092447 0.995618
vn -0.016088 0.117870 0.992899
vn -0.016088 0.117870 0.992899
vn -0.003600 -0.017020 0.999849
vn -0.003605 -0.017020 0.999849
vn -0.001647 -0.017015 0.999854
vn -0.001647 -0.017015 0.999854
vn -0.000465 0.090154 0.995928
vn -0.000465 0.090154 0.995928
vn -0.000465 0.090154 0.995928
vn -0.000465 0.090154 0.995928
vn -0.000089 0.027951 0.999609
vn -0.000120 0.027962 0.999609
vn -0.000120 0.027962 0.999609
vn -0.000086 0.027974 0.999609
vn 0.000242 0.977969 0.208749
vn 0.000842 0.965808 0.259258
vn 0.000000 0.994825 0.101605
vn -0.000000 0.996957 0.077959
vn -0.000000 0.997690 0.067939
vn 0.000000 0.998278 0.058655
vn -0.000001 0.999894 0.014546
vn 0.000006 0.000000 -1.000000
vn 0.000006 0.000000 -1.000000
vn 0.000006 0.000000 -1.000000
vn 0.000005 0.000000 -1.000000
vn 0.000006 -0.008774 -0.999962
vn 0.000001 -0.999779 0.021017
vn 0.000001 -0.999779 0.021017
vn -0.000003 -0.626583 0.779355
vn -0.000004 -0.618721 0.785611
vn -0.000003 -0.726089 0.687601
vn 0.000002 -0.995895 0.090518
vn 0.000003 -0.999466 -0.032686
vn 0.000003 -0.806905 -0.590682
vn 0.000002 -0.569650 -0.821887
vn 0.000003 -0.546839 -0.837238
vn 0.000003 -0.569888 -0.821722
vn 0.000000 -0.999971 0.007578
vn 0.000000 -0.999939 0.011060
vn 0.000000 -1.000000 -0.000006
vn 0.000000 -1.000000 0.000000
vn 0.000000 -1.000000 -0.000000
vn -0.000001 -0.706110 0.708103
vn 0.000000 -0.681057 0.732230
vn -0.000002 -0.902442 0.430812
vn -0.000000 -0.999413 0.034256
vn -0.000000 -0.999985 -0.005512
vn 0.003698 0.003536 -0.999987
vn 0.001743 0.003526 -0.999992
vn 0.013634 -0.228024 -0.973560
vn 0.015448 -0.280416 -0.959754
vn 0.002525 -0.999990 -0.003797
vn 0.002534 -0.999989 -0.003936
vn -0.014108 0.107377 0.994118
vn -0.014127 0.107616 0.994092
vn -0.016132 0.132906 0.990997
vn -0.016132 0.132906 0.990997
vn -0.003683 -0.001604 0.999992
vn -0.003688 -0.001604 0.999992
vn -0.001731 -0.001592 0.999997
vn -0.001731 -0.001592 0.999997
vn -0.000469 0.089746 0.995965
vn -0.000469 0.089746 0.995965
vn -0.000469 0.089746 0.995965
vn -0.000469 0.089746 0.995965
vn -0.000089 0.028092 0.999605
vn -0.000137 0.028111 0.999605
vn -0.000137 0.028111 0.999605
vn -0.000090 0.028119 0.999605
vn 0.003234 0.030916 0.999517
vn 0.001257 0.029219 0.999572
vn -0.014035 0.102705 0.994613
vn -0.014039 0.102750 0.994608
vn -0.016131 0.128167 0.991621
vn -0.016131 0.128167 0.991621
vn -0.003779 -0.004320 0.999984
vn -0.003773 -0.004331 0.999983
vn -0.001702 -0.007968 0.999967
vn -0.001702 -0.007968 0.999967
vn -0.000482 0.092381 0.995724
vn -0.000482 0.092381 0.995724
vn -0.000482 0.092381 0.995724
vn -0.000482 0.092381 0.995724
vn -0.000130 0.028650 0.999590
vn -0.000130 0.028650 0.999590
vn -0.000130 0.028650 0.999590
vn -0.000130 0.028650 0.999590
vn 0.016094 0.980658 0.195065
vn 0.008670 0.977344 0.211480
vn 0.019367 0.994638 0.101587
vn 0.019408 0.996769 0.077944
vn 0.019422 0.997501 0.067925
vn 0.019432 0.998090 0.058644
vn 0.019464 0.999705 0.014544
vn 0.000002 -0.000000 -1.000000
vn 0.000004 0.000000 -1.000000
vn 0.000002 0.000000 -1.000000
vn 0.000001 0.000000 -1.000000
vn 0.000003 -0.008774 -0.999962
vn 0.000000 -0.999779 0.021017
vn 0.000000 -0.999779 0.021017
vn -0.000001 -0.626582 0.779355
vn -0.000001 -0.618720 0.785611
vn -0.000001 -0.726089 0.687601
vn 0.000000 -0.995895 0.090519
vn 0.000000 -0.999466 -0.032686
vn 0.000000 -0.806902 -0.590685
vn 0.000000 -0.569651 -0.821886
vn 0.000001 -0.546839 -0.837238
vn 0.000002 -0.569887 -0.821723
vn 0.000000 -0.999971 0.007578
vn 0.000000 -0.999939 0.011060
vn -0.000000 -1.000000 -0.000006
vn 0.000000 -1.000000 0.000000
vn 0.000000 -1.000000 0.000000
vn 0.000001 -0.706109 0.708103
vn 0.000000 -0.681057 0.732230
vn 0.000001 -0.902442 0.430812
vn -0.000000 -0.999413 0.034256
vn 0.000000 -0.999985 -0.005512
vn 0.003690 -0.008017 -0.999961
vn 0.001738 -0.008030 -0.999966
vn 0.013295 -0.239940 -0.970697
vn 0.014977 -0.290636 -0.956716
vn 0.002338 -0.999957 0.008928
vn 0.002341 -0.999959 0.008788
vn -0.014093 0.117840 0.992933
vn -0.014096 0.117882 0.992928
vn -0.016181 0.143156 0.989568
vn -0.016181 0.143156 0.989568
vn -0.003845 0.011420 0.999927
vn -0.003839 0.011410 0.999928
vn -0.001779 0.008223 0.999965
vn -0.001779 0.008223 0.999965
vn -0.000473 0.090642 0.995883
vn -0.000473 0.090642 0.995883
vn -0.000473 0.090642 0.995883
vn -0.000473 0.090642 0.995883
vn -0.000132 0.028775 0.999586
vn -0.000132 0.028775 0.999586
vn -0.000132 0.028775 0.999586
vn -0.000132 0.028775 0.999586
vn -0.003202 0.030950 0.999516
vn -0.001345 0.029306 0.999570
vn -0.014154 0.114939 0.993272
vn -0.014173 0.115177 0.993244
vn -0.016179 0.140396 0.989963
vn -0.016179 0.140396 0.989963
vn -0.003716 0.006100 0.999974
vn -0.003721 0.006100 0.999974
vn -0.001764 0.006114 0.999980
vn -0.001764 0.006114 0.999980
vn -0.000462 0.089527 0.995984
vn -0.000462 0.089527 0.995984
vn -0.000462 0.089527 0.995984
vn -0.000462 0.089527 0.995984
vn -0.000084 0.028165 0.999603
vn -0.000113 0.028185 0.999603
vn -0.000113 0.028185 0.999603
vn -0.000087 0.028182 0.999603
vn 0.089416 0.978023 0.188352
vn 0.090118 0.978254 0.186812
vn 0.089759 0.990794 0.101343
vn 0.089822 0.992927 0.077644
vn 0.089884 0.993651 0.067661
vn 0.089941 0.994232 0.058417
vn 0.090086 0.995829 0.014487
vn 0.000002 -0.000000 -1.000000
vn 0.000004 -0.000000 -1.000000
vn 0.000000 0.000000 -1.000000
vn 0.000000 0.000000 -1.000000
vn 0.000001 0.000000 -1.000000
vn 0.000001 0.000000 -1.000000
vn 0.000001 -0.008774 -0.999961
vn -0.000000 -0.999779 0.021017
vn -0.000000 -0.999779 0.021017
vn -0.000001 -0.626583 0.779355
vn 0.000000 -0.618722 0.785610
vn -0.000003 -0.726088 0.687602
vn -0.000000 -0.995895 0.090520
vn -0.000000 -0.999466 -0.032686
vn 0.000000 -0.806902 -0.590685
vn 0.000000 -0.569651 -0.821887
vn 0.000000 -0.546839 -0.837238
vn 0.000000 -0.569886 -0.821724
vn 0.000014 -0.999971 0.007578
vn 0.000014 -0.999939 0.011060
vn 0.000028 -0.999939 0.011061
vn 0.000028 -0.999971 0.007578
vn 0.000007 -1.000000 -0.000006
vn 0.000014 -1.000000 -0.000007
vn 0.000000 -1.000000 0.000000
vn 0.000000 -1.000000 0.000000
vn 0.000000 -1.000000 0.000000
vn 0.000000 -1.000000 0.000000
vn -0.000000 -0.706110 0.708102
vn 0.000000 -0.681057 0.732230
vn -0.000000 -0.902443 0.430809
vn -0.000000 -0.999413 0.034257
vn 0.000000 -0.999985 -0.005512
vn 0.003686 -0.019566 -0.999802
vn 0.001731 -0.019571 -0.999807
vn 0.013294 -0.250500 -0.968025
vn 0.014971 -0.300745 -0.953587
vn 0.002222 -0.999761 0.021772
vn 0.002225 -0.999764 0.021632
vn -0.014245 0.130257 0.991378
vn -0.016244 0.155325 0.987730
vn -0.003807 0.021507 0.999761
vn -0.001852 0.021513 0.999767
vn -0.001852 0.021513 0.999767
vn -0.000466 0.089106 0.996022
vn -0.000466 0.089106 0.996022
vn -0.000466 0.089106 0.996022
vn -0.000466 0.089106 0.996022
vn 0.001101 0.029662 0.999559
vn 0.000364 0.029911 0.999552
vn 0.000364 0.029911 0.999552
vn 0.003060 0.031999 0.999483
vn 0.002357 0.029535 0.999561
vn 0.001803 0.029547 0.999562
vn -0.014137 0.125386 0.992007
vn -0.014141 0.125428 0.992002
vn -0.016224 0.150627 0.988458
vn -0.016224 0.150627 0.988458
vn -0.003883 0.019255 0.999807
vn -0.003877 0.019246 0.999807
vn -0.001821 0.016248 0.999866
vn -0.001821 0.016248 0.999866
vn -0.000476 0.089952 0.995946
vn -0.000476 0.089952 0.995946
vn -0.000476 0.089952 0.995946
vn -0.000476 0.089952 0.995946
vn 0.000335 0.029767 0.999557
vn 0.000335 0.029767 0.999557
vn 0.000335 0.029767 0.999557
vn 0.000335 0.029767 0.999557
vn 0.999773 -0.021136 0.002793
vn 0.999975 0.005215 0.004836
vn 0.999975 0.005217 0.004841
vn 0.999774 -0.021101 0.002792
vn -0.999975 -0.005240 -0.004843
vn -0.999774 0.021075 -0.002797
vn -0.999773 0.021120 -0.002798
vn -0.999975 -0.005238 -0.004836
vn 0.999925 0.000198 0.012275
vn 0.999908 -0.001203 0.013544
vn 0.999908 -0.001203 0.013544
vn 0.999925 0.000195 0.012278
vn -0.001857 0.993463 -0.114144
vn -0.001857 0.993463 -0.114144
vn -0.001857 0.993463 -0.114144
vn -0.001857 0.993463 -0.114144
vn -0.999908 0.001151 -0.013551
vn -0.999925 -0.000239 -0.012286
vn -0.999925 -0.000247 -0.012279
vn -0.999908 0.001151 -0.013551
vn -0.999898 0.014227 -0.001001
vn -0.999899 0.014191 -0.000999
vn 0.999899 -0.014214 0.000995
vn 0.999899 -0.014176 0.000993
vn -0.999998 -0.002023 -0.000128
vn -0.999998 -0.002023 -0.000128
vn 0.003553 -0.999604 0.027934
vn 0.003553 -0.999603 0.027934
vn 0.003553 -0.999604 0.027934
vn 0.003553 -0.999603 0.027934
vn 0.999998 0.002025 0.000125
vn 0.999998 0.002025 0.000125
vn 0.999956 -0.000814 -0.009321
vn 0.999974 0.005329 0.004819
vn 0.999974 0.005330 0.004824
vn 0.999955 -0.000857 -0.009417
vn -0.999974 -0.005344 -0.004830
vn -0.999956 0.000798 0.009307
vn -0.999955 0.000857 0.009439
vn -0.999974 -0.005341 -0.004823
vn 0.999923 0.000494 0.012376
vn 0.999906 -0.000871 0.013671
vn 0.999906 -0.000871 0.013671
vn 0.999923 0.000491 0.012379
vn -0.001689 0.990611 -0.136702
vn -0.001689 0.990611 -0.136702
vn -0.001689 0.990611 -0.136702
vn -0.001689 0.990611 -0.136702
vn -0.999906 0.000819 -0.013669
vn -0.999923 -0.000533 -0.012380
vn -0.999923 -0.000540 -0.012373
vn -0.999906 0.000819 -0.013669
vn -0.999449 0.014994 0.029629
vn -0.999448 0.015011 0.029630
vn 0.999449 -0.014979 -0.029629
vn 0.999448 -0.014996 -0.029630
vn -0.999420 0.016668 0.029689
vn -0.999420 0.016668 0.029689
vn 0.003551 -0.999598 0.028143
vn 0.003551 -0.999598 0.028143
vn 0.003551 -0.999598 0.028143
vn 0.003551 -0.999598 0.028143
vn 0.999421 -0.016643 -0.029688
vn 0.999421 -0.016643 -0.029688
vn 0.999925 0.000100 0.012237
vn 0.999908 -0.001311 0.013497
vn 0.999908 -0.001311 0.013497
vn 0.999925 0.000097 0.012240
vn -0.001855 0.994300 -0.106599
vn -0.001855 0.994300 -0.106599
vn -0.001855 0.994300 -0.106599
vn -0.001855 0.994300 -0.106599
vn -0.999908 0.001260 -0.013501
vn -0.999925 -0.000140 -0.012247
vn -0.999925 -0.000147 -0.012241
vn -0.999908 0.001260 -0.013501
vn 0.999975 0.005172 0.004841
vn 0.999975 0.005174 0.004846
vn -0.999975 -0.005196 -0.004851
vn -0.999975 -0.005193 -0.004845
vn 0.999771 -0.021216 0.002739
vn 0.999772 -0.021185 0.002739
vn -0.999772 0.021157 -0.002738
vn -0.999771 0.021206 -0.002739
vn 0.999901 -0.014073 0.000880
vn 0.999901 -0.014030 0.000878
vn -0.999900 0.014141 -0.000888
vn -0.999900 0.014096 -0.000886
vn 0.999998 0.002006 0.000034
vn 0.999998 0.002006 0.000034
vn -0.999998 -0.002023 -0.000039
vn -0.999998 -0.002023 -0.000039
vn -0.004900 -0.999606 0.027638
vn -0.004900 -0.999606 0.027638
vn -0.004900 -0.999606 0.027638
vn -0.004900 -0.999606 0.027638
vn 0.999924 0.000294 0.012305
vn 0.999907 -0.001093 0.013582
vn 0.999907 -0.001093 0.013582
vn 0.999924 0.000291 0.012308
vn -0.001675 0.992568 -0.121677
vn -0.001675 0.992568 -0.121677
vn -0.001675 0.992568 -0.121677
vn -0.001675 0.992568 -0.121677
vn -0.999907 0.001041 -0.013575
vn -0.999924 -0.000337 -0.012304
vn -0.999924 -0.000345 -0.012297
vn -0.999907 0.001041 -0.013575
vn 0.999975 0.005256 0.004829
vn 0.999975 0.005258 0.004834
vn -0.999974 -0.005275 -0.004836
vn -0.999975 -0.005272 -0.004829
vn 0.999032 -0.041366 0.014933
vn 0.999015 -0.041743 0.015038
vn -0.999037 0.041262 -0.014923
vn -0.999013 0.041781 -0.015067
vn 0.999414 -0.012962 0.031668
vn 0.999423 -0.012339 0.031636
vn -0.999415 0.012965 -0.031663
vn -0.999423 0.012345 -0.031631
vn 0.999324 0.021368 0.029909
vn 0.999324 0.021368 0.029909
vn -0.999324 -0.021389 -0.029900
vn -0.999324 -0.021389 -0.029900
vn 0.003556 -0.999602 0.028002
vn 0.003556 -0.999602 0.028002
vn 0.003556 -0.999602 0.028002
vn 0.003556 -0.999602 0.028002
vn 0.999924 0.000392 0.012343
vn 0.999907 -0.000984 0.013627
vn 0.999907 -0.000984 0.013627
vn 0.999924 0.000389 0.012346
vn -0.001683 0.991618 -0.129196
vn -0.001683 0.991618 -0.129196
vn -0.001683 0.991618 -0.129196
vn -0.001683 0.991618 -0.129196
vn -0.999907 0.000934 -0.013622
vn -0.999924 -0.000434 -0.012342
vn -0.999924 -0.000442 -0.012335
vn -0.999907 0.000934 -0.013622
vn 0.999974 0.005290 0.004831
vn 0.999974 0.005292 0.004835
vn -0.999974 -0.005313 -0.004833
vn -0.999974 -0.005311 -0.004826
vn 0.999777 -0.020928 0.002884
vn 0.999778 -0.020887 0.002883
vn -0.999778 0.020875 -0.002884
vn -0.999777 0.020913 -0.002885
vn 0.999901 -0.014030 0.001048
vn 0.999901 -0.014006 0.001047
vn -0.999904 0.013844 -0.001041
vn -0.999904 0.013821 -0.001039
vn 0.999997 0.002284 0.000108
vn 0.999997 0.002284 0.000108
vn -0.999997 -0.002542 -0.000097
vn -0.999997 -0.002542 -0.000097
vn 0.003555 -0.999600 0.028074
vn 0.003555 -0.999600 0.028074
vn 0.003555 -0.999600 0.028074
vn 0.003555 -0.999600 0.028074
vn 0.999923 0.000590 0.012405
vn 0.999906 -0.000761 0.013710
vn 0.999906 -0.000761 0.013710
vn 0.999923 0.000587 0.012407
vn -0.001503 0.989551 -0.144178
vn -0.001503 0.989551 -0.144178
vn -0.001503 0.989551 -0.144178
vn -0.001503 0.989551 -0.144177
vn -0.999906 0.000711 -0.013701
vn -0.999923 -0.000629 -0.012404
vn -0.999923 -0.000636 -0.012397
vn -0.999906 0.000711 -0.013701
vn 0.999974 0.005360 0.004805
vn 0.999974 0.005361 0.004809
vn -0.999974 -0.005383 -0.004819
vn -0.999974 -0.005380 -0.004811
vn 0.999781 -0.020718 0.002963
vn 0.999782 -0.020673 0.002962
vn -0.999782 0.020662 -0.002965
vn -0.999781 0.020695 -0.002966
vn 0.999906 -0.013644 0.001102
vn 0.999907 -0.013631 0.001101
vn -0.999906 0.013655 -0.001092
vn -0.999906 0.013643 -0.001091
vn 0.999996 0.002803 0.000094
vn 0.999996 0.002803 0.000094
vn -0.999996 -0.002807 -0.000080
vn -0.999996 -0.002807 -0.000080
vn 0.003558 -0.999596 0.028215
vn 0.003558 -0.999596 0.028215
vn 0.003558 -0.999596 0.028215
vn 0.003558 -0.999596 0.028215
vn 0.999923 0.000687 0.012427
vn 0.999905 -0.000652 0.013739
vn 0.999905 -0.000652 0.013739
vn 0.999923 0.000684 0.012430
vn -0.001507 0.988434 -0.151647
vn -0.001507 0.988434 -0.151647
vn -0.001507 0.988434 -0.151647
vn -0.001507 0.988434 -0.151647
vn -0.999905 0.000602 -0.013744
vn -0.999922 -0.000728 -0.012438
vn -0.999923 -0.000735 -0.012430
vn -0.999905 0.000602 -0.013744
vn 0.999974 0.005395 0.004803
vn 0.999974 0.005396 0.004807
vn -0.999974 -0.005422 -0.004815
vn -0.999974 -0.005419 -0.004807
vn 0.999785 -0.020545 0.002973
vn 0.999786 -0.020499 0.002971
vn -0.999786 0.020489 -0.002975
vn -0.999785 0.020519 -0.002976
vn 0.999905 -0.013767 0.000855
vn 0.999905 -0.013762 0.000855
vn -0.999902 0.014005 -0.000869
vn -0.999902 0.013992 -0.000868
vn 0.999996 0.002930 -0.000265
vn 0.999996 0.002930 -0.000265
vn -0.999995 -0.003001 0.000273
vn -0.999996 -0.003001 0.000273
vn -0.029014 -0.999152 0.029201
vn -0.029014 -0.999152 0.029201
vn -0.029014 -0.999152 0.029201
vn -0.029014 -0.999152 0.029201
vn 0.000000 0.000000 -1.000000
vn 0.000000 0.000000 -1.000000
vn 0.000000 0.000000 -1.000000
vn 0.000000 0.000000 -1.000000
vn -0.000002 0.000000 -1.000000
vn -0.000002 0.000000 -1.000000
vn -0.000002 0.000000 -1.000000
vn -0.000002 0.000000 -1.000000
vn -0.941261 0.337239 -0.017267
vn 0.934874 0.353210 -0.035404
vn 0.000002 1.000000 0.000001
vn 0.000002 1.000000 0.000001
vn 0.000002 1.000000 0.000001
vn 0.000002 1.000000 0.000001
vn 0.999343 0.000000 -0.036251
vn 0.999343 0.000000 -0.036251
vn 0.999343 0.000000 -0.036251
vn 0.999343 0.000000 -0.036251
vn -0.000005 -1.000000 0.000003
vn -0.000005 -1.000000 0.000003
vn -0.000005 -1.000000 0.000003
vn -0.000005 -1.000000 0.000003
vn -0.999343 0.000000 0.036237
vn -0.999343 0.000000 0.036237
vn -0.999343 0.000000 0.036237
vn -0.999343 0.000000 0.036237
vn 0.000000 1.000000 -0.000001
vn 0.000000 1.000000 -0.000001
vn 0.000000 1.000000 -0.000001
vn 0.000000 1.000000 -0.000001
vn 0.999343 0.000000 0.036237
vn 0.999343 0.000000 0.036237
vn 0.999343 0.000000 0.036237
vn 0.999343 0.000000 0.036237
vn 0.000000 -1.000000 0.000000
vn 0.000000 -1.000000 0.000000
vn 0.000000 -1.000000 0.000000
vn 0.000000 -1.000000 0.000000
vn -0.999343 0.000000 -0.036237
vn -0.999343 0.000000 -0.036237
vn -0.999343 0.000000 -0.036237
vn -0.999343 0.000000 -0.036237
vn 0.000000 1.000000 0.000000
vn 0.000000 1.000000 0.000000
vn 0.000000 1.000000 0.000000
vn 0.000000 1.000000 0.000000
vn 1.000000 0.000000 -0.000008
vn 1.000000 0.000000 -0.000008
vn 1.000000 0.000000 -0.000008
vn 1.000000 0.000000 -0.000008
vn 0.000000 -1.000000 -0.000001
vn 0.000000 -1.000000 -0.000001
vn 0.000000 -1.000000 -0.000001
vn 0.000000 -1.000000 -0.000001
vn -1.000000 0.000000 0.000000
vn -1.000000 0.000000 0.000000
vn -1.000000 0.000000 0.000000
vn -1.000000 0.000000 0.000000
vn 0.000005 1.000000 -0.000002
vn 0.000005 1.000000 -0.000002
vn 0.000005 1.000000 -0.000002
vn 0.000005 1.000000 -0.000002
vn 1.000000 0.000000 -0.000008
vn 1.000000 0.000000 -0.000008
vn 1.000000 0.000000 -0.000008
vn 1.000000 0.000000 -0.000008
vn 0.000000 -1.000000 -0.000001
vn 0.000000 -1.000000 -0.000001
vn 0.000000 -1.000000 -0.000001
vn 0.000000 -1.000000 -0.000001
vn -1.000000 0.000000 0.000000
vn -1.000000 0.000000 0.000000
vn -1.000000 0.000000 0.000000
vn -1.000000 0.000000 0.000000
vn 1.000000 -0.000001 0.000001
vn 1.000000 -0.000003 0.000002
vn 1.000000 -0.000003 0.000002
vn 1.000000 -0.000000 0.000000
vn 0.000000 -0.868706 0.495328
vn 0.000000 -0.868706 0.495328
vn 0.000000 -0.868706 0.495328
vn 0.000000 -0.868706 0.495328
vn -0.000001 -0.870786 -0.491662
vn -0.000001 -0.870786 -0.491662
vn -0.000001 -0.870786 -0.491662
vn -0.000001 -0.870786 -0.491662
vn 1.000000 0.000000 0.000000
vn 1.000000 0.000000 -0.000000
vn 1.000000 0.000000 -0.000001
vn 1.000000 0.000000 0.000000
vn 1.000000 0.000000 -0.000001
vn 1.000000 0.000000 -0.000002
vn 0.000000 -0.868706 0.495328
vn 0.000001 -0.868706 0.495328
vn 0.000001 -0.868706 0.495328
vn 0.000000 -0.868706 0.495328
vn -1.000000 -0.000002 0.000000
vn -1.000000 0.000000 0.000000
vn -1.000000 0.000000 0.000000
vn -1.000000 -0.000001 0.000000
vn -1.000000 0.000000 0.000000
vn -1.000000 0.000000 0.000000
vn -1.000000 0.000000 -0.000001
vn -1.000000 0.000000 -0.000001
vn -0.000002 -0.870787 -0.491660
vn -0.000002 -0.870787 -0.491660
vn -0.000002 -0.870787 -0.491660
vn -0.000002 -0.870787 -0.491660
vn -1.000000 0.000000 -0.000001
vn -1.000000 0.000000 -0.000001
vn 0.000000 -0.868706 0.495328
vn 0.000000 -0.868706 0.495328
vn 0.000000 -0.870787 -0.491660
vn 0.000000 -0.870787 -0.491660
vn 0.000000 -0.870787 -0.491660
vn 0.000000 -0.870787 -0.491660
vn 0.000001 -0.868706 0.495328
vn 0.000001 -0.868706 0.495328
vn 0.000003 -0.870787 -0.491661
vn 0.000003 -0.870787 -0.491661
vn -0.000001 -0.868706 0.495328
vn 0.000000 -0.868706 0.495328
vn 0.000000 -0.868706 0.495328
vn -0.000001 -0.868706 0.495328
vn -0.000003 -0.870787 -0.491661
vn 0.000003 -0.870787 -0.491661
vn 0.000003 -0.870787 -0.491661
vn -0.000003 -0.870787 -0.491661
vn 0.000001 -0.868706 0.495328
vn 0.000001 -0.868706 0.495328
vn 0.000001 -0.868706 0.495328
vn 0.000001 -0.868706 0.495328
vn -0.000003 -0.870787 -0.491660
vn 0.000001 -0.870787 -0.491660
vn 0.000001 -0.870787 -0.491660
vn -0.000003 -0.870787 -0.491660
vn -0.000001 -0.868706 0.495328
vn 0.000000 -0.868706 0.495328
vn 0.000000 -0.868706 0.495328
vn -0.000001 -0.868706 0.495328
vn 0.000000 -0.870787 -0.491660
vn 0.000000 -0.870787 -0.491660
vn 0.000000 -0.870787 -0.491660
vn 0.000000 -0.870787 -0.491660
vn 0.000001 -0.868706 0.495328
vn 0.000001 -0.868706 0.495329
vn 0.000001 -0.868706 0.495329
vn 0.000001 -0.868706 0.495328
vn -0.000000 -0.870787 -0.491661
vn -0.000003 -0.870787 -0.491661
vn -0.000003 -0.870787 -0.491661
vn -0.000000 -0.870787 -0.491660
vn 0.000000 -0.868706 0.495328
vn 0.000000 -0.868706 0.495328
vn 0.000000 -0.870787 -0.491661
vn 0.000000 -0.870786 -0.491662
vn 0.000000 -0.870786 -0.491662
vn 0.000000 -0.870786 -0.491661
vn 0.000000 -0.870787 -0.491661
vn 0.000000 -0.870787 -0.491661
vn 0.000000 -0.868706 0.495328
vn 0.000000 -0.868706 0.495328
vn 0.000000 -0.870787 -0.491660
vn 0.000000 -0.870787 -0.491660
vn 0.000000 -0.868706 0.495328
vn 0.000000 -0.868706 0.495328
vn 0.000001 -0.870787 -0.491661
vn 0.000001 -0.870787 -0.491661
vn 0.000001 -0.868706 0.495328
vn 0.000001 -0.868706 0.495328
vn 0.000003 -0.870787 -0.491661
vn 0.000003 -0.870787 -0.491661
vn -0.000001 -0.868706 0.495329
vn -0.000001 -0.868706 0.495329
vn 0.000000 -0.870787 -0.491661
vn 0.000000 -0.870787 -0.491661
vn 0.000000 -0.868706 0.495328
vn 0.000000 -0.868706 0.495328
vn 0.000077 0.003398 0.999994
vn 0.000077 0.003398 0.999994
vn 0.000077 0.003398 0.999994
vn 0.000077 0.003398 0.999994
vn 0.498263 -0.867025 -0.001110
vn 0.498263 -0.867025 -0.001110
vn 0.498264 -0.867025 -0.001110
vn 0.498263 -0.867025 -0.001110
vn 0.000000 -0.003807 -0.999993
vn 0.000000 -0.003807 -0.999993
vn 0.000000 -0.003807 -0.999993
vn 0.000000 -0.003807 -0.999993
vn 0.000011 0.000007 1.000000
vn 0.000016 0.000011 1.000000
vn 0.000016 0.000011 1.000000
vn 0.000005 0.000004 1.000000
vn -0.736866 -0.676039 0.000000
vn -0.736866 -0.676038 0.000000
vn -0.736866 -0.676038 0.000000
vn -0.736866 -0.676039 0.000000
vn -0.736865 -0.676040 -0.000004
vn -0.736865 -0.676040 -0.000004
vn -0.736864 -0.676021 0.005120
vn -0.736864 -0.676021 0.005124
vn 0.000000 -0.008297 -0.999966
vn 0.000002 -0.008295 -0.999966
vn 0.000005 -0.008293 -0.999966
vn 0.000000 -0.008297 -0.999966
vn -0.736858 -0.676006 0.007477
vn -0.736858 -0.676006 0.007477
vn -0.000011 0.000007 1.000000
vn 0.000000 0.000000 1.000000
vn 0.000000 0.000000 1.000000
vn -0.000005 0.000004 1.000000
vn -0.000003 -0.008295 -0.999966
vn 0.000005 -0.008298 -0.999966
vn 0.000002 -0.008298 -0.999966
vn -0.000004 -0.008295 -0.999966
vn 0.000000 0.000000 1.000000
vn 0.000003 -0.000003 1.000000
vn 0.000013 -0.000013 1.000000
vn 0.000000 0.000000 1.000000
vn -0.000002 -0.008294 -0.999966
vn 0.000000 -0.008297 -0.999966
vn 0.000000 -0.008297 -0.999966
vn -0.000006 -0.008288 -0.999966
vn -0.000004 -0.000003 1.000000
vn 0.000000 0.000000 1.000000
vn 0.000000 0.000000 1.000000
vn -0.000012 -0.000008 1.000000
vn 0.000000 -0.008297 -0.999966
vn 0.000000 -0.008297 -0.999966
vn 0.000000 -0.008297 -0.999966
vn 0.000000 -0.008297 -0.999966
vn 0.000007 0.000000 1.000000
vn 0.000007 0.000000 1.000000
vn 0.000009 0.000000 1.000000
vn 0.000009 0.000000 1.000000
vn 0.000001 -0.008292 -0.999966
vn -0.000003 -0.008295 -0.999966
vn -0.000004 -0.008295 -0.999966
vn -0.000001 -0.008292 -0.999966
vn 0.000001 -0.008292 -0.999966
vn -0.000001 -0.008292 -0.999966
vn 0.000000 0.000000 1.000000
vn 0.000000 0.000000 1.000000
vn -0.000003 -0.008289 -0.999966
vn 0.000003 -0.008296 -0.999966
vn 0.000008 -0.000009 1.000000
vn -0.000008 0.000004 1.000000
vn 0.000000 -0.008297 -0.999966
vn 0.000000 -0.008297 -0.999966
vn 0.000000 0.000000 1.000000
vn 0.000000 0.000000 1.000000
vn 0.000002 -0.008295 -0.999966
vn 0.000005 -0.008293 -0.999966
vn -0.000011 -0.000007 1.000000
vn -0.000005 -0.000004 1.000000
vn 0.000000 -0.008297 -0.999966
vn 0.000000 -0.008297 -0.999966
vn 0.000000 -0.008297 -0.999966
vn 0.000000 -0.008297 -0.999966
vn 0.736852 -0.676012 0.007477
vn 0.736858 -0.676028 0.005120
vn 0.736858 -0.676028 0.005124
vn 0.736852 -0.676012 0.007477
vn 0.736858 -0.676047 -0.000004
vn 0.736858 -0.676047 -0.000004
vn 0.736860 -0.676046 0.000001
vn 0.736860 -0.676046 0.000001
vn 0.736860 -0.676045 -0.000000
vn 0.736860 -0.676045 -0.000000
vn 0.000000 0.000000 1.000000
vn 0.000000 0.000000 1.000000
vn 0.000000 0.000000 1.000000
vn 0.000000 0.000000 1.000000
vn 0.000000 0.003807 0.999993
vn 0.000000 0.003807 0.999993
vn 0.000000 0.003807 0.999993
vn 0.000000 0.003807 0.999993
vn 0.000000 -0.003807 -0.999993
vn 0.000000 -0.003807 -0.999993
vn 0.000000 -0.003807 -0.999993
vn 0.000000 -0.003807 -0.999993
vn -0.478751 -0.877948 0.002228
vn -0.478751 -0.877948 0.002228
vn -0.478751 -0.877948 0.002228
vn -0.478751 -0.877948 0.002228
vn 0.000000 -0.016030 -0.999872
vn 0.000000 -0.016030 -0.999872
vn 1.000000 -0.000001 0.000004
vn 1.000000 -0.000001 0.000004
vn 1.000000 -0.000001 0.000004
vn 1.000000 -0.000001 0.000004
vn 0.000001 -0.534069 0.845441
vn 0.000001 -0.534069 0.845441
vn 0.000001 -0.534069 0.845441
vn 0.000001 -0.534070 0.845441
vn -0.000001 -0.016032 -0.999871
vn 0.000000 -0.016033 -0.999872
vn 0.000001 -0.534069 0.845441
vn 0.000000 -0.534069 0.845441
vn 0.000000 -0.534069 0.845441
vn 0.000001 -0.534069 0.845441
vn -1.000000 0.000000 0.000000
vn -1.000000 0.000000 0.000000
vn -1.000000 0.000000 0.000000
vn -1.000000 0.000000 0.000000
vn 0.000000 -0.016031 -0.999871
vn 0.000000 -0.534069 0.845441
vn 0.000000 -0.534069 0.845441
vn 0.000002 -0.016032 -0.999872
vn -0.000002 -0.534069 0.845441
vn -0.000002 -0.534069 0.845441
vn -0.000002 -0.016031 -0.999872
vn -0.000002 -0.016032 -0.999871
vn 0.000002 -0.534069 0.845441
vn 0.000000 -0.534070 0.845440
vn 0.000000 -0.534070 0.845440
vn 0.000002 -0.534069 0.845441
vn 0.000006 -0.016030 -0.999872
vn 0.000000 -0.016030 -0.999872
vn -0.000003 -0.534069 0.845441
vn 0.000002 -0.534069 0.845441
vn 0.000002 -0.534069 0.845441
vn -0.000003 -0.534069 0.845441
vn 0.000000 -0.016030 -0.999872
vn -0.000002 -0.016030 -0.999872
vn 0.000000 -0.534069 0.845441
vn 0.000000 -0.534069 0.845441
vn 0.000000 -0.534069 0.845441
vn 0.000000 -0.534069 0.845441
vn 0.000000 -0.016030 -0.999872
vn 0.000000 -0.016030 -0.999872
vn -0.000002 -0.534070 0.845440
vn 0.000000 -0.534070 0.845440
vn 0.000000 -0.534070 0.845440
vn -0.000002 -0.534070 0.845441
vn 0.000000 -0.016030 -0.999872
vn 0.000000 -0.534069 0.845441
vn 0.000000 -0.534069 0.845441
vn 0.000000 -0.016033 -0.999872
vn -0.000002 -0.534069 0.845441
vn -0.000002 -0.534069 0.845441
vn 0.000000 -0.016030 -0.999872
vn 0.000000 -0.534068 0.845441
vn 0.000000 -0.534068 0.845441
vn 0.000006 -0.016030 -0.999872
vn -0.000003 -0.534069 0.845441
vn -0.000003 -0.534069 0.845441
vn 0.000002 -0.016030 -0.999872
vn 0.000002 -0.534070 0.845441
vn 0.000002 -0.534070 0.845441
vn 0.000000 -0.016030 -0.999872
vn -0.000002 -0.534069 0.845441
vn -0.000002 -0.534069 0.845441
vn 1.000000 0.000002 0.000003
vn 1.000000 0.000002 0.000003
vn 1.000000 0.000002 0.000003
vn 1.000000 0.000002 0.000003
vn 0.000966 0.007596 0.999971
vn 0.000966 0.007596 0.999971
vn 0.000966 0.007596 0.999971
vn 0.000966 0.007596 0.999971
vn -1.000000 -0.000000 0.000000
vn -1.000000 -0.000000 0.000000
vn -1.000000 -0.000000 0.000000
vn -1.000000 -0.000000 0.000000
vn -0.000969 -0.007604 -0.999971
vn -0.000969 -0.007604 -0.999971
vn -0.000969 -0.007604 -0.999971
vn -0.000969 -0.007604 -0.999971
vn -1.000000 0.000001 -0.000001
vn -1.000000 0.000001 -0.000001
vn -1.000000 0.000001 -0.000001
vn -1.000000 0.000001 -0.000001
vn 0.000000 -0.005899 -0.999983
vn 0.000000 -0.005899 -0.999983
vn 0.000000 -0.005899 -0.999983
vn 0.000000 -0.005899 -0.999983
vn 1.000000 0.000000 0.000001
vn 1.000000 0.000000 0.000001
vn 1.000000 0.000000 0.000001
vn 1.000000 0.000000 0.000001
vn 0.000000 0.005899 0.999983
vn 0.000000 0.005899 0.999983
vn 0.000000 0.005899 0.999983
vn 0.000000 0.005899 0.999983
vn -0.020493 0.999699 -0.013513
vn -0.166757 0.985982 -0.005664
vn 0.025975 0.999571 -0.013511
vn 0.003252 0.999903 -0.013516
vn -0.019465 0.999719 -0.013514
vn -0.019468 0.999719 -0.013514
vn -0.009740 0.999861 -0.013515
vn 0.000001 0.999909 -0.013516
vn -0.000001 0.999909 -0.013516
vn 0.009740 0.999861 -0.013515
vn 0.019468 0.999719 -0.013514
vn 0.019465 0.999719 -0.013514
vn 0.054897 0.998401 -0.013496
vn 0.090087 0.995843 -0.013461
vn 0.090086 0.995843 -0.013460
vn 0.207090 0.978233 -0.013223
vn 0.280881 0.959655 -0.012972
vn 0.333231 0.942759 -0.012745
vn -0.000012 0.999968 -0.007975
vn -0.000012 0.999968 -0.007975
vn -0.609321 0.792913 0.004149
vn -0.609321 0.792913 0.004149
vn -0.000002 0.999968 -0.007975
vn -0.000002 0.999968 -0.007975
vn 0.584228 0.811564 -0.006472
vn 0.584228 0.811564 -0.006472
vn 0.657694 0.753262 -0.006006
vn 0.657694 0.753262 -0.006006
vn 0.657344 -0.753591 0.000000
vn 0.657344 -0.753591 0.000000
vn 0.000000 -1.000000 -0.000000
vn 0.000000 -1.000000 -0.000000
vn 0.000000 -1.000000 0.000000
vn 1.000000 -0.000003 0.000002
vn 1.000000 -0.000003 0.000002
vn 0.000000 -1.000000 0.000000
vn 0.000000 -1.000000 0.000000
vn 0.000000 -1.000000 0.000000
vn 0.000000 -1.000000 0.000000
vn 0.736860 -0.676045 -0.000000
vn 0.736860 -0.676045 -0.000000
vn 0.000000 -1.000000 0.000000
vn 0.000000 -1.000000 0.000000
vn 0.000000 -1.000000 0.000000
vn 0.000000 -1.000000 0.000000
vn 0.000000 -1.000000 0.000000
vn 0.000000 -1.000000 -0.000000
vn 0.000000 -1.000000 -0.000000
vn 0.000000 -1.000000 -0.000000
vn 0.000000 -1.000000 -0.000000
vn 0.000000 -1.000000 0.000000
vn 0.000000 -1.000000 0.000000
vn 0.000000 -1.000000 0.000000
vn 0.000000 -1.000000 0.000000
vn 0.000000 -1.000000 0.000000
vn 0.000000 -1.000000 0.000000
vn 0.000000 -1.000000 0.000000
vn -0.736866 -0.676039 0.000000
vn -0.736866 -0.676039 0.000000
vn 0.000000 -1.000000 0.000000
vn 0.000000 -1.000000 0.000000
vn 0.000000 -1.000000 0.000000
vn 0.000000 -1.000000 0.000000
vn -1.000000 -0.000002 0.000000
vn -1.000000 -0.000002 0.000000
vn 0.000000 -1.000000 0.000000
vn -0.120318 -0.992735 -0.001324
vn -0.130275 -0.991477 -0.001433
vn -0.657357 -0.753579 0.000002
vn -0.657357 -0.753579 0.000002
vn -0.657718 0.753240 -0.006007
vn -0.657718 0.753240 -0.006007
vn -0.584245 0.811551 -0.006472
vn -0.584245 0.811551 -0.006472
vn 0.222797 0.974844 -0.006377
vn 0.222797 0.974844 -0.006377
vn 0.609291 0.792936 0.004148
vn 0.609291 0.792936 0.004148
vn 0.000023 0.999968 -0.007975
vn 0.000023 0.999968 -0.007975
vn -0.317684 0.948196 0.000919
vn -0.471009 0.882106 0.006347
vn 0.961052 -0.087924 -0.262009
vn 0.961052 -0.087924 -0.262009
vn 0.961052 -0.087924 -0.262009
vn -0.968114 0.083363 0.236231
vn -0.968114 0.083363 0.236231
vn -0.968114 0.083363 0.236231
vn 0.002023 0.998527 -0.054213
vn 0.002023 0.998527 -0.054213
vn 0.002023 0.998527 -0.054213
vn 0.002023 0.998527 -0.054213
vn 0.002023 0.998527 -0.054213
vn 0.002023 0.998527 -0.054213
vn 0.002023 0.998527 -0.054213
vn 0.002023 0.998527 -0.054213
vn 0.002023 0.998527 -0.054213
vn 0.002023 0.998527 -0.054213
vn 0.002023 0.998527 -0.054213
vn 0.002023 0.998527 -0.054213
vn 0.002023 0.998527 -0.054213
vn 0.002023 0.998527 -0.054213
vn 0.002023 0.998527 -0.054213
vn 0.002023 0.998527 -0.054213
vn 0.002023 0.998527 -0.054213
vn 0.002023 0.998527 -0.054213
vn 0.002023 0.998527 -0.054213
vn 0.002023 0.998527 -0.054213
vn 0.002023 0.998527 -0.054213
vn 0.002023 0.998527 -0.054213
vn 0.002023 0.998527 -0.054213
vn 0.002023 0.998527 -0.054213
vn 0.002023 0.998527 -0.054213
vn 0.000000 0.000000 -0.000000
vn 0.002023 0.998527 -0.054213
vn 0.002023 0.998527 -0.054213
vn 0.000000 0.000000 -0.000000
vn 0.002023 0.998527 -0.054213
vn 0.002023 0.998527 -0.054213
vn 0.002023 0.998527 -0.054213
vn 0.002023 0.998527 -0.054213
vn 0.002023 0.998527 -0.054213
vn 0.002023 0.998527 -0.054213
vn 0.002023 0.998527 -0.054213
vn 0.002023 0.998527 -0.054213
vn 0.002023 0.998527 -0.054213
vn 0.002023 0.998527 -0.054213
vn 0.002023 0.998527 -0.054213
vn 0.002023 0.998527 -0.054213
vn 0.002023 0.998527 -0.054213
vn 0.002023 0.998527 -0.054213
vn 0.002023 0.998527 -0.054213
vn 0.002023 0.998527 -0.054213
vn 0.002023 0.998527 -0.054213
vn 0.002023 0.998527 -0.054213
vn 0.002023 0.998527 -0.054213
vn 0.002023 0.998527 -0.054213
vn 0.002023 0.998527 -0.054213
vn 0.002023 0.998527 -0.054213
vn 0.002023 0.998527 -0.054213
vn 0.002023 0.998527 -0.054213
vn 0.002023 0.998527 -0.054213
vn 0.002023 0.998527 -0.054213
vn 0.002023 0.998527 -0.054213
vn 0.002023 0.998527 -0.054213
vn 0.002023 0.998527 -0.054213
vn 0.002023 0.998527 -0.054213
vn 0.002023 0.998527 -0.054213
vn 0.002023 0.998527 -0.054213
vn 0.002023 0.998527 -0.054213
vn 0.002023 0.998527 -0.054213
vn 0.002023 0.998527 -0.054213
vn 0.002023 0.998527 -0.054213
vn 0.000000 0.000000 -0.000000
vn 0.002023 0.998527 -0.054213
vn 0.002023 0.998527 -0.054213
vn 0.000000 0.000000 -0.000000
vn 0.002023 0.998527 -0.054213
vn 0.002023 0.998527 -0.054213
vn 0.002023 0.998527 -0.054213
s 1
g pCylinder10
usemtl openPBRSurface1SG
f 3/2743/1 9/2744/2 129/2745/3 123/2746/4
f 9/2744/2 15/2749/5 135/2750/6 129/2745/3
f 15/5412/5 21/5413/7 141/5414/8 135/5415/6
f 21/5413/7 27/5418/9 147/5419/10 141/5414/8
f 27/5418/9 33/5425/11 153/5426/12 147/5419/10
f 33/5425/11 39/5432/13 159/5433/14 153/5426/12
f 39/2795/13 45/2785/15 165/2788/16 159/2796/14
f 45/2785/15 51/2786/17 171/2787/18 165/2788/16
f 51/2786/17 57/2791/19 177/2792/20 171/2787/18
f 57/2791/19 63/2801/21 183/2802/22 177/2792/20
f 63/2801/21 69/2810/23 189/2811/24 183/2802/22
f 69/2810/23 75/2817/25 195/2818/26 189/2811/24
f 75/5442/25 81/5443/27 201/5444/28 195/5445/26
f 81/5443/27 87/5448/29 207/5449/30 201/5444/28
f 87/5448/29 93/5455/31 213/5456/32 207/5449/30
f 93/5455/31 99/5462/33 219/5463/34 213/5456/32
f 99/2777/33 105/2771/35 225/2772/36 219/2778/34
f 105/2771/35 111/2763/37 231/2764/38 225/2772/36
f 111/2763/37 117/2753/39 237/2754/40 231/2764/38
f 117/2753/39 3/2743/1 123/2746/4 237/2754/40
f 14/1/41 8/2/42 1/3/43
f 20/7/44 14/1/41 1/3/43
f 26/13/45 20/7/44 1/3/43
f 32/21/46 26/13/45 1/3/43
f 38/29/47 32/21/46 1/3/43
f 44/37/48 38/29/47 1/3/43
f 50/45/49 44/37/48 1/3/43
f 56/53/50 50/45/49 1/3/43
f 62/61/51 56/53/50 1/3/43
f 68/69/52 62/61/51 1/3/43
f 74/68/53 68/69/52 1/3/43
f 80/60/54 74/68/53 1/3/43
f 86/52/55 80/60/54 1/3/43
f 92/44/56 86/52/55 1/3/43
f 98/36/57 92/44/56 1/3/43
f 104/28/58 98/36/57 1/3/43
f 110/20/59 104/28/58 1/3/43
f 116/12/60 110/20/59 1/3/43
f 122/6/61 116/12/60 1/3/43
f 8/2/42 122/6/61 1/3/43
f 128/82/62 134/83/63 2/84/64
f 134/83/63 140/87/65 2/84/64
f 140/87/65 146/93/66 2/84/64
f 146/93/66 152/101/67 2/84/64
f 152/101/67 158/109/68 2/84/64
f 158/109/68 164/117/69 2/84/64
f 164/117/69 170/125/70 2/84/64
f 170/125/70 176/133/71 2/84/64
f 176/133/71 182/141/72 2/84/64
f 182/141/72 188/149/73 2/84/64
f 188/149/73 194/150/74 2/84/64
f 194/150/74 200/142/75 2/84/64
f 200/142/75 206/134/76 2/84/64
f 206/134/76 212/126/77 2/84/64
f 212/126/77 218/118/78 2/84/64
f 218/118/78 224/110/79 2/84/64
f 224/110/79 230/102/80 2/84/64
f 230/102/80 236/94/81 2/84/64
f 236/94/81 242/88/82 2/84/64
f 242/88/82 128/82/62 2/84/64
f 7/4/83 8/2/42 14/1/41 13/5/84
f 6/10/85 7/4/83 13/5/84 12/11/86
f 5/18/87 6/10/85 12/11/86 11/19/88
f 3/2743/1 4/2747/89 10/2748/90 9/2744/2
f 4/2747/89 5/2756/87 11/2757/88 10/2748/90
f 13/5/84 14/1/41 20/7/44 19/9/91
f 12/11/86 13/5/84 19/9/91 18/17/92
f 11/19/88 12/11/86 18/17/92 17/27/93
f 9/2744/2 10/2748/90 16/2758/94 15/2749/5
f 10/2748/90 11/2757/88 17/2767/93 16/2758/94
f 19/9/91 20/7/44 26/13/45 25/16/95
f 18/17/92 19/9/91 25/16/95 24/26/96
f 17/27/93 18/17/92 24/26/96 23/35/97
f 15/5412/5 16/5416/94 22/5417/98 21/5413/7
f 16/5416/94 17/5422/93 23/5423/97 22/5417/98
f 25/16/95 26/13/45 32/21/46 31/25/99
f 24/26/96 25/16/95 31/25/99 30/34/100
f 23/35/97 24/26/96 30/34/100 29/43/101
f 21/5413/7 22/5417/98 28/5424/102 27/5418/9
f 22/5417/98 23/5423/97 29/5430/101 28/5424/102
f 31/25/99 32/21/46 38/29/47 37/33/103
f 30/34/100 31/25/99 37/33/103 36/42/104
f 29/43/101 30/34/100 36/42/104 35/51/105
f 27/5418/9 28/5424/102 34/5431/106 33/5425/11
f 28/5424/102 29/5430/101 35/5436/105 34/5431/106
f 37/33/103 38/29/47 44/37/48 43/41/107
f 36/42/104 37/33/103 43/41/107 42/50/108
f 35/51/105 36/42/104 42/50/108 41/59/109
f 33/5425/11 34/5431/106 40/5437/110 39/5432/13
f 34/5431/106 35/5436/105 41/5440/109 40/5437/110
f 43/41/107 44/37/48 50/45/49 49/49/111
f 42/50/108 43/41/107 49/49/111 48/58/112
f 41/59/109 42/50/108 48/58/112 47/67/113
f 39/2795/13 40/2797/110 46/2789/114 45/2785/15
f 40/2797/110 41/2807/109 47/2798/113 46/2789/114
f 49/49/111 50/45/49 56/53/50 55/57/115
f 48/58/112 49/49/111 55/57/115 54/66/116
f 47/67/113 48/58/112 54/66/116 53/75/117
f 45/2785/15 46/2789/114 52/2790/118 51/2786/17
f 46/2789/114 47/2798/113 53/2799/117 52/2790/118
f 55/57/115 56/53/50 62/61/51 61/65/119
f 54/66/116 55/57/115 61/65/119 60/74/120
f 53/75/117 54/66/116 60/74/120 59/79/121
f 51/2786/17 52/2790/118 58/2800/122 57/2791/19
f 52/2790/118 53/2799/117 59/2808/121 58/2800/122
f 61/65/119 62/61/51 68/69/52 67/73/123
f 60/74/120 61/65/119 67/73/123 66/78/124
f 59/79/121 60/74/120 66/78/124 65/81/125
f 57/2791/19 58/2800/122 64/2809/126 63/2801/21
f 58/2800/122 59/2808/121 65/2815/125 64/2809/126
f 67/73/123 68/69/52 74/68/53 73/72/127
f 66/78/124 67/73/123 73/72/127 72/77/128
f 65/81/125 66/78/124 72/77/128 71/80/129
f 63/2801/21 64/2809/126 70/2816/130 69/2810/23
f 64/2809/126 65/2815/125 71/2821/129 70/2816/130
f 73/72/127 74/68/53 80/60/54 79/64/131
f 72/77/128 73/72/127 79/64/131 78/71/132
f 71/80/129 72/77/128 78/71/132 77/76/133
f 69/2810/23 70/2816/130 76/2822/134 75/2817/25
f 70/2816/130 71/2821/129 77/2825/133 76/2822/134
f 79/64/131 80/60/54 86/52/55 85/56/135
f 78/71/132 79/64/131 85/56/135 84/63/136
f 77/76/133 78/71/132 84/63/136 83/70/137
f 75/5442/25 76/5446/134 82/5447/138 81/5443/27
f 76/5446/134 77/5452/133 83/5453/137 82/5447/138
f 85/56/135 86/52/55 92/44/56 91/48/139
f 84/63/136 85/56/135 91/48/139 90/55/140
f 83/70/137 84/63/136 90/55/140 89/62/141
f 81/5443/27 82/5447/138 88/5454/142 87/5448/29
f 82/5447/138 83/5453/137 89/5460/141 88/5454/142
f 91/48/139 92/44/56 98/36/57 97/40/143
f 90/55/140 91/48/139 97/40/143 96/47/144
f 89/62/141 90/55/140 96/47/144 95/54/145
f 87/5448/29 88/5454/142 94/5461/146 93/5455/31
f 88/5454/142 89/5460/141 95/5466/145 94/5461/146
f 97/40/143 98/36/57 104/28/58 103/32/147
f 96/47/144 97/40/143 103/32/147 102/39/148
f 95/54/145 96/47/144 102/39/148 101/46/149
f 93/5455/31 94/5461/146 100/5467/150 99/5462/33
f 94/5461/146 95/5466/145 101/5470/149 100/5467/150
f 103/32/147 104/28/58 110/20/59 109/24/151
f 102/39/148 103/32/147 109/24/151 108/31/152
f 101/46/149 102/39/148 108/31/152 107/38/153
f 99/2777/33 100/2779/150 106/2773/154 105/2771/35
f 100/2779/150 101/2783/149 107/2780/153 106/2773/154
f 109/24/151 110/20/59 116/12/60 115/15/155
f 108/31/152 109/24/151 115/15/155 114/23/156
f 107/38/153 108/31/152 114/23/156 113/30/157
f 105/2771/35 106/2773/154 112/2765/158 111/2763/37
f 106/2773/154 107/2780/153 113/2774/157 112/2765/158
f 115/15/155 116/12/60 122/6/61 121/8/159
f 114/23/156 115/15/155 121/8/159 120/14/160
f 113/30/157 114/23/156 120/14/160 119/22/161
f 111/2763/37 112/2765/158 118/2755/162 117/2753/39
f 112/2765/158 113/2774/157 119/2766/161 118/2755/162
f 8/2/42 7/4/83 121/8/159 122/6/61
f 7/4/83 6/10/85 120/14/160 121/8/159
f 6/10/85 5/18/87 119/22/161 120/14/160
f 5/2756/87 4/2747/89 118/2755/162 119/2766/161
f 4/2747/89 3/2743/1 117/2753/39 118/2755/162
f 127/85/163 128/82/62 242/88/82 241/89/164
f 126/90/165 127/85/163 241/89/164 240/96/166
f 125/97/167 126/90/165 240/96/166 239/105/168
f 123/2746/4 124/2751/169 238/2760/170 237/2754/40
f 124/2751/169 125/2761/167 239/2769/168 238/2760/170
f 128/82/62 127/85/163 133/86/171 134/83/63
f 127/85/163 126/90/165 132/91/172 133/86/171
f 126/90/165 125/97/167 131/98/173 132/91/172
f 125/2761/167 124/2751/169 130/2752/174 131/2762/173
f 124/2751/169 123/2746/4 129/2745/3 130/2752/174
f 134/83/63 133/86/171 139/92/175 140/87/65
f 133/86/171 132/91/172 138/99/176 139/92/175
f 132/91/172 131/98/173 137/106/177 138/99/176
f 131/2762/173 130/2752/174 136/2759/178 137/2768/177
f 130/2752/174 129/2745/3 135/2750/6 136/2759/178
f 140/87/65 139/92/175 145/100/179 146/93/66
f 139/92/175 138/99/176 144/107/180 145/100/179
f 138/99/176 137/106/177 143/114/181 144/107/180
f 137/5428/177 136/5420/178 142/5421/182 143/5429/181
f 136/5420/178 135/5415/6 141/5414/8 142/5421/182
f 146/93/66 145/100/179 151/108/183 152/101/67
f 145/100/179 144/107/180 150/115/184 151/108/183
f 144/107/180 143/114/181 149/122/185 150/115/184
f 143/5429/181 142/5421/182 148/5427/186 149/5435/185
f 142/5421/182 141/5414/8 147/5419/10 148/5427/186
f 152/101/67 151/108/183 157/116/187 158/109/68
f 151/108/183 150/115/184 156/123/188 157/116/187
f 150/115/184 149/122/185 155/130/189 156/123/188
f 149/5435/185 148/5427/186 154/5434/190 155/5439/189
f 148/5427/186 147/5419/10 153/5426/12 154/5434/190
f 158/109/68 157/116/187 163/124/191 164/117/69
f 157/116/187 156/123/188 162/131/192 163/124/191
f 156/123/188 155/130/189 161/138/193 162/131/192
f 155/5439/189 154/5434/190 160/5438/194 161/5441/193
f 154/5434/190 153/5426/12 159/5433/14 160/5438/194
f 164/117/69 163/124/191 169/132/195 170/125/70
f 163/124/191 162/131/192 168/139/196 169/132/195
f 162/131/192 161/138/193 167/146/197 168/139/196
f 161/2814/193 160/2804/194 166/2793/198 167/2805/197
f 160/2804/194 159/2796/14 165/2788/16 166/2793/198
f 170/125/70 169/132/195 175/140/199 176/133/71
f 169/132/195 168/139/196 174/147/200 175/140/199
f 168/139/196 167/146/197 173/154/201 174/147/200
f 167/2805/197 166/2793/198 172/2794/202 173/2806/201
f 166/2793/198 165/2788/16 171/2787/18 172/2794/202
f 176/133/71 175/140/199 181/148/203 182/141/72
f 175/140/199 174/147/200 180/155/204 181/148/203
f 174/147/200 173/154/201 179/159/205 180/155/204
f 173/2806/201 172/2794/202 178/2803/206 179/2813/205
f 172/2794/202 171/2787/18 177/2792/20 178/2803/206
f 182/141/72 181/148/203 187/156/207 188/149/73
f 181/148/203 180/155/204 186/160/208 187/156/207
f 180/155/204 179/159/205 185/162/209 186/160/208
f 179/2813/205 178/2803/206 184/2812/210 185/2820/209
f 178/2803/206 177/2792/20 183/2802/22 184/2812/210
f 188/149/73 187/156/207 193/151/211 194/150/74
f 187/156/207 186/160/208 192/157/212 193/151/211
f 186/160/208 185/162/209 191/161/213 192/157/212
f 185/2820/209 184/2812/210 190/2819/214 191/2824/213
f 184/2812/210 183/2802/22 189/2811/24 190/2819/214
f 194/150/74 193/151/211 199/143/215 200/142/75
f 193/151/211 192/157/212 198/152/216 199/143/215
f 192/157/212 191/161/213 197/158/217 198/152/216
f 191/2824/213 190/2819/214 196/2823/218 197/2826/217
f 190/2819/214 189/2811/24 195/2818/26 196/2823/218
f 200/142/75 199/143/215 205/135/219 206/134/76
f 199/143/215 198/152/216 204/144/220 205/135/219
f 198/152/216 197/158/217 203/153/221 204/144/220
f 197/5458/217 196/5450/218 202/5451/222 203/5459/221
f 196/5450/218 195/5445/26 201/5444/28 202/5451/222
f 206/134/76 205/135/219 211/127/223 212/126/77
f 205/135/219 204/144/220 210/136/224 211/127/223
f 204/144/220 203/153/221 209/145/225 210/136/224
f 203/5459/221 202/5451/222 208/5457/226 209/5465/225
f 202/5451/222 201/5444/28 207/5449/30 208/5457/226
f 212/126/77 211/127/223 217/119/227 218/118/78
f 211/127/223 210/136/224 216/128/228 217/119/227
f 210/136/224 209/145/225 215/137/229 216/128/228
f 209/5465/225 208/5457/226 214/5464/230 215/5469/229
f 208/5457/226 207/5449/30 213/5456/32 214/5464/230
f 218/118/78 217/119/227 223/111/231 224/110/79
f 217/119/227 216/128/228 222/120/232 223/111/231
f 216/128/228 215/137/229 221/129/233 222/120/232
f 215/5469/229 214/5464/230 220/5468/234 221/5471/233
f 214/5464/230 213/5456/32 219/5463/34 220/5468/234
f 224/110/79 223/111/231 229/103/235 230/102/80
f 223/111/231 222/120/232 228/112/236 229/103/235
f 222/120/232 221/129/233 227/121/237 228/112/236
f 221/2784/233 220/2782/234 226/2776/238 227/2781/237
f 220/2782/234 219/2778/34 225/2772/36 226/2776/238
f 230/102/80 229/103/235 235/95/239 236/94/81
f 229/103/235 228/112/236 234/104/240 235/95/239
f 228/112/236 227/121/237 233/113/241 234/104/240
f 227/2781/237 226/2776/238 232/2770/242 233/2775/241
f 226/2776/238 225/2772/36 231/2764/38 232/2770/242
f 236/94/81 235/95/239 241/89/164 242/88/82
f 235/95/239 234/104/240 240/96/166 241/89/164
f 234/104/240 233/113/241 239/105/168 240/96/166
f 233/2775/241 232/2770/242 238/2760/170 239/2769/168
f 232/2770/242 231/2764/38 237/2754/40 238/2760/170
s 4
f 245/2827/243 251/2828/244 371/2829/245 365/2830/246
f 251/2828/244 257/2833/247 377/2834/248 371/2829/245
f 257/5472/247 263/5473/249 383/5474/250 377/5475/248
f 263/5473/249 269/5478/251 389/5479/252 383/5474/250
f 269/5478/251 275/5485/253 395/5486/254 389/5479/252
f 275/5485/253 281/5492/255 401/5493/256 395/5486/254
f 281/2879/255 287/2869/257 407/2872/258 401/2880/256
f 287/2869/257 293/2870/259 413/2871/260 407/2872/258
f 293/2870/259 299/2875/261 419/2876/262 413/2871/260
f 299/2875/261 305/2885/263 425/2886/264 419/2876/262
f 305/2885/263 311/2894/265 431/2895/266 425/2886/264
f 311/2894/265 317/2901/267 437/2902/268 431/2895/266
f 317/5502/267 323/5503/269 443/5504/270 437/5505/268
f 323/5503/269 329/5508/271 449/5509/272 443/5504/270
f 329/5508/271 335/5515/273 455/5516/274 449/5509/272
f 335/5515/273 341/5522/275 461/5523/276 455/5516/274
f 341/2861/275 347/2855/277 467/2856/278 461/2862/276
f 347/2855/277 353/2847/279 473/2848/280 467/2856/278
f 353/2847/279 359/2837/281 479/2838/282 473/2848/280
f 359/2837/281 245/2827/243 365/2830/246 479/2838/282
f 256/163/283 250/164/284 243/165/285
f 262/169/286 256/163/283 243/165/285
f 268/175/287 262/169/286 243/165/285
f 274/183/288 268/175/287 243/165/285
f 280/191/289 274/183/288 243/165/285
f 286/199/290 280/191/289 243/165/285
f 292/207/291 286/199/290 243/165/285
f 298/215/292 292/207/291 243/165/285
f 304/223/293 298/215/292 243/165/285
f 310/231/294 304/223/293 243/165/285
f 316/230/295 310/231/294 243/165/285
f 322/222/296 316/230/295 243/165/285
f 328/214/297 322/222/296 243/165/285
f 334/206/298 328/214/297 243/165/285
f 340/198/299 334/206/298 243/165/285
f 346/190/300 340/198/299 243/165/285
f 352/182/301 346/190/300 243/165/285
f 358/174/302 352/182/301 243/165/285
f 364/168/303 358/174/302 243/165/285
f 250/164/284 364/168/303 243/165/285
f 370/244/304 376/245/305 244/246/306
f 376/245/305 382/249/307 244/246/306
f 382/249/307 388/255/308 244/246/306
f 388/255/308 394/263/309 244/246/306
f 394/263/309 400/271/310 244/246/306
f 400/271/310 406/279/311 244/246/306
f 406/279/311 412/287/312 244/246/306
f 412/287/312 418/295/313 244/246/306
f 418/295/313 424/303/314 244/246/306
f 424/303/314 430/311/315 244/246/306
f 430/311/315 436/312/316 244/246/306
f 436/312/316 442/304/317 244/246/306
f 442/304/317 448/296/318 244/246/306
f 448/296/318 454/288/319 244/246/306
f 454/288/319 460/280/320 244/246/306
f 460/280/320 466/272/321 244/246/306
f 466/272/321 472/264/322 244/246/306
f 472/264/322 478/256/323 244/246/306
f 478/256/323 484/250/324 244/246/306
f 484/250/324 370/244/304 244/246/306
f 249/166/325 250/164/284 256/163/283 255/167/326
f 248/172/327 249/166/325 255/167/326 254/173/328
f 247/180/329 248/172/327 254/173/328 253/181/330
f 245/2827/243 246/2831/331 252/2832/332 251/2828/244
f 246/2831/331 247/2840/329 253/2841/330 252/2832/332
f 255/167/326 256/163/283 262/169/286 261/171/333
f 254/173/328 255/167/326 261/171/333 260/179/334
f 253/181/330 254/173/328 260/179/334 259/189/335
f 251/2828/244 252/2832/332 258/2842/336 257/2833/247
f 252/2832/332 253/2841/330 259/2851/335 258/2842/336
f 261/171/333 262/169/286 268/175/287 267/178/337
f 260/179/334 261/171/333 267/178/337 266/188/338
f 259/189/335 260/179/334 266/188/338 265/197/339
f 257/5472/247 258/5476/336 264/5477/340 263/5473/249
f 258/5476/336 259/5482/335 265/5483/339 264/5477/340
f 267/178/337 268/175/287 274/183/288 273/187/341
f 266/188/338 267/178/337 273/187/341 272/196/342
f 265/197/339 266/188/338 272/196/342 271/205/343
f 263/5473/249 264/5477/340 270/5484/344 269/5478/251
f 264/5477/340 265/5483/339 271/5490/343 270/5484/344
f 273/187/341 274/183/288 280/191/289 279/195/345
f 272/196/342 273/187/341 279/195/345 278/204/346
f 271/205/343 272/196/342 278/204/346 277/213/347
f 269/5478/251 270/5484/344 276/5491/348 275/5485/253
f 270/5484/344 271/5490/343 277/5496/347 276/5491/348
f 279/195/345 280/191/289 286/199/290 285/203/349
f 278/204/346 279/195/345 285/203/349 284/212/350
f 277/213/347 278/204/346 284/212/350 283/221/351
f 275/5485/253 276/5491/348 282/5497/352 281/5492/255
f 276/5491/348 277/5496/347 283/5500/351 282/5497/352
f 285/203/349 286/199/290 292/207/291 291/211/353
f 284/212/350 285/203/349 291/211/353 290/220/354
f 283/221/351 284/212/350 290/220/354 289/229/355
f 281/2879/255 282/2881/352 288/2873/356 287/2869/257
f 282/2881/352 283/2891/351 289/2882/355 288/2873/356
f 291/211/353 292/207/291 298/215/292 297/219/357
f 290/220/354 291/211/353 297/219/357 296/228/358
f 289/229/355 290/220/354 296/228/358 295/237/359
f 287/2869/257 288/2873/356 294/2874/360 293/2870/259
f 288/2873/356 289/2882/355 295/2883/359 294/2874/360
f 297/219/357 298/215/292 304/223/293 303/227/361
f 296/228/358 297/219/357 303/227/361 302/236/362
f 295/237/359 296/228/358 302/236/362 301/241/363
f 293/2870/259 294/2874/360 300/2884/364 299/2875/261
f 294/2874/360 295/2883/359 301/2892/363 300/2884/364
f 303/227/361 304/223/293 310/231/294 309/235/365
f 302/236/362 303/227/361 309/235/365 308/240/366
f 301/241/363 302/236/362 308/240/366 307/243/367
f 299/2875/261 300/2884/364 306/2893/368 305/2885/263
f 300/2884/364 301/2892/363 307/2899/367 306/2893/368
f 309/235/365 310/231/294 316/230/295 315/234/369
f 308/240/366 309/235/365 315/234/369 314/239/370
f 307/243/367 308/240/366 314/239/370 313/242/371
f 305/2885/263 306/2893/368 312/2900/372 311/2894/265
f 306/2893/368 307/2899/367 313/2905/371 312/2900/372
f 315/234/369 316/230/295 322/222/296 321/226/373
f 314/239/370 315/234/369 321/226/373 320/233/374
f 313/242/371 314/239/370 320/233/374 319/238/375
f 311/2894/265 312/2900/372 318/2906/376 317/2901/267
f 312/2900/372 313/2905/371 319/2909/375 318/2906/376
f 321/226/373 322/222/296 328/214/297 327/218/377
f 320/233/374 321/226/373 327/218/377 326/225/378
f 319/238/375 320/233/374 326/225/378 325/232/379
f 317/5502/267 318/5506/376 324/5507/380 323/5503/269
f 318/5506/376 319/5512/375 325/5513/379 324/5507/380
f 327/218/377 328/214/297 334/206/298 333/210/381
f 326/225/378 327/218/377 333/210/381 332/217/382
f 325/232/379 326/225/378 332/217/382 331/224/383
f 323/5503/269 324/5507/380 330/5514/384 329/5508/271
f 324/5507/380 325/5513/379 331/5520/383 330/5514/384
f 333/210/381 334/206/298 340/198/299 339/202/385
f 332/217/382 333/210/381 339/202/385 338/209/386
f 331/224/383 332/217/382 338/209/386 337/216/387
f 329/5508/271 330/5514/384 336/5521/388 335/5515/273
f 330/5514/384 331/5520/383 337/5526/387 336/5521/388
f 339/202/385 340/198/299 346/190/300 345/194/389
f 338/209/386 339/202/385 345/194/389 344/201/390
f 337/216/387 338/209/386 344/201/390 343/208/391
f 335/5515/273 336/5521/388 342/5527/392 341/5522/275
f 336/5521/388 337/5526/387 343/5530/391 342/5527/392
f 345/194/389 346/190/300 352/182/301 351/186/393
f 344/201/390 345/194/389 351/186/393 350/193/394
f 343/208/391 344/201/390 350/193/394 349/200/395
f 341/2861/275 342/2863/392 348/2857/396 347/2855/277
f 342/2863/392 343/2867/391 349/2864/395 348/2857/396
f 351/186/393 352/182/301 358/174/302 357/177/397
f 350/193/394 351/186/393 357/177/397 356/185/398
f 349/200/395 350/193/394 356/185/398 355/192/399
f 347/2855/277 348/2857/396 354/2849/400 353/2847/279
f 348/2857/396 349/2864/395 355/2858/399 354/2849/400
f 357/177/397 358/174/302 364/168/303 363/170/401
f 356/185/398 357/177/397 363/170/401 362/176/402
f 355/192/399 356/185/398 362/176/402 361/184/403
f 353/2847/279 354/2849/400 360/2839/404 359/2837/281
f 354/2849/400 355/2858/399 361/2850/403 360/2839/404
f 250/164/284 249/166/325 363/170/401 364/168/303
f 249/166/325 248/172/327 362/176/402 363/170/401
f 248/172/327 247/180/329 361/184/403 362/176/402
f 247/2840/329 246/2831/331 360/2839/404 361/2850/403
f 246/2831/331 245/2827/243 359/2837/281 360/2839/404
f 369/247/405 370/244/304 484/250/324 483/251/406
f 368/252/407 369/247/405 483/251/406 482/258/408
f 367/259/409 368/252/407 482/258/408 481/267/410
f 365/2830/246 366/2835/411 480/2844/412 479/2838/282
f 366/2835/411 367/2845/409 481/2853/410 480/2844/412
f 370/244/304 369/247/405 375/248/413 376/245/305
f 369/247/405 368/252/407 374/253/414 375/248/413
f 368/252/407 367/259/409 373/260/415 374/253/414
f 367/2845/409 366/2835/411 372/2836/416 373/2846/415
f 366/2835/411 365/2830/246 371/2829/245 372/2836/416
f 376/245/305 375/248/413 381/254/417 382/249/307
f 375/248/413 374/253/414 380/261/418 381/254/417
f 374/253/414 373/260/415 379/268/419 380/261/418
f 373/2846/415 372/2836/416 378/2843/420 379/2852/419
f 372/2836/416 371/2829/245 377/2834/248 378/2843/420
f 382/249/307 381/254/417 387/262/421 388/255/308
f 381/254/417 380/261/418 386/269/422 387/262/421
f 380/261/418 379/268/419 385/276/423 386/269/422
f 379/5488/419 378/5480/420 384/5481/424 385/5489/423
f 378/5480/420 377/5475/248 383/5474/250 384/5481/424
f 388/255/308 387/262/421 393/270/425 394/263/309
f 387/262/421 386/269/422 392/277/426 393/270/425
f 386/269/422 385/276/423 391/284/427 392/277/426
f 385/5489/423 384/5481/424 390/5487/428 391/5495/427
f 384/5481/424 383/5474/250 389/5479/252 390/5487/428
f 394/263/309 393/270/425 399/278/429 400/271/310
f 393/270/425 392/277/426 398/285/430 399/278/429
f 392/277/426 391/284/427 397/292/431 398/285/430
f 391/5495/427 390/5487/428 396/5494/432 397/5499/431
f 390/5487/428 389/5479/252 395/5486/254 396/5494/432
f 400/271/310 399/278/429 405/286/433 406/279/311
f 399/278/429 398/285/430 404/293/434 405/286/433
f 398/285/430 397/292/431 403/300/435 404/293/434
f 397/5499/431 396/5494/432 402/5498/436 403/5501/435
f 396/5494/432 395/5486/254 401/5493/256 402/5498/436
f 406/279/311 405/286/433 411/294/437 412/287/312
f 405/286/433 404/293/434 410/301/438 411/294/437
f 404/293/434 403/300/435 409/308/439 410/301/438
f 403/2898/435 402/2888/436 408/2877/440 409/2889/439
f 402/2888/436 401/2880/256 407/2872/258 408/2877/440
f 412/287/312 411/294/437 417/302/441 418/295/313
f 411/294/437 410/301/438 416/309/442 417/302/441
f 410/301/438 409/308/439 415/316/443 416/309/442
f 409/2889/439 408/2877/440 414/2878/444 415/2890/443
f 408/2877/440 407/2872/258 413/2871/260 414/2878/444
f 418/295/313 417/302/441 423/310/445 424/303/314
f 417/302/441 416/309/442 422/317/446 423/310/445
f 416/309/442 415/316/443 421/321/447 422/317/446
f 415/2890/443 414/2878/444 420/2887/448 421/2897/447
f 414/2878/444 413/2871/260 419/2876/262 420/2887/448
f 424/303/314 423/310/445 429/318/449 430/311/315
f 423/310/445 422/317/446 428/322/450 429/318/449
f 422/317/446 421/321/447 427/324/451 428/322/450
f 421/2897/447 420/2887/448 426/2896/452 427/2904/451
f 420/2887/448 419/2876/262 425/2886/264 426/2896/452
f 430/311/315 429/318/449 435/313/453 436/312/316
f 429/318/449 428/322/450 434/319/454 435/313/453
f 428/322/450 427/324/451 433/323/455 434/319/454
f 427/2904/451 426/2896/452 432/2903/456 433/2908/455
f 426/2896/452 425/2886/264 431/2895/266 432/2903/456
f 436/312/316 435/313/453 441/305/457 442/304/317
f 435/313/453 434/319/454 440/314/458 441/305/457
f 434/319/454 433/323/455 439/320/459 440/314/458
f 433/2908/455 432/2903/456 438/2907/460 439/2910/459
f 432/2903/456 431/2895/266 437/2902/268 438/2907/460
f 442/304/317 441/305/457 447/297/461 448/296/318
f 441/305/457 440/314/458 446/306/462 447/297/461
f 440/314/458 439/320/459 445/315/463 446/306/462
f 439/5518/459 438/5510/460 444/5511/464 445/5519/463
f 438/5510/460 437/5505/268 443/5504/270 444/5511/464
f 448/296/318 447/297/461 453/289/465 454/288/319
f 447/297/461 446/306/462 452/298/466 453/289/465
f 446/306/462 445/315/463 451/307/467 452/298/466
f 445/5519/463 444/5511/464 450/5517/468 451/5525/467
f 444/5511/464 443/5504/270 449/5509/272 450/5517/468
f 454/288/319 453/289/465 459/281/469 460/280/320
f 453/289/465 452/298/466 458/290/470 459/281/469
f 452/298/466 451/307/467 457/299/471 458/290/470
f 451/5525/467 450/5517/468 456/5524/472 457/5529/471
f 450/5517/468 449/5509/272 455/5516/274 456/5524/472
f 460/280/320 459/281/469 465/273/473 466/272/321
f 459/281/469 458/290/470 464/282/474 465/273/473
f 458/290/470 457/299/471 463/291/475 464/282/474
f 457/5529/471 456/5524/472 462/5528/476 463/5531/475
f 456/5524/472 455/5516/274 461/5523/276 462/5528/476
f 466/272/321 465/273/473 471/265/477 472/264/322
f 465/273/473 464/282/474 470/274/478 471/265/477
f 464/282/474 463/291/475 469/283/479 470/274/478
f 463/2868/475 462/2866/476 468/2860/480 469/2865/479
f 462/2866/476 461/2862/276 467/2856/278 468/2860/480
f 472/264/322 471/265/477 477/257/481 478/256/323
f 471/265/477 470/274/478 476/266/482 477/257/481
f 470/274/478 469/283/479 475/275/483 476/266/482
f 469/2865/479 468/2860/480 474/2854/484 475/2859/483
f 468/2860/480 467/2856/278 473/2848/280 474/2854/484
f 478/256/323 477/257/481 483/251/406 484/250/324
f 477/257/481 476/266/482 482/258/408 483/251/406
f 476/266/482 475/275/483 481/267/410 482/258/408
f 475/2859/483 474/2854/484 480/2844/412 481/2853/410
f 474/2854/484 473/2848/280 479/2838/282 480/2844/412
s 7
f 485/2911/485 505/2912/486 506/2913/487 486/2914/488
f 486/2914/488 506/2913/487 507/2917/489 487/2918/490
f 487/329/490 507/330/489 508/326/491 488/325/492
f 488/325/492 508/326/491 509/327/493 489/328/494
f 489/328/494 509/327/493 510/331/495 490/332/496
f 490/332/496 510/331/495 511/333/497 491/334/498
f 491/2925/498 511/2926/497 512/2927/499 492/2928/500
f 492/2928/500 512/2927/499 513/2929/501 493/2930/502
f 493/2930/502 513/2929/501 514/2931/503 494/2932/504
f 494/2932/504 514/2931/503 515/2933/505 495/2934/506
f 495/2934/506 515/2933/505 516/2935/507 496/2936/508
f 496/2936/508 516/2935/507 517/2937/509 497/2938/510
f 497/339/510 517/340/509 518/336/511 498/335/512
f 498/335/512 518/336/511 519/337/513 499/338/514
f 499/338/514 519/337/513 520/341/515 500/342/516
f 500/342/516 520/341/515 521/343/517 501/344/518
f 501/2923/518 521/2924/517 522/2922/519 502/2921/520
f 502/2921/520 522/2922/519 523/2920/521 503/2919/522
f 503/2919/522 523/2920/521 524/2916/523 504/2915/524
f 504/2915/524 524/2916/523 505/2912/486 485/2911/485
s 8
f 486/5532/525 525/5533/526 485/5534/527
f 487/5535/528 525/5533/526 486/5532/525
f 488/5537/529 525/5533/526 487/5535/528
f 489/5539/530 525/5533/526 488/5537/529
f 490/5541/531 525/5533/526 489/5539/530
f 491/5543/532 525/5533/526 490/5541/531
f 492/5545/533 525/5533/526 491/5543/532
f 493/5547/534 525/5533/526 492/5545/533
f 494/5549/535 525/5533/526 493/5547/534
f 495/5551/536 525/5533/526 494/5549/535
f 496/5552/537 525/5533/526 495/5551/536
f 497/5550/538 525/5533/526 496/5552/537
f 498/5548/539 525/5533/526 497/5550/538
f 499/5546/540 525/5533/526 498/5548/539
f 500/5544/541 525/5533/526 499/5546/540
f 501/5542/542 525/5533/526 500/5544/541
f 502/5540/543 525/5533/526 501/5542/542
f 503/5538/544 525/5533/526 502/5540/543
f 504/5536/545 525/5533/526 503/5538/544
f 485/5534/527 525/5533/526 504/5536/545
s 9
f 505/5553/546 526/5554/547 506/5555/548
f 506/5555/548 526/5554/547 507/5557/549
f 507/5557/549 526/5554/547 508/5559/550
f 508/5559/550 526/5554/547 509/5561/551
f 509/5561/551 526/5554/547 510/5563/552
f 510/5563/552 526/5554/547 511/5565/553
f 511/5565/553 526/5554/547 512/5567/554
f 512/5567/554 526/5554/547 513/5569/555
f 513/5569/555 526/5554/547 514/5571/556
f 514/5571/556 526/5554/547 515/5573/557
f 515/5573/557 526/5554/547 516/5572/558
f 516/5572/558 526/5554/547 517/5570/559
f 517/5570/559 526/5554/547 518/5568/560
f 518/5568/560 526/5554/547 519/5566/561
f 519/5566/561 526/5554/547 520/5564/562
f 520/5564/562 526/5554/547 521/5562/563
f 521/5562/563 526/5554/547 522/5560/564
f 522/5560/564 526/5554/547 523/5558/565
f 523/5558/565 526/5554/547 524/5556/566
f 524/5556/566 526/5554/547 505/5553/546
s 10
f 527/2939/567 528/2940/568 548/2941/569 547/2942/570
f 528/2940/568 529/2943/571 549/2944/572 548/2941/569
f 529/5574/571 530/5575/573 550/5576/574 549/5577/572
f 530/5575/573 531/5578/575 551/5579/576 550/5576/574
f 531/5578/575 532/5580/577 552/5581/578 551/5579/576
f 532/5580/577 533/5582/579 553/5583/580 552/5581/578
f 533/2959/579 534/2953/581 554/2956/582 553/2960/580
f 534/2953/581 535/2954/583 555/2955/584 554/2956/582
f 535/2954/583 536/2957/585 556/2958/586 555/2955/584
f 536/2957/585 537/2961/587 557/2962/588 556/2958/586
f 537/2961/587 538/2963/589 558/2964/590 557/2962/588
f 538/2963/589 539/2965/591 559/2966/592 558/2964/590
f 539/5584/591 540/5585/593 560/5586/594 559/5587/592
f 540/5585/593 541/5588/595 561/5589/596 560/5586/594
f 541/5588/595 542/5590/597 562/5591/598 561/5589/596
f 542/5590/597 543/5592/599 563/5593/600 562/5591/598
f 543/2951/599 544/2949/601 564/2950/602 563/2952/600
f 544/2949/601 545/2947/603 565/2948/604 564/2950/602
f 545/2947/603 546/2945/605 566/2946/606 565/2948/604
f 546/2945/605 527/2939/567 547/2942/570 566/2946/606
s 11
f 528/345/607 527/346/608 567/347/609
f 529/349/610 528/345/607 567/347/609
f 530/351/611 529/349/610 567/347/609
f 531/353/612 530/351/611 567/347/609
f 532/355/613 531/353/612 567/347/609
f 533/357/614 532/355/613 567/347/609
f 534/359/615 533/357/614 567/347/609
f 535/361/616 534/359/615 567/347/609
f 536/363/617 535/361/616 567/347/609
f 537/365/618 536/363/617 567/347/609
f 538/364/619 537/365/618 567/347/609
f 539/362/620 538/364/619 567/347/609
f 540/360/621 539/362/620 567/347/609
f 541/358/622 540/360/621 567/347/609
f 542/356/623 541/358/622 567/347/609
f 543/354/624 542/356/623 567/347/609
f 544/352/625 543/354/624 567/347/609
f 545/350/626 544/352/625 567/347/609
f 546/348/627 545/350/626 567/347/609
f 527/346/608 546/348/627 567/347/609
s 12
f 547/366/628 548/367/629 568/368/630
f 548/367/629 549/369/631 568/368/630
f 549/369/631 550/371/632 568/368/630
f 550/371/632 551/373/633 568/368/630
f 551/373/633 552/375/634 568/368/630
f 552/375/634 553/377/635 568/368/630
f 553/377/635 554/379/636 568/368/630
f 554/379/636 555/381/637 568/368/630
f 555/381/637 556/383/638 568/368/630
f 556/383/638 557/385/639 568/368/630
f 557/385/639 558/386/640 568/368/630
f 558/386/640 559/384/641 568/368/630
f 559/384/641 560/382/642 568/368/630
f 560/382/642 561/380/643 568/368/630
f 561/380/643 562/378/644 568/368/630
f 562/378/644 563/376/645 568/368/630
f 563/376/645 564/374/646 568/368/630
f 564/374/646 565/372/647 568/368/630
f 565/372/647 566/370/648 568/368/630
f 566/370/648 547/366/628 568/368/630
s 13
f 571/387/649 577/388/650 697/389/651 691/390/652
f 577/388/650 583/393/653 703/394/654 697/389/651
f 583/2967/653 589/2968/655 709/2969/656 703/2970/654
f 589/2968/655 595/2973/657 715/2974/658 709/2969/656
f 595/2973/657 601/2980/659 721/2981/660 715/2974/658
f 601/2980/659 607/2989/661 727/2990/662 721/2981/660
f 607/449/661 613/439/663 733/442/664 727/450/662
f 613/439/663 619/440/665 739/441/666 733/442/664
f 619/440/665 625/445/667 745/446/668 739/441/666
f 625/445/667 631/455/669 751/456/670 745/446/668
f 631/455/669 637/466/671 757/467/672 751/456/670
f 637/466/671 643/476/673 763/477/674 757/467/672
f 643/3007/673 649/3008/675 769/3009/676 763/3010/674
f 649/3008/675 655/3013/677 775/3014/678 769/3009/676
f 655/3013/677 661/3020/679 781/3021/680 775/3014/678
f 661/3020/679 667/3029/681 787/3030/682 781/3021/680
f 667/427/681 673/419/683 793/420/684 787/428/682
f 673/419/683 679/407/685 799/408/686 793/420/684
f 679/407/685 685/397/687 805/398/688 799/408/686
f 685/397/687 571/387/649 691/390/652 805/398/688
f 582/5594/689 576/5595/690 569/5596/691
f 588/5600/692 582/5594/689 569/5596/691
f 594/5606/693 588/5600/692 569/5596/691
f 600/5612/694 594/5606/693 569/5596/691
f 606/5620/695 600/5612/694 569/5596/691
f 612/5626/696 606/5620/695 569/5596/691
f 618/5632/697 612/5626/696 569/5596/691
f 624/5640/698 618/5632/697 569/5596/691
f 630/5646/699 624/5640/698 569/5596/691
f 636/5654/700 630/5646/699 569/5596/691
f 642/5653/701 636/5654/700 569/5596/691
f 648/5645/702 642/5653/701 569/5596/691
f 654/5639/703 648/5645/702 569/5596/691
f 660/5631/704 654/5639/703 569/5596/691
f 666/5625/705 660/5631/704 569/5596/691
f 672/5619/706 666/5625/705 569/5596/691
f 678/5611/707 672/5619/706 569/5596/691
f 684/5605/708 678/5611/707 569/5596/691
f 690/5599/709 684/5605/708 569/5596/691
f 576/5595/690 690/5599/709 569/5596/691
f 696/5663/710 702/5664/711 570/5665/712
f 702/5664/711 708/5668/713 570/5665/712
f 708/5668/713 714/5674/714 570/5665/712
f 714/5674/714 720/5680/715 570/5665/712
f 720/5680/715 726/5688/716 570/5665/712
f 726/5688/716 732/5694/717 570/5665/712
f 732/5694/717 738/5700/718 570/5665/712
f 738/5700/718 744/5708/719 570/5665/712
f 744/5708/719 750/5714/720 570/5665/712
f 750/5714/720 756/5722/721 570/5665/712
f 756/5722/721 762/5723/722 570/5665/712
f 762/5723/722 768/5715/723 570/5665/712
f 768/5715/723 774/5709/724 570/5665/712
f 774/5709/724 780/5701/725 570/5665/712
f 780/5701/725 786/5695/726 570/5665/712
f 786/5695/726 792/5689/727 570/5665/712
f 792/5689/727 798/5681/728 570/5665/712
f 798/5681/728 804/5675/729 570/5665/712
f 804/5675/729 810/5669/730 570/5665/712
f 810/5669/730 696/5663/710 570/5665/712
f 575/5597/731 576/5595/690 582/5594/689 581/5598/732
f 574/5603/733 575/5597/731 581/5598/732 580/5604/734
f 573/400/735 574/411/733 580/412/734 579/401/736
f 571/387/649 572/391/737 578/392/738 577/388/650
f 572/391/737 573/400/735 579/401/736 578/392/738
f 581/5598/732 582/5594/689 588/5600/692 587/5602/739
f 580/5604/734 581/5598/732 587/5602/739 586/5610/740
f 579/5617/736 580/5604/734 586/5610/740 585/5618/741
f 577/388/650 578/392/738 584/402/742 583/393/653
f 578/392/738 579/401/736 585/413/741 584/402/742
f 587/5602/739 588/5600/692 594/5606/693 593/5609/743
f 586/5610/740 587/5602/739 593/5609/743 592/5616/744
f 585/2977/741 586/2985/740 592/2986/744 591/2978/745
f 583/2967/653 584/2971/742 590/2972/746 589/2968/655
f 584/2971/742 585/2977/741 591/2978/745 590/2972/746
f 593/5609/743 594/5606/693 600/5612/694 599/5615/747
f 592/5616/744 593/5609/743 599/5615/747 598/5624/748
f 591/2978/745 592/2986/744 598/2995/748 597/2987/749
f 589/2968/655 590/2972/746 596/2979/750 595/2973/657
f 590/2972/746 591/2978/745 597/2987/749 596/2979/750
f 599/5615/747 600/5612/694 606/5620/695 605/5623/751
f 598/5624/748 599/5615/747 605/5623/751 604/5630/752
f 597/2987/749 598/2995/748 604/3001/752 603/2996/753
f 595/2973/657 596/2979/750 602/2988/754 601/2980/659
f 596/2979/750 597/2987/749 603/2996/753 602/2988/754
f 605/5623/751 606/5620/695 612/5626/696 611/5629/755
f 604/5630/752 605/5623/751 611/5629/755 610/5638/756
f 603/2996/753 604/3001/752 610/3005/756 609/3002/757
f 601/2980/659 602/2988/754 608/2997/758 607/2989/661
f 602/2988/754 603/2996/753 609/3002/757 608/2997/758
f 611/5629/755 612/5626/696 618/5632/697 617/5637/759
f 610/5638/756 611/5629/755 617/5637/759 616/5644/760
f 609/5651/757 610/5638/756 616/5644/760 615/5652/761
f 607/449/661 608/451/758 614/443/762 613/439/663
f 608/451/758 609/461/757 615/452/761 614/443/762
f 617/5637/759 618/5632/697 624/5640/698 623/5643/763
f 616/5644/760 617/5637/759 623/5643/763 622/5650/764
f 615/452/761 616/462/760 622/463/764 621/453/765
f 613/439/663 614/443/762 620/444/766 619/440/665
f 614/443/762 615/452/761 621/453/765 620/444/766
f 623/5643/763 624/5640/698 630/5646/699 629/5649/767
f 622/5650/764 623/5643/763 629/5649/767 628/5658/768
f 621/453/765 622/463/764 628/473/768 627/464/769
f 619/440/665 620/444/766 626/454/770 625/445/667
f 620/444/766 621/453/765 627/464/769 626/454/770
f 629/5649/767 630/5646/699 636/5654/700 635/5657/771
f 628/5658/768 629/5649/767 635/5657/771 634/5660/772
f 627/464/769 628/473/768 634/481/772 633/474/773
f 625/445/667 626/454/770 632/465/774 631/455/669
f 626/454/770 627/464/769 633/474/773 632/465/774
f 635/5657/771 636/5654/700 642/5653/701 641/5656/775
f 634/5660/772 635/5657/771 641/5656/775 640/5659/776
f 633/474/773 634/481/772 640/487/776 639/482/777
f 631/455/669 632/465/774 638/475/778 637/466/671
f 632/465/774 633/474/773 639/482/777 638/475/778
f 641/5656/775 642/5653/701 648/5645/702 647/5648/779
f 640/5659/776 641/5656/775 647/5648/779 646/5655/780
f 639/5661/777 640/5659/776 646/5655/780 645/5662/781
f 637/466/671 638/475/778 644/483/782 643/476/673
f 638/475/778 639/482/777 645/488/781 644/483/782
f 647/5648/779 648/5645/702 654/5639/703 653/5642/783
f 646/5655/780 647/5648/779 653/5642/783 652/5647/784
f 645/3017/781 646/3025/780 652/3026/784 651/3018/785
f 643/3007/673 644/3011/782 650/3012/786 649/3008/675
f 644/3011/782 645/3017/781 651/3018/785 650/3012/786
f 653/5642/783 654/5639/703 660/5631/704 659/5636/787
f 652/5647/784 653/5642/783 659/5636/787 658/5641/788
f 651/3018/785 652/3026/784 658/3035/788 657/3027/789
f 649/3008/675 650/3012/786 656/3019/790 655/3013/677
f 650/3012/786 651/3018/785 657/3027/789 656/3019/790
f 659/5636/787 660/5631/704 666/5625/705 665/5628/791
f 658/5641/788 659/5636/787 665/5628/791 664/5633/792
f 657/3027/789 658/3035/788 664/3041/792 663/3036/793
f 655/3013/677 656/3019/790 662/3028/794 661/3020/679
f 656/3019/790 657/3027/789 663/3036/793 662/3028/794
f 665/5628/791 666/5625/705 672/5619/706 671/5622/795
f 664/5633/792 665/5628/791 671/5622/795 670/5627/796
f 663/3036/793 664/3041/792 670/3045/796 669/3042/797
f 661/3020/679 662/3028/794 668/3037/798 667/3029/681
f 662/3028/794 663/3036/793 669/3042/797 668/3037/798
f 671/5622/795 672/5619/706 678/5611/707 677/5614/799
f 670/5627/796 671/5622/795 677/5614/799 676/5621/800
f 669/5634/797 670/5627/796 676/5621/800 675/5635/801
f 667/427/681 668/429/798 674/421/802 673/419/683
f 668/429/798 669/435/797 675/430/801 674/421/802
f 677/5614/799 678/5611/707 684/5605/708 683/5608/803
f 676/5621/800 677/5614/799 683/5608/803 682/5613/804
f 675/430/801 676/436/800 682/431/804 681/422/805
f 673/419/683 674/421/802 680/409/806 679/407/685
f 674/421/802 675/430/801 681/422/805 680/409/806
f 683/5608/803 684/5605/708 690/5599/709 689/5601/807
f 682/5613/804 683/5608/803 689/5601/807 688/5607/808
f 681/422/805 682/431/804 688/423/808 687/410/809
f 679/407/685 680/409/806 686/399/810 685/397/687
f 680/409/806 681/422/805 687/410/809 686/399/810
f 576/5595/690 575/5597/731 689/5601/807 690/5599/709
f 575/5597/731 574/5603/733 688/5607/808 689/5601/807
f 574/411/733 573/400/735 687/410/809 688/423/808
f 573/400/735 572/391/737 686/399/810 687/410/809
f 572/391/737 571/387/649 685/397/687 686/399/810
f 695/5666/811 696/5663/710 810/5669/730 809/5670/812
f 694/5671/813 695/5666/811 809/5670/812 808/5677/814
f 693/405/815 694/417/813 808/424/814 807/415/816
f 691/390/652 692/395/817 806/404/818 805/398/688
f 692/395/817 693/405/815 807/415/816 806/404/818
f 696/5663/710 695/5666/811 701/5667/819 702/5664/711
f 695/5666/811 694/5671/813 700/5672/820 701/5667/819
f 694/417/813 693/405/815 699/406/821 700/418/820
f 693/405/815 692/395/817 698/396/822 699/406/821
f 692/395/817 691/390/652 697/389/651 698/396/822
f 702/5664/711 701/5667/819 707/5673/823 708/5668/713
f 701/5667/819 700/5672/820 706/5678/824 707/5673/823
f 700/5672/820 699/5684/821 705/5685/825 706/5678/824
f 699/406/821 698/396/822 704/403/826 705/414/825
f 698/396/822 697/389/651 703/394/654 704/403/826
f 708/5668/713 707/5673/823 713/5679/827 714/5674/714
f 707/5673/823 706/5678/824 712/5686/828 713/5679/827
f 706/2993/824 705/2983/825 711/2984/829 712/2994/828
f 705/2983/825 704/2975/826 710/2976/830 711/2984/829
f 704/2975/826 703/2970/654 709/2969/656 710/2976/830
f 714/5674/714 713/5679/827 719/5687/831 720/5680/715
f 713/5679/827 712/5686/828 718/5692/832 719/5687/831
f 712/2994/828 711/2984/829 717/2992/833 718/3000/832
f 711/2984/829 710/2976/830 716/2982/834 717/2992/833
f 710/2976/830 709/2969/656 715/2974/658 716/2982/834
f 720/5680/715 719/5687/831 725/5693/835 726/5688/716
f 719/5687/831 718/5692/832 724/5698/836 725/5693/835
f 718/3000/832 717/2992/833 723/2999/837 724/3004/836
f 717/2992/833 716/2982/834 722/2991/838 723/2999/837
f 716/2982/834 715/2974/658 721/2981/660 722/2991/838
f 726/5688/716 725/5693/835 731/5699/839 732/5694/717
f 725/5693/835 724/5698/836 730/5706/840 731/5699/839
f 724/3004/836 723/2999/837 729/3003/841 730/3006/840
f 723/2999/837 722/2991/838 728/2998/842 729/3003/841
f 722/2991/838 721/2981/660 727/2990/662 728/2998/842
f 732/5694/717 731/5699/839 737/5707/843 738/5700/718
f 731/5699/839 730/5706/840 736/5712/844 737/5707/843
f 730/5706/840 729/5718/841 735/5719/845 736/5712/844
f 729/470/841 728/458/842 734/447/846 735/459/845
f 728/458/842 727/450/662 733/442/664 734/447/846
f 738/5700/718 737/5707/843 743/5713/847 744/5708/719
f 737/5707/843 736/5712/844 742/5720/848 743/5713/847
f 736/471/844 735/459/845 741/460/849 742/472/848
f 735/459/845 734/447/846 740/448/850 741/460/849
f 734/447/846 733/442/664 739/441/666 740/448/850
f 744/5708/719 743/5713/847 749/5721/851 750/5714/720
f 743/5713/847 742/5720/848 748/5726/852 749/5721/851
f 742/472/848 741/460/849 747/469/853 748/480/852
f 741/460/849 740/448/850 746/457/854 747/469/853
f 740/448/850 739/441/666 745/446/668 746/457/854
f 750/5714/720 749/5721/851 755/5727/855 756/5722/721
f 749/5721/851 748/5726/852 754/5729/856 755/5727/855
f 748/480/852 747/469/853 753/479/857 754/486/856
f 747/469/853 746/457/854 752/468/858 753/479/857
f 746/457/854 745/446/668 751/456/670 752/468/858
f 756/5722/721 755/5727/855 761/5724/859 762/5723/722
f 755/5727/855 754/5729/856 760/5728/860 761/5724/859
f 754/486/856 753/479/857 759/485/861 760/490/860
f 753/479/857 752/468/858 758/478/862 759/485/861
f 752/468/858 751/456/670 757/467/672 758/478/862
f 762/5723/722 761/5724/859 767/5716/863 768/5715/723
f 761/5724/859 760/5728/860 766/5725/864 767/5716/863
f 760/5728/860 759/5730/861 765/5731/865 766/5725/864
f 759/485/861 758/478/862 764/484/866 765/489/865
f 758/478/862 757/467/672 763/477/674 764/484/866
f 768/5715/723 767/5716/863 773/5710/867 774/5709/724
f 767/5716/863 766/5725/864 772/5717/868 773/5710/867
f 766/3033/864 765/3023/865 771/3024/869 772/3034/868
f 765/3023/865 764/3015/866 770/3016/870 771/3024/869
f 764/3015/866 763/3010/674 769/3009/676 770/3016/870
f 774/5709/724 773/5710/867 779/5702/871 780/5701/725
f 773/5710/867 772/5717/868 778/5711/872 779/5702/871
f 772/3034/868 771/3024/869 777/3032/873 778/3040/872
f 771/3024/869 770/3016/870 776/3022/874 777/3032/873
f 770/3016/870 769/3009/676 775/3014/678 776/3022/874
f 780/5701/725 779/5702/871 785/5696/875 786/5695/726
f 779/5702/871 778/5711/872 784/5703/876 785/5696/875
f 778/3040/872 777/3032/873 783/3039/877 784/3044/876
f 777/3032/873 776/3022/874 782/3031/878 783/3039/877
f 776/3022/874 775/3014/678 781/3021/680 782/3031/878
f 786/5695/726 785/5696/875 791/5690/879 792/5689/727
f 785/5696/875 784/5703/876 790/5697/880 791/5690/879
f 784/3044/876 783/3039/877 789/3043/881 790/3046/880
f 783/3039/877 782/3031/878 788/3038/882 789/3043/881
f 782/3031/878 781/3021/680 787/3030/682 788/3038/882
f 792/5689/727 791/5690/879 797/5682/883 798/5681/728
f 791/5690/879 790/5697/880 796/5691/884 797/5682/883
f 790/5697/880 789/5704/881 795/5705/885 796/5691/884
f 789/438/881 788/434/882 794/426/886 795/433/885
f 788/434/882 787/428/682 793/420/684 794/426/886
f 798/5681/728 797/5682/883 803/5676/887 804/5675/729
f 797/5682/883 796/5691/884 802/5683/888 803/5676/887
f 796/437/884 795/433/885 801/425/889 802/432/888
f 795/433/885 794/426/886 800/416/890 801/425/889
f 794/426/886 793/420/684 799/408/686 800/416/890
f 804/5675/729 803/5676/887 809/5670/812 810/5669/730
f 803/5676/887 802/5683/888 808/5677/814 809/5670/812
f 802/432/888 801/425/889 807/415/816 808/424/814
f 801/425/889 800/416/890 806/404/818 807/415/816
f 800/416/890 799/408/686 805/398/688 806/404/818
s 16
f 813/3047/891 819/3048/892 939/3049/893 933/3050/894
f 819/3048/892 825/3053/895 945/3054/896 939/3049/893
f 825/5732/895 831/5733/897 951/5734/898 945/5735/896
f 831/5733/897 837/5738/899 957/5739/900 951/5734/898
f 837/5738/899 843/5745/901 963/5746/902 957/5739/900
f 843/5745/901 849/5752/903 969/5753/904 963/5746/902
f 849/3099/903 855/3089/905 975/3092/906 969/3100/904
f 855/3089/905 861/3090/907 981/3091/908 975/3092/906
f 861/3090/907 867/3095/909 987/3096/910 981/3091/908
f 867/3095/909 873/3105/911 993/3106/912 987/3096/910
f 873/3105/911 879/3114/913 999/3115/914 993/3106/912
f 879/3114/913 885/3121/915 1005/3122/916 999/3115/914
f 885/5762/915 891/5763/917 1011/5764/918 1005/5765/916
f 891/5763/917 897/5768/919 1017/5769/920 1011/5764/918
f 897/5768/919 903/5775/921 1023/5776/922 1017/5769/920
f 903/5775/921 909/5782/923 1029/5783/924 1023/5776/922
f 909/3081/923 915/3075/925 1035/3076/926 1029/3082/924
f 915/3075/925 921/3067/927 1041/3068/928 1035/3076/926
f 921/3067/927 927/3057/929 1047/3058/930 1041/3068/928
f 927/3057/929 813/3047/891 933/3050/894 1047/3058/930
f 824/491/931 818/492/932 811/493/933
f 830/497/934 824/491/931 811/493/933
f 836/503/935 830/497/934 811/493/933
f 842/511/936 836/503/935 811/493/933
f 848/519/937 842/511/936 811/493/933
f 854/527/938 848/519/937 811/493/933
f 860/535/939 854/527/938 811/493/933
f 866/543/940 860/535/939 811/493/933
f 872/551/941 866/543/940 811/493/933
f 878/559/942 872/551/941 811/493/933
f 884/558/943 878/559/942 811/493/933
f 890/550/944 884/558/943 811/493/933
f 896/542/945 890/550/944 811/493/933
f 902/534/946 896/542/945 811/493/933
f 908/526/947 902/534/946 811/493/933
f 914/518/948 908/526/947 811/493/933
f 920/510/949 914/518/948 811/493/933
f 926/502/950 920/510/949 811/493/933
f 932/496/951 926/502/950 811/493/933
f 818/492/932 932/496/951 811/493/933
f 938/572/952 944/573/953 812/574/954
f 944/573/953 950/577/955 812/574/954
f 950/577/955 956/583/956 812/574/954
f 956/583/956 962/591/957 812/574/954
f 962/591/957 968/599/958 812/574/954
f 968/599/958 974/607/959 812/574/954
f 974/607/959 980/615/960 812/574/954
f 980/615/960 986/623/961 812/574/954
f 986/623/961 992/631/962 812/574/954
f 992/631/962 998/639/963 812/574/954
f 998/639/963 1004/640/964 812/574/954
f 1004/640/964 1010/632/965 812/574/954
f 1010/632/965 1016/624/966 812/574/954
f 1016/624/966 1022/616/967 812/574/954
f 1022/616/967 1028/608/968 812/574/954
f 1028/608/968 1034/600/969 812/574/954
f 1034/600/969 1040/592/970 812/574/954
f 1040/592/970 1046/584/971 812/574/954
f 1046/584/971 1052/578/972 812/574/954
f 1052/578/972 938/572/952 812/574/954
f 817/494/973 818/492/932 824/491/931 823/495/974
f 816/500/975 817/494/973 823/495/974 822/501/976
f 815/508/977 816/500/975 822/501/976 821/509/978
f 813/3047/891 814/3051/979 820/3052/980 819/3048/892
f 814/3051/979 815/3060/977 821/3061/978 820/3052/980
f 823/495/974 824/491/931 830/497/934 829/499/981
f 822/501/976 823/495/974 829/499/981 828/507/982
f 821/509/978 822/501/976 828/507/982 827/517/983
f 819/3048/892 820/3052/980 826/3062/984 825/3053/895
f 820/3052/980 821/3061/978 827/3071/983 826/3062/984
f 829/499/981 830/497/934 836/503/935 835/506/985
f 828/507/982 829/499/981 835/506/985 834/516/986
f 827/517/983 828/507/982 834/516/986 833/525/987
f 825/5732/895 826/5736/984 832/5737/988 831/5733/897
f 826/5736/984 827/5742/983 833/5743/987 832/5737/988
f 835/506/985 836/503/935 842/511/936 841/515/989
f 834/516/986 835/506/985 841/515/989 840/524/990
f 833/525/987 834/516/986 840/524/990 839/533/991
f 831/5733/897 832/5737/988 838/5744/992 837/5738/899
f 832/5737/988 833/5743/987 839/5750/991 838/5744/992
f 841/515/989 842/511/936 848/519/937 847/523/993
f 840/524/990 841/515/989 847/523/993 846/532/994
f 839/533/991 840/524/990 846/532/994 845/541/995
f 837/5738/899 838/5744/992 844/5751/996 843/5745/901
f 838/5744/992 839/5750/991 845/5756/995 844/5751/996
f 847/523/993 848/519/937 854/527/938 853/531/997
f 846/532/994 847/523/993 853/531/997 852/540/998
f 845/541/995 846/532/994 852/540/998 851/549/999
f 843/5745/901 844/5751/996 850/5757/1000 849/5752/903
f 844/5751/996 845/5756/995 851/5760/999 850/5757/1000
f 853/531/997 854/527/938 860/535/939 859/539/1001
f 852/540/998 853/531/997 859/539/1001 858/548/1002
f 851/549/999 852/540/998 858/548/1002 857/557/1003
f 849/3099/903 850/3101/1000 856/3093/1004 855/3089/905
f 850/3101/1000 851/3111/999 857/3102/1003 856/3093/1004
f 859/539/1001 860/535/939 866/543/940 865/547/1005
f 858/548/1002 859/539/1001 865/547/1005 864/556/1006
f 857/557/1003 858/548/1002 864/556/1006 863/565/1007
f 855/3089/905 856/3093/1004 862/3094/1008 861/3090/907
f 856/3093/1004 857/3102/1003 863/3103/1007 862/3094/1008
f 865/547/1005 866/543/940 872/551/941 871/555/1009
f 864/556/1006 865/547/1005 871/555/1009 870/564/1010
f 863/565/1007 864/556/1006 870/564/1010 869/569/1011
f 861/3090/907 862/3094/1008 868/3104/1012 867/3095/909
f 862/3094/1008 863/3103/1007 869/3112/1011 868/3104/1012
f 871/555/1009 872/551/941 878/559/942 877/563/1013
f 870/564/1010 871/555/1009 877/563/1013 876/568/1014
f 869/569/1011 870/564/1010 876/568/1014 875/571/1015
f 867/3095/909 868/3104/1012 874/3113/1016 873/3105/911
f 868/3104/1012 869/3112/1011 875/3119/1015 874/3113/1016
f 877/563/1013 878/559/942 884/558/943 883/562/1017
f 876/568/1014 877/563/1013 883/562/1017 882/567/1018
f 875/571/1015 876/568/1014 882/567/1018 881/570/1019
f 873/3105/911 874/3113/1016 880/3120/1020 879/3114/913
f 874/3113/1016 875/3119/1015 881/3125/1019 880/3120/1020
f 883/562/1017 884/558/943 890/550/944 889/554/1021
f 882/567/1018 883/562/1017 889/554/1021 888/561/1022
f 881/570/1019 882/567/1018 888/561/1022 887/566/1023
f 879/3114/913 880/3120/1020 886/3126/1024 885/3121/915
f 880/3120/1020 881/3125/1019 887/3129/1023 886/3126/1024
f 889/554/1021 890/550/944 896/542/945 895/546/1025
f 888/561/1022 889/554/1021 895/546/1025 894/553/1026
f 887/566/1023 888/561/1022 894/553/1026 893/560/1027
f 885/5762/915 886/5766/1024 892/5767/1028 891/5763/917
f 886/5766/1024 887/5772/1023 893/5773/1027 892/5767/1028
f 895/546/1025 896/542/945 902/534/946 901/538/1029
f 894/553/1026 895/546/1025 901/538/1029 900/545/1030
f 893/560/1027 894/553/1026 900/545/1030 899/552/1031
f 891/5763/917 892/5767/1028 898/5774/1032 897/5768/919
f 892/5767/1028 893/5773/1027 899/5780/1031 898/5774/1032
f 901/538/1029 902/534/946 908/526/947 907/530/1033
f 900/545/1030 901/538/1029 907/530/1033 906/537/1034
f 899/552/1031 900/545/1030 906/537/1034 905/544/1035
f 897/5768/919 898/5774/1032 904/5781/1036 903/5775/921
f 898/5774/1032 899/5780/1031 905/5786/1035 904/5781/1036
f 907/530/1033 908/526/947 914/518/948 913/522/1037
f 906/537/1034 907/530/1033 913/522/1037 912/529/1038
f 905/544/1035 906/537/1034 912/529/1038 911/536/1039
f 903/5775/921 904/5781/1036 910/5787/1040 909/5782/923
f 904/5781/1036 905/5786/1035 911/5790/1039 910/5787/1040
f 913/522/1037 914/518/948 920/510/949 919/514/1041
f 912/529/1038 913/522/1037 919/514/1041 918/521/1042
f 911/536/1039 912/529/1038 918/521/1042 917/528/1043
f 909/3081/923 910/3083/1040 916/3077/1044 915/3075/925
f 910/3083/1040 911/3087/1039 917/3084/1043 916/3077/1044
f 919/514/1041 920/510/949 926/502/950 925/505/1045
f 918/521/1042 919/514/1041 925/505/1045 924/513/1046
f 917/528/1043 918/521/1042 924/513/1046 923/520/1047
f 915/3075/925 916/3077/1044 922/3069/1048 921/3067/927
f 916/3077/1044 917/3084/1043 923/3078/1047 922/3069/1048
f 925/505/1045 926/502/950 932/496/951 931/498/1049
f 924/513/1046 925/505/1045 931/498/1049 930/504/1050
f 923/520/1047 924/513/1046 930/504/1050 929/512/1051
f 921/3067/927 922/3069/1048 928/3059/1052 927/3057/929
f 922/3069/1048 923/3078/1047 929/3070/1051 928/3059/1052
f 818/492/932 817/494/973 931/498/1049 932/496/951
f 817/494/973 816/500/975 930/504/1050 931/498/1049
f 816/500/975 815/508/977 929/512/1051 930/504/1050
f 815/3060/977 814/3051/979 928/3059/1052 929/3070/1051
f 814/3051/979 813/3047/891 927/3057/929 928/3059/1052
f 937/575/1053 938/572/952 1052/578/972 1051/579/1054
f 936/580/1055 937/575/1053 1051/579/1054 1050/586/1056
f 935/587/1057 936/580/1055 1050/586/1056 1049/595/1058
f 933/3050/894 934/3055/1059 1048/3064/1060 1047/3058/930
f 934/3055/1059 935/3065/1057 1049/3073/1058 1048/3064/1060
f 938/572/952 937/575/1053 943/576/1061 944/573/953
f 937/575/1053 936/580/1055 942/581/1062 943/576/1061
f 936/580/1055 935/587/1057 941/588/1063 942/581/1062
f 935/3065/1057 934/3055/1059 940/3056/1064 941/3066/1063
f 934/3055/1059 933/3050/894 939/3049/893 940/3056/1064
f 944/573/953 943/576/1061 949/582/1065 950/577/955
f 943/576/1061 942/581/1062 948/589/1066 949/582/1065
f 942/581/1062 941/588/1063 947/596/1067 948/589/1066
f 941/3066/1063 940/3056/1064 946/3063/1068 947/3072/1067
f 940/3056/1064 939/3049/893 945/3054/896 946/3063/1068
f 950/577/955 949/582/1065 955/590/1069 956/583/956
f 949/582/1065 948/589/1066 954/597/1070 955/590/1069
f 948/589/1066 947/596/1067 953/604/1071 954/597/1070
f 947/5748/1067 946/5740/1068 952/5741/1072 953/5749/1071
f 946/5740/1068 945/5735/896 951/5734/898 952/5741/1072
f 956/583/956 955/590/1069 961/598/1073 962/591/957
f 955/590/1069 954/597/1070 960/605/1074 961/598/1073
f 954/597/1070 953/604/1071 959/612/1075 960/605/1074
f 953/5749/1071 952/5741/1072 958/5747/1076 959/5755/1075
f 952/5741/1072 951/5734/898 957/5739/900 958/5747/1076
f 962/591/957 961/598/1073 967/606/1077 968/599/958
f 961/598/1073 960/605/1074 966/613/1078 967/606/1077
f 960/605/1074 959/612/1075 965/620/1079 966/613/1078
f 959/5755/1075 958/5747/1076 964/5754/1080 965/5759/1079
f 958/5747/1076 957/5739/900 963/5746/902 964/5754/1080
f 968/599/958 967/606/1077 973/614/1081 974/607/959
f 967/606/1077 966/613/1078 972/621/1082 973/614/1081
f 966/613/1078 965/620/1079 971/628/1083 972/621/1082
f 965/5759/1079 964/5754/1080 970/5758/1084 971/5761/1083
f 964/5754/1080 963/5746/902 969/5753/904 970/5758/1084
f 974/607/959 973/614/1081 979/622/1085 980/615/960
f 973/614/1081 972/621/1082 978/629/1086 979/622/1085
f 972/621/1082 971/628/1083 977/636/1087 978/629/1086
f 971/3118/1083 970/3108/1084 976/3097/1088 977/3109/1087
f 970/3108/1084 969/3100/904 975/3092/906 976/3097/1088
f 980/615/960 979/622/1085 985/630/1089 986/623/961
f 979/622/1085 978/629/1086 984/637/1090 985/630/1089
f 978/629/1086 977/636/1087 983/644/1091 984/637/1090
f 977/3109/1087 976/3097/1088 982/3098/1092 983/3110/1091
f 976/3097/1088 975/3092/906 981/3091/908 982/3098/1092
f 986/623/961 985/630/1089 991/638/1093 992/631/962
f 985/630/1089 984/637/1090 990/645/1094 991/638/1093
f 984/637/1090 983/644/1091 989/649/1095 990/645/1094
f 983/3110/1091 982/3098/1092 988/3107/1096 989/3117/1095
f 982/3098/1092 981/3091/908 987/3096/910 988/3107/1096
f 992/631/962 991/638/1093 997/646/1097 998/639/963
f 991/638/1093 990/645/1094 996/650/1098 997/646/1097
f 990/645/1094 989/649/1095 995/652/1099 996/650/1098
f 989/3117/1095 988/3107/1096 994/3116/1100 995/3124/1099
f 988/3107/1096 987/3096/910 993/3106/912 994/3116/1100
f 998/639/963 997/646/1097 1003/641/1101 1004/640/964
f 997/646/1097 996/650/1098 1002/647/1102 1003/641/1101
f 996/650/1098 995/652/1099 1001/651/1103 1002/647/1102
f 995/3124/1099 994/3116/1100 1000/3123/1104 1001/3128/1103
f 994/3116/1100 993/3106/912 999/3115/914 1000/3123/1104
f 1004/640/964 1003/641/1101 1009/633/1105 1010/632/965
f 1003/641/1101 1002/647/1102 1008/642/1106 1009/633/1105
f 1002/647/1102 1001/651/1103 1007/648/1107 1008/642/1106
f 1001/3128/1103 1000/3123/1104 1006/3127/1108 1007/3130/1107
f 1000/3123/1104 999/3115/914 1005/3122/916 1006/3127/1108
f 1010/632/965 1009/633/1105 1015/625/1109 1016/624/966
f 1009/633/1105 1008/642/1106 1014/634/1110 1015/625/1109
f 1008/642/1106 1007/648/1107 1013/643/1111 1014/634/1110
f 1007/5778/1107 1006/5770/1108 1012/5771/1112 1013/5779/1111
f 1006/5770/1108 1005/5765/916 1011/5764/918 1012/5771/1112
f 1016/624/966 1015/625/1109 1021/617/1113 1022/616/967
f 1015/625/1109 1014/634/1110 1020/626/1114 1021/617/1113
f 1014/634/1110 1013/643/1111 1019/635/1115 1020/626/1114
f 1013/5779/1111 1012/5771/1112 1018/5777/1116 1019/5785/1115
f 1012/5771/1112 1011/5764/918 1017/5769/920 1018/5777/1116
f 1022/616/967 1021/617/1113 1027/609/1117 1028/608/968
f 1021/617/1113 1020/626/1114 1026/618/1118 1027/609/1117
f 1020/626/1114 1019/635/1115 1025/627/1119 1026/618/1118
f 1019/5785/1115 1018/5777/1116 1024/5784/1120 1025/5789/1119
f 1018/5777/1116 1017/5769/920 1023/5776/922 1024/5784/1120
f 1028/608/968 1027/609/1117 1033/601/1121 1034/600/969
f 1027/609/1117 1026/618/1118 1032/610/1122 1033/601/1121
f 1026/618/1118 1025/627/1119 1031/619/1123 1032/610/1122
f 1025/5789/1119 1024/5784/1120 1030/5788/1124 1031/5791/1123
f 1024/5784/1120 1023/5776/922 1029/5783/924 1030/5788/1124
f 1034/600/969 1033/601/1121 1039/593/1125 1040/592/970
f 1033/601/1121 1032/610/1122 1038/602/1126 1039/593/1125
f 1032/610/1122 1031/619/1123 1037/611/1127 1038/602/1126
f 1031/3088/1123 1030/3086/1124 1036/3080/1128 1037/3085/1127
f 1030/3086/1124 1029/3082/924 1035/3076/926 1036/3080/1128
f 1040/592/970 1039/593/1125 1045/585/1129 1046/584/971
f 1039/593/1125 1038/602/1126 1044/594/1130 1045/585/1129
f 1038/602/1126 1037/611/1127 1043/603/1131 1044/594/1130
f 1037/3085/1127 1036/3080/1128 1042/3074/1132 1043/3079/1131
f 1036/3080/1128 1035/3076/926 1041/3068/928 1042/3074/1132
f 1046/584/971 1045/585/1129 1051/579/1054 1052/578/972
f 1045/585/1129 1044/594/1130 1050/586/1056 1051/579/1054
f 1044/594/1130 1043/603/1131 1049/595/1058 1050/586/1056
f 1043/3079/1131 1042/3074/1132 1048/3064/1060 1049/3073/1058
f 1042/3074/1132 1041/3068/928 1047/3058/930 1048/3064/1060
s 19
f 1053/3131/1133 1054/3132/1134 1074/3133/1135 1073/3134/1136
f 1054/3132/1134 1055/3135/1137 1075/3136/1138 1074/3133/1135
f 1055/5792/1137 1056/5793/1139 1076/5794/1140 1075/5795/1138
f 1056/5793/1139 1057/5796/1141 1077/5797/1142 1076/5794/1140
f 1057/5796/1141 1058/5798/1143 1078/5799/1144 1077/5797/1142
f 1058/5798/1143 1059/5800/1145 1079/5801/1146 1078/5799/1144
f 1059/3151/1145 1060/3145/1147 1080/3148/1148 1079/3152/1146
f 1060/3145/1147 1061/3146/1149 1081/3147/1150 1080/3148/1148
f 1061/3146/1149 1062/3149/1151 1082/3150/1152 1081/3147/1150
f 1062/3149/1151 1063/3153/1153 1083/3154/1154 1082/3150/1152
f 1063/3153/1153 1064/3155/1155 1084/3156/1156 1083/3154/1154
f 1064/3155/1155 1065/3157/1157 1085/3158/1158 1084/3156/1156
f 1065/5802/1157 1066/5803/1159 1086/5804/1160 1085/5805/1158
f 1066/5803/1159 1067/5806/1161 1087/5807/1162 1086/5804/1160
f 1067/5806/1161 1068/5808/1163 1088/5809/1164 1087/5807/1162
f 1068/5808/1163 1069/5810/1165 1089/5811/1166 1088/5809/1164
f 1069/3143/1165 1070/3141/1167 1090/3142/1168 1089/3144/1166
f 1070/3141/1167 1071/3139/1169 1091/3140/1170 1090/3142/1168
f 1071/3139/1169 1072/3137/1171 1092/3138/1172 1091/3140/1170
f 1072/3137/1171 1053/3131/1133 1073/3134/1136 1092/3138/1172
s 20
f 1054/653/1173 1053/654/1174 1093/655/1175
f 1055/657/1176 1054/653/1173 1093/655/1175
f 1056/659/1177 1055/657/1176 1093/655/1175
f 1057/661/1178 1056/659/1177 1093/655/1175
f 1058/663/1179 1057/661/1178 1093/655/1175
f 1059/665/1180 1058/663/1179 1093/655/1175
f 1060/667/1181 1059/665/1180 1093/655/1175
f 1061/669/1182 1060/667/1181 1093/655/1175
f 1062/671/1183 1061/669/1182 1093/655/1175
f 1063/673/1184 1062/671/1183 1093/655/1175
f 1064/672/1185 1063/673/1184 1093/655/1175
f 1065/670/1186 1064/672/1185 1093/655/1175
f 1066/668/1187 1065/670/1186 1093/655/1175
f 1067/666/1188 1066/668/1187 1093/655/1175
f 1068/664/1189 1067/666/1188 1093/655/1175
f 1069/662/1190 1068/664/1189 1093/655/1175
f 1070/660/1191 1069/662/1190 1093/655/1175
f 1071/658/1192 1070/660/1191 1093/655/1175
f 1072/656/1193 1071/658/1192 1093/655/1175
f 1053/654/1174 1072/656/1193 1093/655/1175
s 21
f 1073/674/1194 1074/675/1195 1094/676/1196
f 1074/675/1195 1075/677/1197 1094/676/1196
f 1075/677/1197 1076/679/1198 1094/676/1196
f 1076/679/1198 1077/681/1199 1094/676/1196
f 1077/681/1199 1078/683/1200 1094/676/1196
f 1078/683/1200 1079/685/1201 1094/676/1196
f 1079/685/1201 1080/687/1202 1094/676/1196
f 1080/687/1202 1081/689/1203 1094/676/1196
f 1081/689/1203 1082/691/1204 1094/676/1196
f 1082/691/1204 1083/693/1205 1094/676/1196
f 1083/693/1205 1084/694/1206 1094/676/1196
f 1084/694/1206 1085/692/1207 1094/676/1196
f 1085/692/1207 1086/690/1208 1094/676/1196
f 1086/690/1208 1087/688/1209 1094/676/1196
f 1087/688/1209 1088/686/1210 1094/676/1196
f 1088/686/1210 1089/684/1211 1094/676/1196
f 1089/684/1211 1090/682/1212 1094/676/1196
f 1090/682/1212 1091/680/1213 1094/676/1196
f 1091/680/1213 1092/678/1214 1094/676/1196
f 1092/678/1214 1073/674/1194 1094/676/1196
s 22
f 1097/3159/1215 1103/3160/1216 1223/3161/1217 1217/3162/1218
f 1103/3160/1216 1109/3165/1219 1229/3166/1220 1223/3161/1217
f 1109/5812/1219 1115/5813/1221 1235/5814/1222 1229/5815/1220
f 1115/5813/1221 1121/5818/1223 1241/5819/1224 1235/5814/1222
f 1121/5818/1223 1127/5825/1225 1247/5826/1226 1241/5819/1224
f 1127/5825/1225 1133/5832/1227 1253/5833/1228 1247/5826/1226
f 1133/3211/1227 1139/3201/1229 1259/3204/1230 1253/3212/1228
f 1139/3201/1229 1145/3202/1231 1265/3203/1232 1259/3204/1230
f 1145/3202/1231 1151/3207/1233 1271/3208/1234 1265/3203/1232
f 1151/3207/1233 1157/3217/1235 1277/3218/1236 1271/3208/1234
f 1157/3217/1235 1163/3226/1237 1283/3227/1238 1277/3218/1236
f 1163/3226/1237 1169/3233/1239 1289/3234/1240 1283/3227/1238
f 1169/5842/1239 1175/5843/1241 1295/5844/1242 1289/5845/1240
f 1175/5843/1241 1181/5848/1243 1301/5849/1244 1295/5844/1242
f 1181/5848/1243 1187/5855/1245 1307/5856/1246 1301/5849/1244
f 1187/5855/1245 1193/5862/1247 1313/5863/1248 1307/5856/1246
f 1193/3193/1247 1199/3187/1249 1319/3188/1250 1313/3194/1248
f 1199/3187/1249 1205/3179/1251 1325/3180/1252 1319/3188/1250
f 1205/3179/1251 1211/3169/1253 1331/3170/1254 1325/3180/1252
f 1211/3169/1253 1097/3159/1215 1217/3162/1218 1331/3170/1254
f 1108/695/1255 1102/696/1256 1095/697/1257
f 1114/701/1258 1108/695/1255 1095/697/1257
f 1120/707/1259 1114/701/1258 1095/697/1257
f 1126/715/1260 1120/707/1259 1095/697/1257
f 1132/723/1261 1126/715/1260 1095/697/1257
f 1138/731/1262 1132/723/1261 1095/697/1257
f 1144/739/1263 1138/731/1262 1095/697/1257
f 1150/747/1264 1144/739/1263 1095/697/1257
f 1156/755/1265 1150/747/1264 1095/697/1257
f 1162/763/1266 1156/755/1265 1095/697/1257
f 1168/762/1267 1162/763/1266 1095/697/1257
f 1174/754/1268 1168/762/1267 1095/697/1257
f 1180/746/1269 1174/754/1268 1095/697/1257
f 1186/738/1270 1180/746/1269 1095/697/1257
f 1192/730/1271 1186/738/1270 1095/697/1257
f 1198/722/1272 1192/730/1271 1095/697/1257
f 1204/714/1273 1198/722/1272 1095/697/1257
f 1210/706/1274 1204/714/1273 1095/697/1257
f 1216/700/1275 1210/706/1274 1095/697/1257
f 1102/696/1256 1216/700/1275 1095/697/1257
f 1222/776/1276 1228/777/1277 1096/778/1278
f 1228/777/1277 1234/781/1279 1096/778/1278
f 1234/781/1279 1240/787/1280 1096/778/1278
f 1240/787/1280 1246/795/1281 1096/778/1278
f 1246/795/1281 1252/803/1282 1096/778/1278
f 1252/803/1282 1258/811/1283 1096/778/1278
f 1258/811/1283 1264/819/1284 1096/778/1278
f 1264/819/1284 1270/827/1285 1096/778/1278
f 1270/827/1285 1276/835/1286 1096/778/1278
f 1276/835/1286 1282/843/1287 1096/778/1278
f 1282/843/1287 1288/844/1288 1096/778/1278
f 1288/844/1288 1294/836/1289 1096/778/1278
f 1294/836/1289 1300/828/1290 1096/778/1278
f 1300/828/1290 1306/820/1291 1096/778/1278
f 1306/820/1291 1312/812/1292 1096/778/1278
f 1312/812/1292 1318/804/1293 1096/778/1278
f 1318/804/1293 1324/796/1294 1096/778/1278
f 1324/796/1294 1330/788/1295 1096/778/1278
f 1330/788/1295 1336/782/1296 1096/778/1278
f 1336/782/1296 1222/776/1276 1096/778/1278
f 1101/698/1297 1102/696/1256 1108/695/1255 1107/699/1298
f 1100/704/1299 1101/698/1297 1107/699/1298 1106/705/1300
f 1099/712/1301 1100/704/1299 1106/705/1300 1105/713/1302
f 1097/3159/1215 1098/3163/1303 1104/3164/1304 1103/3160/1216
f 1098/3163/1303 1099/3172/1301 1105/3173/1302 1104/3164/1304
f 1107/699/1298 1108/695/1255 1114/701/1258 1113/703/1305
f 1106/705/1300 1107/699/1298 1113/703/1305 1112/711/1306
f 1105/713/1302 1106/705/1300 1112/711/1306 1111/721/1307
f 1103/3160/1216 1104/3164/1304 1110/3174/1308 1109/3165/1219
f 1104/3164/1304 1105/3173/1302 1111/3183/1307 1110/3174/1308
f 1113/703/1305 1114/701/1258 1120/707/1259 1119/710/1309
f 1112/711/1306 1113/703/1305 1119/710/1309 1118/720/1310
f 1111/721/1307 1112/711/1306 1118/720/1310 1117/729/1311
f 1109/5812/1219 1110/5816/1308 1116/5817/1312 1115/5813/1221
f 1110/5816/1308 1111/5822/1307 1117/5823/1311 1116/5817/1312
f 1119/710/1309 1120/707/1259 1126/715/1260 1125/719/1313
f 1118/720/1310 1119/710/1309 1125/719/1313 1124/728/1314
f 1117/729/1311 1118/720/1310 1124/728/1314 1123/737/1315
f 1115/5813/1221 1116/5817/1312 1122/5824/1316 1121/5818/1223
f 1116/5817/1312 1117/5823/1311 1123/5830/1315 1122/5824/1316
f 1125/719/1313 1126/715/1260 1132/723/1261 1131/727/1317
f 1124/728/1314 1125/719/1313 1131/727/1317 1130/736/1318
f 1123/737/1315 1124/728/1314 1130/736/1318 1129/745/1319
f 1121/5818/1223 1122/5824/1316 1128/5831/1320 1127/5825/1225
f 1122/5824/1316 1123/5830/1315 1129/5836/1319 1128/5831/1320
f 1131/727/1317 1132/723/1261 1138/731/1262 1137/735/1321
f 1130/736/1318 1131/727/1317 1137/735/1321 1136/744/1322
f 1129/745/1319 1130/736/1318 1136/744/1322 1135/753/1323
f 1127/5825/1225 1128/5831/1320 1134/5837/1324 1133/5832/1227
f 1128/5831/1320 1129/5836/1319 1135/5840/1323 1134/5837/1324
f 1137/735/1321 1138/731/1262 1144/739/1263 1143/743/1325
f 1136/744/1322 1137/735/1321 1143/743/1325 1142/752/1326
f 1135/753/1323 1136/744/1322 1142/752/1326 1141/761/1327
f 1133/3211/1227 1134/3213/1324 1140/3205/1328 1139/3201/1229
f 1134/3213/1324 1135/3223/1323 1141/3214/1327 1140/3205/1328
f 1143/743/1325 1144/739/1263 1150/747/1264 1149/751/1329
f 1142/752/1326 1143/743/1325 1149/751/1329 1148/760/1330
f 1141/761/1327 1142/752/1326 1148/760/1330 1147/769/1331
f 1139/3201/1229 1140/3205/1328 1146/3206/1332 1145/3202/1231
f 1140/3205/1328 1141/3214/1327 1147/3215/1331 1146/3206/1332
f 1149/751/1329 1150/747/1264 1156/755/1265 1155/759/1333
f 1148/760/1330 1149/751/1329 1155/759/1333 1154/768/1334
f 1147/769/1331 1148/760/1330 1154/768/1334 1153/773/1335
f 1145/3202/1231 1146/3206/1332 1152/3216/1336 1151/3207/1233
f 1146/3206/1332 1147/3215/1331 1153/3224/1335 1152/3216/1336
f 1155/759/1333 1156/755/1265 1162/763/1266 1161/767/1337
f 1154/768/1334 1155/759/1333 1161/767/1337 1160/772/1338
f 1153/773/1335 1154/768/1334 1160/772/1338 1159/775/1339
f 1151/3207/1233 1152/3216/1336 1158/3225/1340 1157/3217/1235
f 1152/3216/1336 1153/3224/1335 1159/3231/1339 1158/3225/1340
f 1161/767/1337 1162/763/1266 1168/762/1267 1167/766/1341
f 1160/772/1338 1161/767/1337 1167/766/1341 1166/771/1342
f 1159/775/1339 1160/772/1338 1166/771/1342 1165/774/1343
f 1157/3217/1235 1158/3225/1340 1164/3232/1344 1163/3226/1237
f 1158/3225/1340 1159/3231/1339 1165/3237/1343 1164/3232/1344
f 1167/766/1341 1168/762/1267 1174/754/1268 1173/758/1345
f 1166/771/1342 1167/766/1341 1173/758/1345 1172/765/1346
f 1165/774/1343 1166/771/1342 1172/765/1346 1171/770/1347
f 1163/3226/1237 1164/3232/1344 1170/3238/1348 1169/3233/1239
f 1164/3232/1344 1165/3237/1343 1171/3241/1347 1170/3238/1348
f 1173/758/1345 1174/754/1268 1180/746/1269 1179/750/1349
f 1172/765/1346 1173/758/1345 1179/750/1349 1178/757/1350
f 1171/770/1347 1172/765/1346 1178/757/1350 1177/764/1351
f 1169/5842/1239 1170/5846/1348 1176/5847/1352 1175/5843/1241
f 1170/5846/1348 1171/5852/1347 1177/5853/1351 1176/5847/1352
f 1179/750/1349 1180/746/1269 1186/738/1270 1185/742/1353
f 1178/757/1350 1179/750/1349 1185/742/1353 1184/749/1354
f 1177/764/1351 1178/757/1350 1184/749/1354 1183/756/1355
f 1175/5843/1241 1176/5847/1352 1182/5854/1356 1181/5848/1243
f 1176/5847/1352 1177/5853/1351 1183/5860/1355 1182/5854/1356
f 1185/742/1353 1186/738/1270 1192/730/1271 1191/734/1357
f 1184/749/1354 1185/742/1353 1191/734/1357 1190/741/1358
f 1183/756/1355 1184/749/1354 1190/741/1358 1189/748/1359
f 1181/5848/1243 1182/5854/1356 1188/5861/1360 1187/5855/1245
f 1182/5854/1356 1183/5860/1355 1189/5866/1359 1188/5861/1360
f 1191/734/1357 1192/730/1271 1198/722/1272 1197/726/1361
f 1190/741/1358 1191/734/1357 1197/726/1361 1196/733/1362
f 1189/748/1359 1190/741/1358 1196/733/1362 1195/740/1363
f 1187/5855/1245 1188/5861/1360 1194/5867/1364 1193/5862/1247
f 1188/5861/1360 1189/5866/1359 1195/5870/1363 1194/5867/1364
f 1197/726/1361 1198/722/1272 1204/714/1273 1203/718/1365
f 1196/733/1362 1197/726/1361 1203/718/1365 1202/725/1366
f 1195/740/1363 1196/733/1362 1202/725/1366 1201/732/1367
f 1193/3193/1247 1194/3195/1364 1200/3189/1368 1199/3187/1249
f 1194/3195/1364 1195/3199/1363 1201/3196/1367 1200/3189/1368
f 1203/718/1365 1204/714/1273 1210/706/1274 1209/709/1369
f 1202/725/1366 1203/718/1365 1209/709/1369 1208/717/1370
f 1201/732/1367 1202/725/1366 1208/717/1370 1207/724/1371
f 1199/3187/1249 1200/3189/1368 1206/3181/1372 1205/3179/1251
f 1200/3189/1368 1201/3196/1367 1207/3190/1371 1206/3181/1372
f 1209/709/1369 1210/706/1274 1216/700/1275 1215/702/1373
f 1208/717/1370 1209/709/1369 1215/702/1373 1214/708/1374
f 1207/724/1371 1208/717/1370 1214/708/1374 1213/716/1375
f 1205/3179/1251 1206/3181/1372 1212/3171/1376 1211/3169/1253
f 1206/3181/1372 1207/3190/1371 1213/3182/1375 1212/3171/1376
f 1102/696/1256 1101/698/1297 1215/702/1373 1216/700/1275
f 1101/698/1297 1100/704/1299 1214/708/1374 1215/702/1373
f 1100/704/1299 1099/712/1301 1213/716/1375 1214/708/1374
f 1099/3172/1301 1098/3163/1303 1212/3171/1376 1213/3182/1375
f 1098/3163/1303 1097/3159/1215 1211/3169/1253 1212/3171/1376
f 1221/779/1377 1222/776/1276 1336/782/1296 1335/783/1378
f 1220/784/1379 1221/779/1377 1335/783/1378 1334/790/1380
f 1219/791/1381 1220/784/1379 1334/790/1380 1333/799/1382
f 1217/3162/1218 1218/3167/1383 1332/3176/1384 1331/3170/1254
f 1218/3167/1383 1219/3177/1381 1333/3185/1382 1332/3176/1384
f 1222/776/1276 1221/779/1377 1227/780/1385 1228/777/1277
f 1221/779/1377 1220/784/1379 1226/785/1386 1227/780/1385
f 1220/784/1379 1219/791/1381 1225/792/1387 1226/785/1386
f 1219/3177/1381 1218/3167/1383 1224/3168/1388 1225/3178/1387
f 1218/3167/1383 1217/3162/1218 1223/3161/1217 1224/3168/1388
f 1228/777/1277 1227/780/1385 1233/786/1389 1234/781/1279
f 1227/780/1385 1226/785/1386 1232/793/1390 1233/786/1389
f 1226/785/1386 1225/792/1387 1231/800/1391 1232/793/1390
f 1225/3178/1387 1224/3168/1388 1230/3175/1392 1231/3184/1391
f 1224/3168/1388 1223/3161/1217 1229/3166/1220 1230/3175/1392
f 1234/781/1279 1233/786/1389 1239/794/1393 1240/787/1280
f 1233/786/1389 1232/793/1390 1238/801/1394 1239/794/1393
f 1232/793/1390 1231/800/1391 1237/808/1395 1238/801/1394
f 1231/5828/1391 1230/5820/1392 1236/5821/1396 1237/5829/1395
f 1230/5820/1392 1229/5815/1220 1235/5814/1222 1236/5821/1396
f 1240/787/1280 1239/794/1393 1245/802/1397 1246/795/1281
f 1239/794/1393 1238/801/1394 1244/809/1398 1245/802/1397
f 1238/801/1394 1237/808/1395 1243/816/1399 1244/809/1398
f 1237/5829/1395 1236/5821/1396 1242/5827/1400 1243/5835/1399
f 1236/5821/1396 1235/5814/1222 1241/5819/1224 1242/5827/1400
f 1246/795/1281 1245/802/1397 1251/810/1401 1252/803/1282
f 1245/802/1397 1244/809/1398 1250/817/1402 1251/810/1401
f 1244/809/1398 1243/816/1399 1249/824/1403 1250/817/1402
f 1243/5835/1399 1242/5827/1400 1248/5834/1404 1249/5839/1403
f 1242/5827/1400 1241/5819/1224 1247/5826/1226 1248/5834/1404
f 1252/803/1282 1251/810/1401 1257/818/1405 1258/811/1283
f 1251/810/1401 1250/817/1402 1256/825/1406 1257/818/1405
f 1250/817/1402 1249/824/1403 1255/832/1407 1256/825/1406
f 1249/5839/1403 1248/5834/1404 1254/5838/1408 1255/5841/1407
f 1248/5834/1404 1247/5826/1226 1253/5833/1228 1254/5838/1408
f 1258/811/1283 1257/818/1405 1263/826/1409 1264/819/1284
f 1257/818/1405 1256/825/1406 1262/833/1410 1263/826/1409
f 1256/825/1406 1255/832/1407 1261/840/1411 1262/833/1410
f 1255/3230/1407 1254/3220/1408 1260/3209/1412 1261/3221/1411
f 1254/3220/1408 1253/3212/1228 1259/3204/1230 1260/3209/1412
f 1264/819/1284 1263/826/1409 1269/834/1413 1270/827/1285
f 1263/826/1409 1262/833/1410 1268/841/1414 1269/834/1413
f 1262/833/1410 1261/840/1411 1267/848/1415 1268/841/1414
f 1261/3221/1411 1260/3209/1412 1266/3210/1416 1267/3222/1415
f 1260/3209/1412 1259/3204/1230 1265/3203/1232 1266/3210/1416
f 1270/827/1285 1269/834/1413 1275/842/1417 1276/835/1286
f 1269/834/1413 1268/841/1414 1274/849/1418 1275/842/1417
f 1268/841/1414 1267/848/1415 1273/853/1419 1274/849/1418
f 1267/3222/1415 1266/3210/1416 1272/3219/1420 1273/3229/1419
f 1266/3210/1416 1265/3203/1232 1271/3208/1234 1272/3219/1420
f 1276/835/1286 1275/842/1417 1281/850/1421 1282/843/1287
f 1275/842/1417 1274/849/1418 1280/854/1422 1281/850/1421
f 1274/849/1418 1273/853/1419 1279/856/1423 1280/854/1422
f 1273/3229/1419 1272/3219/1420 1278/3228/1424 1279/3236/1423
f 1272/3219/1420 1271/3208/1234 1277/3218/1236 1278/3228/1424
f 1282/843/1287 1281/850/1421 1287/845/1425 1288/844/1288
f 1281/850/1421 1280/854/1422 1286/851/1426 1287/845/1425
f 1280/854/1422 1279/856/1423 1285/855/1427 1286/851/1426
f 1279/3236/1423 1278/3228/1424 1284/3235/1428 1285/3240/1427
f 1278/3228/1424 1277/3218/1236 1283/3227/1238 1284/3235/1428
f 1288/844/1288 1287/845/1425 1293/837/1429 1294/836/1289
f 1287/845/1425 1286/851/1426 1292/846/1430 1293/837/1429
f 1286/851/1426 1285/855/1427 1291/852/1431 1292/846/1430
f 1285/3240/1427 1284/3235/1428 1290/3239/1432 1291/3242/1431
f 1284/3235/1428 1283/3227/1238 1289/3234/1240 1290/3239/1432
f 1294/836/1289 1293/837/1429 1299/829/1433 1300/828/1290
f 1293/837/1429 1292/846/1430 1298/838/1434 1299/829/1433
f 1292/846/1430 1291/852/1431 1297/847/1435 1298/838/1434
f 1291/5858/1431 1290/5850/1432 1296/5851/1436 1297/5859/1435
f 1290/5850/1432 1289/5845/1240 1295/5844/1242 1296/5851/1436
f 1300/828/1290 1299/829/1433 1305/821/1437 1306/820/1291
f 1299/829/1433 1298/838/1434 1304/830/1438 1305/821/1437
f 1298/838/1434 1297/847/1435 1303/839/1439 1304/830/1438
f 1297/5859/1435 1296/5851/1436 1302/5857/1440 1303/5865/1439
f 1296/5851/1436 1295/5844/1242 1301/5849/1244 1302/5857/1440
f 1306/820/1291 1305/821/1437 1311/813/1441 1312/812/1292
f 1305/821/1437 1304/830/1438 1310/822/1442 1311/813/1441
f 1304/830/1438 1303/839/1439 1309/831/1443 1310/822/1442
f 1303/5865/1439 1302/5857/1440 1308/5864/1444 1309/5869/1443
f 1302/5857/1440 1301/5849/1244 1307/5856/1246 1308/5864/1444
f 1312/812/1292 1311/813/1441 1317/805/1445 1318/804/1293
f 1311/813/1441 1310/822/1442 1316/814/1446 1317/805/1445
f 1310/822/1442 1309/831/1443 1315/823/1447 1316/814/1446
f 1309/5869/1443 1308/5864/1444 1314/5868/1448 1315/5871/1447
f 1308/5864/1444 1307/5856/1246 1313/5863/1248 1314/5868/1448
f 1318/804/1293 1317/805/1445 1323/797/1449 1324/796/1294
f 1317/805/1445 1316/814/1446 1322/806/1450 1323/797/1449
f 1316/814/1446 1315/823/1447 1321/815/1451 1322/806/1450
f 1315/3200/1447 1314/3198/1448 1320/3192/1452 1321/3197/1451
f 1314/3198/1448 1313/3194/1248 1319/3188/1250 1320/3192/1452
f 1324/796/1294 1323/797/1449 1329/789/1453 1330/788/1295
f 1323/797/1449 1322/806/1450 1328/798/1454 1329/789/1453
f 1322/806/1450 1321/815/1451 1327/807/1455 1328/798/1454
f 1321/3197/1451 1320/3192/1452 1326/3186/1456 1327/3191/1455
f 1320/3192/1452 1319/3188/1250 1325/3180/1252 1326/3186/1456
f 1330/788/1295 1329/789/1453 1335/783/1378 1336/782/1296
f 1329/789/1453 1328/798/1454 1334/790/1380 1335/783/1378
f 1328/798/1454 1327/807/1455 1333/799/1382 1334/790/1380
f 1327/3191/1455 1326/3186/1456 1332/3176/1384 1333/3185/1382
f 1326/3186/1456 1325/3180/1252 1331/3170/1254 1332/3176/1384
s off
f 1337/5872/1457 1348/5873/1458 1345/5874/1459 1339/5875/1460
f 1339/3243/1461 1345/3244/1462 1346/3245/1463 1341/3246/1464
s 25
f 1341/5876/1465 1346/5877/1466 1347/5878/1467 1343/5879/1468
s 26
f 1343/3247/1469 1347/3248/1470 1348/3249/1471 1337/3250/1472
s off
f 1338/857/1473 1344/858/1474 1342/859/1475 1340/860/1476
f 1343/861/1477 1337/862/1478 1339/863/1479 1341/864/1480
s 27
f 1361/3259/1481 1362/3260/1482 1363/3261/1483 1364/3262/1484
s 25
f 1347/5878/1467 1346/5877/1466 1350/5880/1485 1351/5881/1486
s 26
f 1348/3249/1471 1347/3248/1470 1351/3251/1487 1352/3252/1488
s 28
f 1398/5892/1489 1397/5893/1490 1399/5894/1491 1400/5895/1492
s off
f 1349/3265/1493 1353/3266/1494 1354/3267/1495 1350/3268/1496
s 25
f 1351/5881/1486 1350/5880/1485 1354/5882/1497 1355/5883/1498
s 26
f 1352/3252/1488 1351/3251/1487 1355/3253/1499 1356/3254/1500
s off
f 1349/5898/1501 1352/5899/1502 1356/5900/1503 1353/5901/1504
s 29
f 1369/3269/1505 1370/3270/1506 1371/3271/1507 1372/3272/1508
s 25
f 1355/5883/1498 1354/5882/1497 1358/5884/1509 1359/5885/1510
s 26
f 1356/3254/1500 1355/3253/1499 1359/3255/1511 1360/3256/1512
s 30
f 1404/5902/1513 1403/5903/1514 1405/5904/1515 1406/5905/1516
s off
f 1357/3275/1517 1340/3276/1518 1342/3277/1519 1358/3278/1520
s 25
f 1359/5885/1510 1358/5884/1509 1342/5888/1521 1344/5889/1522
s 26
f 1360/3256/1512 1359/3255/1511 1344/3257/1523 1338/3258/1524
s off
f 1357/5912/1525 1360/5913/1526 1338/5914/1527 1340/5915/1528
s 28
f 1398/5892/1489 1400/5895/1492 1401/5896/1529 1402/5897/1530
s 31
f 1349/865/1531 1350/866/1532 1363/867/1533 1362/868/1534
s off
f 1414/5916/1535 1413/5917/1536 1415/5918/1537 1416/5919/1538
s 32
f 1346/871/1539 1345/872/1540 1361/873/1541 1364/874/1542
s 30
f 1404/5902/1513 1406/5905/1516 1407/5906/1543 1408/5907/1544
s 33
f 1357/877/1545 1358/878/1546 1367/879/1547 1366/880/1548
s 25
f 1358/5884/1509 1354/5882/1497 1368/5886/1549 1367/5887/1550
s off
f 1354/883/1551 1353/884/1552 1365/885/1553 1368/886/1554
s 30
f 1408/5907/1544 1407/5906/1543 1409/5908/1555 1410/5909/1556
s 33
f 1366/880/1548 1367/879/1547 1371/881/1557 1370/882/1558
s 25
f 1367/5887/1550 1368/5886/1549 1372/5890/1559 1371/5891/1560
s off
f 1374/887/1561 1373/888/1562 1375/889/1563 1376/890/1564
f 1368/3279/1565 1365/3280/1566 1373/3281/1567 1374/3282/1568
s 30
f 1408/5907/1544 1410/5909/1556 1411/5910/1569 1412/5911/1570
s 29
f 1369/3269/1505 1372/3272/1508 1376/3273/1571 1375/3274/1572
s off
f 1394/5920/1573 1393/5921/1574 1395/5922/1575 1396/5923/1576
f 1345//1577 1348//1578 1377//1579 1378//1580
f 1348//1581 1352//1582 1379//1583 1377//1584
f 1352//1585 1349//1586 1380//1587 1379//1588
f 1349//1589 1362//1590 1381//1591 1380//1592
f 1362//1593 1361//1594 1382//1595 1381//1596
f 1361//1597 1345//1598 1378//1599 1382//1600
f 1353//1601 1356//1602 1383//1603 1384//1604
f 1356//1605 1360//1606 1385//1607 1383//1608
f 1360//1609 1357//1610 1386//1611 1385//1612
f 1357//1613 1366//1614 1387//1615 1386//1616
f 1365//1617 1353//1618 1384//1619 1388//1620
f 1366//1621 1370//1622 1389//1623 1387//1624
f 1370//1625 1369//1626 1390//1627 1389//1628
f 1369//1629 1375//1630 1391//1631 1390//1632
f 1375//1633 1373//1634 1392//1635 1391//1636
f 1373//1637 1365//1638 1388//1639 1392//1640
f 1372//1641 1368//1642 1393//1643 1394//1644
f 1368//1645 1374//1646 1395//1647 1393//1648
f 1374//1649 1376//1650 1396//1651 1395//1652
f 1376//1653 1372//1654 1394//1655 1396//1656
s 34
f 1378/891/1657 1377/892/1658 1397/893/1659 1398/894/1660
s off
f 1377/3283/1661 1379/3284/1662 1399/3285/1663 1397/3286/1664
s 35
f 1379/897/1665 1380/898/1666 1400/899/1667 1399/900/1668
f 1380/898/1666 1381/901/1669 1401/902/1670 1400/899/1667
s off
f 1381/3287/1671 1382/3288/1672 1402/3289/1673 1401/3290/1674
s 34
f 1382/895/1675 1378/891/1657 1398/894/1660 1402/896/1676
s 36
f 1384/903/1677 1383/904/1678 1403/905/1679 1404/906/1680
s off
f 1383/3291/1681 1385/3292/1682 1405/3293/1683 1403/3294/1684
s 37
f 1385/909/1685 1386/910/1686 1406/911/1687 1405/912/1688
f 1386/910/1686 1387/913/1689 1407/914/1690 1406/911/1687
s 36
f 1388/907/1691 1384/903/1677 1404/906/1680 1408/908/1692
s 37
f 1387/913/1689 1389/915/1693 1409/916/1694 1407/914/1690
s 38
f 1389/3295/1695 1390/3296/1696 1410/3297/1697 1409/3298/1698
f 1390/3296/1696 1391/3299/1699 1411/3300/1700 1410/3297/1697
s off
f 1391/917/1701 1392/918/1702 1412/919/1703 1411/920/1704
f 1392/3301/1705 1388/3302/1706 1408/3303/1707 1412/3304/1708
f 1350/3305/1709 1346/3306/1710 1413/3307/1711 1414/3308/1712
s 32
f 1346/871/1539 1364/874/1542 1415/875/1713 1413/876/1714
s 27
f 1364/3262/1484 1363/3261/1483 1416/3263/1715 1415/3264/1716
s 31
f 1363/867/1533 1350/866/1532 1414/869/1717 1416/870/1718
s 39
f 1417/3319/1719 1418/3315/1720 1438/3316/1721 1437/3320/1722
f 1418/3315/1720 1419/3309/1723 1439/3312/1724 1438/3316/1721
f 1419/3309/1723 1420/3310/1725 1440/3311/1726 1439/3312/1724
f 1420/3310/1725 1421/3313/1727 1441/3314/1728 1440/3311/1726
f 1421/3313/1727 1422/3317/1729 1442/3318/1730 1441/3314/1728
f 1422/3317/1729 1423/3321/1731 1443/3322/1732 1442/3318/1730
f 1423/5924/1731 1424/5925/1733 1444/5926/1734 1443/5927/1732
f 1424/5925/1733 1425/5928/1735 1445/5929/1736 1444/5926/1734
f 1425/5928/1735 1426/5930/1737 1446/5931/1738 1445/5929/1736
f 1426/5930/1737 1427/5932/1739 1447/5933/1740 1446/5931/1738
f 1427/3333/1739 1428/3329/1741 1448/3330/1742 1447/3334/1740
f 1428/3329/1741 1429/3323/1743 1449/3326/1744 1448/3330/1742
f 1429/3323/1743 1430/3324/1745 1450/3325/1746 1449/3326/1744
f 1430/3324/1745 1431/3327/1747 1451/3328/1748 1450/3325/1746
f 1431/3327/1747 1432/3331/1749 1452/3332/1750 1451/3328/1748
f 1432/3331/1749 1433/3335/1751 1453/3336/1752 1452/3332/1750
f 1433/5934/1751 1434/5935/1753 1454/5936/1754 1453/5937/1752
f 1434/5935/1753 1435/5938/1755 1455/5939/1756 1454/5936/1754
f 1435/5938/1755 1436/5940/1757 1456/5941/1758 1455/5939/1756
f 1436/5940/1757 1417/5942/1719 1437/5943/1722 1456/5941/1758
s 40
f 1418/921/1759 1417/922/1760 1457/923/1761
f 1419/925/1762 1418/921/1759 1457/923/1761
f 1420/927/1763 1419/925/1762 1457/923/1761
f 1421/929/1764 1420/927/1763 1457/923/1761
f 1422/931/1765 1421/929/1764 1457/923/1761
f 1423/933/1766 1422/931/1765 1457/923/1761
f 1424/935/1767 1423/933/1766 1457/923/1761
f 1425/937/1768 1424/935/1767 1457/923/1761
f 1426/939/1769 1425/937/1768 1457/923/1761
f 1427/941/1770 1426/939/1769 1457/923/1761
f 1428/940/1771 1427/941/1770 1457/923/1761
f 1429/938/1772 1428/940/1771 1457/923/1761
f 1430/936/1773 1429/938/1772 1457/923/1761
f 1431/934/1774 1430/936/1773 1457/923/1761
f 1432/932/1775 1431/934/1774 1457/923/1761
f 1433/930/1776 1432/932/1775 1457/923/1761
f 1434/928/1777 1433/930/1776 1457/923/1761
f 1435/926/1778 1434/928/1777 1457/923/1761
f 1436/924/1779 1435/926/1778 1457/923/1761
f 1417/922/1760 1436/924/1779 1457/923/1761
s 41
f 1437/942/1780 1438/943/1781 1458/944/1782
f 1438/943/1781 1439/945/1783 1458/944/1782
f 1439/945/1783 1440/947/1784 1458/944/1782
f 1440/947/1784 1441/949/1785 1458/944/1782
f 1441/949/1785 1442/951/1786 1458/944/1782
f 1442/951/1786 1443/953/1787 1458/944/1782
f 1443/953/1787 1444/955/1788 1458/944/1782
f 1444/955/1788 1445/957/1789 1458/944/1782
f 1445/957/1789 1446/959/1790 1458/944/1782
f 1446/959/1790 1447/961/1791 1458/944/1782
f 1447/961/1791 1448/962/1792 1458/944/1782
f 1448/962/1792 1449/960/1793 1458/944/1782
f 1449/960/1793 1450/958/1794 1458/944/1782
f 1450/958/1794 1451/956/1795 1458/944/1782
f 1451/956/1795 1452/954/1796 1458/944/1782
f 1452/954/1796 1453/952/1797 1458/944/1782
f 1453/952/1797 1454/950/1798 1458/944/1782
f 1454/950/1798 1455/948/1799 1458/944/1782
f 1455/948/1799 1456/946/1800 1458/944/1782
f 1456/946/1800 1437/942/1780 1458/944/1782
s 42
f 2736/5944/1801 2737/5945/1802 1506/5946/1803 1461/5947/1804
s 43
f 1463/6230/1805 1507/6231/1806 2714/6232/1807 2715/6233/1808
s 44
f 1523/3337/1809 1537/3338/1810 1538/3339/1811 1459/3340/1812
s 43
f 2704/6279/1813 1466/6278/1814 1504/6283/1815 2703/6284/1816
s 44
f 1467/3422/1817 1534/3421/1818 1535/3434/1819 1505/3435/1820
s 42
f 1465/6053/1821 2747/6052/1822 2748/6068/1823 1503/6069/1824
s 43
f 2705/6274/1825 1469/6273/1826 1466/6278/1814 2704/6279/1813
s 44
f 1471/3406/1827 1533/3405/1828 1534/3421/1818 1467/3422/1817
s 42
f 1468/6038/1829 2746/6037/1830 2747/6052/1822 1465/6053/1821
s 43
f 2706/6269/1831 1473/6268/1832 1469/6273/1826 2705/6274/1825
s 44
f 1475/3394/1833 1532/3393/1834 1533/3405/1828 1471/3406/1827
s 42
f 1472/6024/1835 2745/6023/1836 2746/6037/1830 1468/6038/1829
s 43
f 2707/6264/1837 1477/6263/1838 1473/6268/1832 2706/6269/1831
s 44
f 1479/3384/1839 1531/3383/1840 1532/3393/1834 1475/3394/1833
s 42
f 1476/6011/1841 2744/6010/1842 2745/6023/1836 1472/6024/1835
s 43
f 2708/6259/1843 1481/6258/1844 1477/6263/1838 2707/6264/1837
s 44
f 1483/3374/1845 1530/3373/1846 1531/3383/1840 1479/3384/1839
s 42
f 1480/5999/1847 2743/5998/1848 2744/6010/1842 1476/6011/1841
s 43
f 2709/6254/1849 1485/6253/1850 1481/6258/1844 2708/6259/1843
s 44
f 1487/3364/1851 1529/3363/1852 1530/3373/1846 1483/3374/1845
s 42
f 1484/5988/1853 2742/5987/1854 2743/5998/1848 1480/5999/1847
s 43
f 2710/6249/1855 1489/6248/1856 1485/6253/1850 2709/6254/1849
s 44
f 1491/3356/1857 1528/3355/1858 1529/3363/1852 1487/3364/1851
s 42
f 1488/5978/1859 2741/5977/1860 2742/5987/1854 1484/5988/1853
s 43
f 2711/6244/1861 1493/6243/1862 1489/6248/1856 2710/6249/1855
s 44
f 1495/3351/1863 1527/3350/1864 1528/3355/1858 1491/3356/1857
s 42
f 1492/5969/1865 2740/5968/1866 2741/5977/1860 1488/5978/1859
s 43
f 2712/6239/1867 1497/6238/1868 1493/6243/1862 2711/6244/1861
s 44
f 1499/3347/1869 1526/3346/1870 1527/3350/1864 1495/3351/1863
s 42
f 1496/5960/1871 2739/5959/1872 2740/5968/1866 1492/5969/1865
s 43
f 2713/6235/1873 1501/6234/1874 1497/6238/1868 2712/6239/1867
s 44
f 1502/3342/1875 1525/3341/1876 1526/3346/1870 1499/3347/1869
s 42
f 1500/5951/1877 2738/5950/1878 2739/5959/1872 1496/5960/1871
s 43
f 2770/6288/1879 2703/6284/1816 1504/6283/1815 1464/6289/1880
s 44
f 1505/3435/1820 1535/3434/1819 1536/3449/1881 1460/3450/1882
s 42
f 1503/6069/1824 2748/6068/1823 2749/6085/1883 1462/6086/1884
s 43
f 2714/6232/1807 1507/6231/1806 1501/6234/1874 2713/6235/1873
s 44
f 1538/3339/1811 1537/3338/1810 1525/3341/1876 1502/3342/1875
s 42
f 1506/5946/1803 2737/5945/1802 2738/5950/1878 1500/5951/1877
s 48
f 1510/963/1885 1509/964/1886 1993/965/1887 1994/966/1888
f 1511/3618/1889 1510/3619/1885 1994/3620/1888 1995/3621/1890
f 1512/3624/1891 1511/3618/1889 1995/3621/1890 1996/3625/1892
f 1513/3629/1893 1512/3624/1891 1996/3625/1892 1997/3630/1894
f 1514/3635/1895 1513/3629/1893 1997/3630/1894 1998/3636/1896
f 1515/3642/1897 1514/3635/1895 1998/3636/1896 1999/3643/1898
f 1516/3650/1899 1515/3642/1897 1999/3643/1898 2000/3651/1900
f 1517/3659/1901 1516/3650/1899 2000/3651/1900 2001/3660/1902
f 1518/3669/1903 1517/3659/1901 2001/3660/1902 2002/3670/1904
f 1519/3680/1905 1518/3669/1903 2002/3670/1904 2003/3681/1906
f 1520/3692/1907 1519/3680/1905 2003/3681/1906 2004/3693/1908
f 1521/3705/1909 1520/3692/1907 2004/3693/1908 2005/3706/1910
f 1522/1174/1911 1521/1175/1909 2005/1176/1910 2006/1177/1912
s 49
f 2730/1180/1913 2731/1181/1914 1522/1174/1915 2006/1177/1916
s 50
f 2007/3822/1917 2008/3823/1918 1524/3824/1919 1523/3825/1920
f 1525/3826/1921 1524/3824/1919 2008/3823/1918 2009/3827/1922
f 1526/3346/1923 1525/3341/1921 2009/3348/1922 2010/3349/1924
f 1527/3350/1925 1526/3346/1923 2010/3349/1924 2011/3354/1926
f 1528/3355/1927 1527/3350/1925 2011/3354/1926 2012/3362/1928
f 1529/3363/1929 1528/3355/1927 2012/3362/1928 2013/3372/1930
f 1530/3373/1931 1529/3363/1929 2013/3372/1930 2014/3382/1932
f 1531/3383/1933 1530/3373/1931 2014/3382/1932 2015/3392/1934
f 1532/3393/1935 1531/3383/1933 2015/3392/1934 2016/3404/1936
f 1533/3405/1937 1532/3393/1935 2016/3404/1936 2017/3420/1938
f 1534/3421/1939 1533/3405/1937 2017/3420/1938 2018/3433/1940
f 1535/3434/1941 1534/3421/1939 2018/3433/1940 2019/3448/1942
f 1536/3449/1943 1535/3434/1941 2019/3448/1942 2020/3465/1944
s 51
f 1509/964/1945 2754/967/1946 2755/968/1947 1993/965/1948
s off
f 1523/3828/1949 1524/3829/1950 1537/3830/1951
f 1508/3343/1952 1459/3340/1953 1538/3339/1954 1502/3342/1955
f 1524/3829/1956 1525/3831/1957 1537/3830/1958
s 52
f 1539/3836/1959 1540/3832/1960 1548/3840/1961 1547/3842/1962
f 1540/3832/1960 1539/3836/1959 1542/3837/1963 1541/3833/1964
s off
f 1541/1389/1965 1542/1388/1966 1544/1387/1967 1543/1390/1968
s 53
f 1543/3834/1969 1544/3838/1970 1546/3839/1971 1545/3835/1972
f 1545/3835/1972 1546/3839/1971 1550/3843/1973 1549/3841/1974
s 52
f 1547/3842/1962 1548/3840/1961 1552/3844/1975 1551/3846/1976
s 53
f 1549/3841/1974 1550/3843/1973 1554/3847/1977 1553/3845/1978
s 52
f 1551/3846/1976 1552/3844/1975 1556/3848/1979 1555/3850/1980
s 53
f 1553/3845/1978 1554/3847/1977 1558/3851/1981 1557/3849/1982
s 52
f 1555/3850/1980 1556/3848/1979 1560/3852/1983 1559/3854/1984
s 53
f 1557/3849/1982 1558/3851/1981 1562/3855/1985 1561/3853/1986
s 52
f 1559/3854/1984 1560/3852/1983 1564/3856/1987 1563/3858/1988
s 53
f 1561/3853/1986 1562/3855/1985 1566/3859/1989 1565/3857/1990
s 52
f 1563/3858/1988 1564/3856/1987 1568/3860/1991 1567/3862/1992
s 53
f 1565/3857/1990 1566/3859/1989 1570/3863/1993 1569/3861/1994
s 52
f 1567/3862/1992 1568/3860/1991 1572/3864/1995 1571/3866/1996
s 53
f 1569/3861/1994 1570/3863/1993 1574/3867/1997 1573/3865/1998
s 52
f 1571/3866/1996 1572/3864/1995 1576/3868/1999 1575/3870/2000
s 53
f 1573/3865/1998 1574/3867/1997 1578/3871/2001 1577/3869/2002
s 52
f 1575/3870/2000 1576/3868/1999 1580/3872/2003 1579/3874/2004
s 53
f 1577/3869/2002 1578/3871/2001 1582/3875/2005 1581/3873/2006
s 52
f 1579/3874/2004 1580/3872/2003 1584/3876/2007 1583/3878/2008
s 53
f 1581/3873/2006 1582/3875/2005 1586/3879/2009 1585/3877/2010
s off
f 1583/1393/2011 1584/1395/2012 1585/1396/2013 1586/1394/2014
s 54
f 1540/3832/2015 1541/3833/2016 1543/3834/2017 1545/3835/2018
f 1548/3840/2019 1540/3832/2015 1545/3835/2018 1549/3841/2020
f 1552/3844/2021 1548/3840/2019 1549/3841/2020 1553/3845/2022
f 1556/3848/2023 1552/3844/2021 1553/3845/2022 1557/3849/2024
f 1560/3852/2025 1556/3848/2023 1557/3849/2024 1561/3853/2026
f 1564/3856/2027 1560/3852/2025 1561/3853/2026 1565/3857/2028
f 1568/3860/2029 1564/3856/2027 1565/3857/2028 1569/3861/2030
f 1572/3864/2031 1568/3860/2029 1569/3861/2030 1573/3865/2032
f 1576/3868/2033 1572/3864/2031 1573/3865/2032 1577/3869/2034
f 1580/3872/2035 1576/3868/2033 1577/3869/2034 1581/3873/2036
f 1584/3876/2037 1580/3872/2035 1581/3873/2036 1585/3877/2038
s 55
f 1465/6053/2039 1503/6069/2040 1542/6087/2041 1539/6070/2042
s off
f 1503/1385/2043 1510/1386/2044 1544/1387/2045 1542/1388/2046
s 56
f 1510/6358/2047 1511/6359/2048 1546/6360/2049 1544/6361/2050
s 55
f 1468/6038/2051 1465/6053/2039 1539/6070/2042 1547/6054/2052
s 56
f 1511/6359/2048 1512/6362/2053 1550/6363/2054 1546/6360/2049
s 55
f 1472/6024/2055 1468/6038/2051 1547/6054/2052 1551/6039/2056
s 56
f 1512/6362/2053 1513/6364/2057 1554/6365/2058 1550/6363/2054
s 55
f 1476/6011/2059 1472/6024/2055 1551/6039/2056 1555/6025/2060
s 56
f 1513/6364/2057 1514/6366/2061 1558/6367/2062 1554/6365/2058
s 55
f 1480/5999/2063 1476/6011/2059 1555/6025/2060 1559/6012/2064
s 56
f 1514/6366/2061 1515/6368/2065 1562/6369/2066 1558/6367/2062
s 55
f 1484/5988/2067 1480/5999/2063 1559/6012/2064 1563/6000/2068
s 56
f 1515/6368/2065 1516/6370/2069 1566/6371/2070 1562/6369/2066
s 55
f 1488/5978/2071 1484/5988/2067 1563/6000/2068 1567/5989/2072
s 56
f 1516/6370/2069 1517/6372/2073 1570/6373/2074 1566/6371/2070
s 55
f 1492/5969/2075 1488/5978/2071 1567/5989/2072 1571/5979/2076
s 56
f 1517/6372/2073 1518/6374/2077 1574/6375/2078 1570/6373/2074
s 55
f 1496/5960/2079 1492/5969/2075 1571/5979/2076 1575/5970/2080
s 56
f 1518/6374/2077 1519/6376/2081 1578/6377/2082 1574/6375/2078
s 55
f 1500/5951/2083 1496/5960/2079 1575/5970/2080 1579/5961/2084
s 56
f 1519/6376/2081 1520/6378/2085 1582/6379/2086 1578/6377/2082
s 55
f 1506/5946/2087 1500/5951/2083 1579/5961/2084 1583/5962/2088
s 56
f 1520/6378/2085 1521/6380/2089 1586/6381/2090 1582/6379/2086
s off
f 1521/1391/2091 1506/1392/2092 1583/1393/2093 1586/1394/2094
s 57
f 2752/1398/2095 2753/1403/2096 1592/1404/2097 1591/1399/2098
s off
f 1588/1467/2099 1587/1464/2100 1590/1463/2101 1589/1468/2102
s 58
f 2750/1407/2103 2751/1397/2104 1594/1400/2105 1593/1408/2106
s 57
f 1591/1399/2098 1592/1404/2097 1598/1413/2107 1597/1406/2108
s 58
f 1593/1408/2106 1594/1400/2105 1596/1405/2109 1595/1414/2110
s off
f 1595/3880/2111 1596/3881/2112 1597/3882/2113 1598/3883/2114
s 59
f 2751/1397/2115 2752/1398/2116 1591/1399/2117 1594/1400/2118
f 1596/1405/2119 1594/1400/2118 1591/1399/2117 1597/1406/2120
s 44
f 1460/3450/1882 1536/3449/1881 1588/3466/2121 1589/3467/2122
s 60
f 2754/6382/2123 1509/6383/2124 1592/6384/2125 2753/6385/2126
s 61
f 1462/6086/2127 2749/6085/2128 2750/6103/2129 1593/6104/2130
f 1503/6069/2131 1462/6086/2127 1593/6104/2130 1595/6105/2132
s 60
f 1509/6383/2124 1510/6386/2133 1598/6387/2134 1592/6384/2125
s off
f 1510/3884/2135 1503/3885/2136 1595/3880/2137 1598/3883/2138
s 62
f 1599/1473/2139 1600/1469/2140 2734/1478/2141 2735/1479/2142
f 1600/1469/2140 1599/1473/2139 1602/1474/2143 1601/1470/2144
s off
f 1601/3886/2145 1602/3887/2146 1604/3888/2147 1603/3889/2148
s 63
f 1603/1471/2149 1604/1475/2150 1606/1476/2151 1605/1472/2152
f 1605/1472/2152 1606/1476/2151 2732/1480/2153 2733/1477/2154
s off
f 1608/1537/2155 1607/1540/2156 1610/1539/2157 1609/1538/2158
s 64
f 1600/1469/2159 1601/1470/2160 1603/1471/2161 1605/1472/2162
f 2733/1477/2163 2734/1478/2164 1600/1469/2159 1605/1472/2162
s 65
f 1461/5947/2165 1506/5946/2166 1602/5952/2167 1599/5953/2168
s off
f 1506/3890/2169 1521/3891/2170 1604/3888/2171 1602/3887/2172
s 66
f 1521/6418/2173 1522/6419/2174 1606/6420/2175 1604/6421/2176
s 44
f 1523/3337/1809 1459/3340/1812 1610/3344/2177 1607/3345/2178
s 65
f 2736/5944/2179 1461/5947/2165 1599/5953/2168 2735/5954/2180
s 66
f 1522/6419/2174 2731/6422/2181 2732/6423/2182 1606/6420/2175
s 48
f 1612/1060/2183 1611/1059/2184 1464/1070/2185 1504/1071/2186
f 1613/3744/2187 1612/3743/2183 1504/3755/2186 1466/3756/2188
f 1614/3757/2189 1613/3744/2187 1466/3756/2188 1469/3767/2190
f 1615/3768/2191 1614/3757/2189 1469/3767/2190 1473/3777/2192
f 1616/3778/2193 1615/3768/2191 1473/3777/2192 1477/3786/2194
f 1617/3787/2195 1616/3778/2193 1477/3786/2194 1481/3794/2196
f 1618/3795/2197 1617/3787/2195 1481/3794/2196 1485/3801/2198
f 1619/3802/2199 1618/3795/2197 1485/3801/2198 1489/3807/2200
f 1620/3808/2201 1619/3802/2199 1489/3807/2200 1493/3812/2202
f 1621/3813/2203 1620/3808/2201 1493/3812/2202 1497/3816/2204
f 1622/3817/2205 1621/3813/2203 1497/3816/2204 1501/3819/2206
f 1623/3820/2207 1622/3817/2205 1501/3819/2206 1507/3821/2208
f 1624/1262/2209 1623/1261/2207 1507/1272/2208 1463/1273/2210
s 49
f 2715/1283/2211 2716/1274/2212 1624/1262/2213 1463/1273/2214
s 69
f 2771/3610/2215 2772/3607/2216 2773/3606/2217 2774/3611/2218
f 2775/3602/2219 2773/3606/2217 2772/3607/2216 2776/3603/2220
f 2777/3598/2221 2775/3602/2219 2776/3603/2220 2778/3591/2222
f 2779/3597/2223 2777/3598/2221 2778/3591/2222 2780/3590/2224
f 2781/3892/2225 2779/3893/2223 2780/3894/2224 2782/3895/2226
s 50
f 1626/3547/2227 1625/3546/2228 1490/3554/2229 1486/3555/2230
f 1627/3556/2231 1626/3547/2227 1486/3555/2230 1482/3565/2232
f 1628/3566/2233 1627/3556/2231 1482/3565/2232 1478/3575/2234
s 71
f 2818/3918/2235 2817/3919/2236 2819/3920/2237 2820/3921/2238
f 2821/3608/2239 2818/3609/2235 2820/3605/2238 2822/3604/2240
f 2823/3612/2241 2821/3608/2239 2822/3604/2240 2824/3613/2242
f 2825/3614/2243 2823/3612/2241 2824/3613/2242 2826/3615/2244
f 2827/3616/2245 2825/3614/2243 2826/3615/2244 2828/3617/2246
s 51
f 1611/1059/2247 2769/1069/2248 2770/1084/2249 1464/1070/2250
s 48
f 1630/1049/2251 1629/1048/2252 1611/1059/2184 1612/1060/2183
f 1631/3732/2253 1630/3731/2251 1612/3743/2183 1613/3744/2187
f 1632/3745/2254 1631/3732/2253 1613/3744/2187 1614/3757/2189
f 1633/3758/2255 1632/3745/2254 1614/3757/2189 1615/3768/2191
f 1634/3769/2256 1633/3758/2255 1615/3768/2191 1616/3778/2193
f 1635/3779/2257 1634/3769/2256 1616/3778/2193 1617/3787/2195
f 1636/3788/2258 1635/3779/2257 1617/3787/2195 1618/3795/2197
f 1637/3796/2259 1636/3788/2258 1618/3795/2197 1619/3802/2199
f 1638/3803/2260 1637/3796/2259 1619/3802/2199 1620/3808/2201
f 1639/3809/2261 1638/3803/2260 1620/3808/2201 1621/3813/2203
f 1640/3814/2262 1639/3809/2261 1621/3813/2203 1622/3817/2205
f 1641/3818/2263 1640/3814/2262 1622/3817/2205 1623/3820/2207
f 1642/1252/2264 1641/1251/2263 1623/1261/2207 1624/1262/2209
s 49
f 2716/1274/2212 2717/1263/2265 1642/1252/2266 1624/1262/2213
s 69
f 2774/3912/2218 2773/3909/2217 2783/3908/2267 2784/3913/2268
f 2785/3904/2269 2783/3908/2267 2773/3909/2217 2775/3905/2219
f 2786/3900/2270 2785/3904/2269 2775/3905/2219 2777/3901/2221
f 2787/3897/2271 2786/3900/2270 2777/3901/2221 2779/3893/2223
f 2788/3896/2272 2787/3897/2271 2779/3893/2223 2781/3892/2225
s 50
f 1649/3538/2273 1648/3529/2274 1625/3546/2228 1626/3547/2227
f 1650/3548/2275 1649/3538/2273 1626/3547/2227 1627/3556/2231
f 1651/3557/2276 1650/3548/2275 1627/3556/2231 1628/3566/2233
s 71
f 2830/3922/2277 2829/3923/2278 2817/3919/2236 2818/3918/2235
f 2831/3926/2279 2830/3922/2277 2818/3918/2235 2821/3927/2239
f 2832/3930/2280 2831/3926/2279 2821/3927/2239 2823/3931/2241
f 2833/3934/2281 2832/3930/2280 2823/3931/2241 2825/3935/2243
f 2834/3938/2282 2833/3934/2281 2825/3935/2243 2827/3939/2245
s 51
f 1629/1048/2283 2768/1058/2284 2769/1069/2248 1611/1059/2247
s 48
f 1658/1039/2285 1657/1038/2286 1629/1048/2252 1630/1049/2251
f 1659/3720/2287 1658/3719/2285 1630/3731/2251 1631/3732/2253
f 1660/3733/2288 1659/3720/2287 1631/3732/2253 1632/3745/2254
f 1661/3746/2289 1660/3733/2288 1632/3745/2254 1633/3758/2255
f 1662/3759/2290 1661/3746/2289 1633/3758/2255 1634/3769/2256
f 1663/3770/2291 1662/3759/2290 1634/3769/2256 1635/3779/2257
f 1664/3780/2292 1663/3770/2291 1635/3779/2257 1636/3788/2258
f 1665/3789/2293 1664/3780/2292 1636/3788/2258 1637/3796/2259
f 1666/3797/2294 1665/3789/2293 1637/3796/2259 1638/3803/2260
f 1667/3804/2295 1666/3797/2294 1638/3803/2260 1639/3809/2261
f 1668/3810/2296 1667/3804/2295 1639/3809/2261 1640/3814/2262
f 1669/3815/2297 1668/3810/2296 1640/3814/2262 1641/3818/2263
f 1670/1244/2298 1669/1243/2297 1641/1251/2263 1642/1252/2264
s 49
f 2717/1263/2265 2718/1253/2299 1670/1244/2300 1642/1252/2266
s 50
f 1643/3527/2301 1644/3515/2302 1672/3500/2303 1671/3514/2304
f 1673/3485/2305 1672/3500/2303 1644/3515/2302 1645/3501/2306
f 1674/3486/2307 1673/3485/2305 1645/3501/2306 1646/3502/2308
s 69
f 2790/3902/2309 2789/3903/2310 2786/3900/2270 2787/3897/2271
s 50
f 1676/3518/2311 1675/3517/2312 1647/3528/2313 1648/3529/2274
f 1677/3530/2314 1676/3518/2311 1648/3529/2274 1649/3538/2273
f 1678/3539/2315 1677/3530/2314 1649/3538/2273 1650/3548/2275
f 1679/3549/2316 1678/3539/2315 1650/3548/2275 1651/3557/2276
f 1680/3558/2317 1679/3549/2316 1651/3557/2276 1652/3567/2318
s 71
f 2836/3928/2319 2835/3929/2320 2830/3922/2277 2831/3926/2279
s 50
f 1682/3579/2321 1681/3578/2322 1653/3586/2323 1654/3587/2324
f 1683/3588/2325 1682/3579/2321 1654/3587/2324 1655/3595/2326
f 1684/3596/2327 1683/3588/2325 1655/3595/2326 1656/3601/2328
s 51
f 1657/1038/2329 2767/1047/2330 2768/1058/2284 1629/1048/2283
s 48
f 1686/1031/2331 1685/1030/2332 1657/1038/2286 1658/1039/2285
f 1687/3708/2333 1686/3707/2331 1658/3719/2285 1659/3720/2287
f 1688/3721/2334 1687/3708/2333 1659/3720/2287 1660/3733/2288
f 1689/3734/2335 1688/3721/2334 1660/3733/2288 1661/3746/2289
f 1690/3747/2336 1689/3734/2335 1661/3746/2289 1662/3759/2290
f 1691/3760/2337 1690/3747/2336 1662/3759/2290 1663/3770/2291
f 1692/3771/2338 1691/3760/2337 1663/3770/2291 1664/3780/2292
f 1693/3781/2339 1692/3771/2338 1664/3780/2292 1665/3789/2293
f 1694/3790/2340 1693/3781/2339 1665/3789/2293 1666/3797/2294
f 1695/3798/2341 1694/3790/2340 1666/3797/2294 1667/3804/2295
f 1696/3805/2342 1695/3798/2341 1667/3804/2295 1668/3810/2296
f 1697/3811/2343 1696/3805/2342 1668/3810/2296 1669/3815/2297
f 1698/1236/2344 1697/1235/2343 1669/1243/2297 1670/1244/2298
s 49
f 2718/1253/2299 2719/1245/2345 1698/1236/2346 1670/1244/2300
s 50
f 1671/3514/2304 1672/3500/2303 1700/3484/2347 1699/3499/2348
f 1701/3470/2349 1700/3484/2347 1672/3500/2303 1673/3485/2305
f 1702/3471/2350 1701/3470/2349 1673/3485/2305 1674/3486/2307
s 69
f 2792/3906/2351 2791/3907/2352 2789/3903/2310 2790/3902/2309
s 50
f 1704/3505/2353 1703/3504/2354 1675/3517/2312 1676/3518/2311
f 1705/3519/2355 1704/3505/2353 1676/3518/2311 1677/3530/2314
f 1706/3531/2356 1705/3519/2355 1677/3530/2314 1678/3539/2315
f 1707/3540/2357 1706/3531/2356 1678/3539/2315 1679/3549/2316
f 1708/3550/2358 1707/3540/2357 1679/3549/2316 1680/3558/2317
s 71
f 2838/3932/2359 2837/3933/2360 2835/3929/2320 2836/3928/2319
s 50
f 1710/3569/2361 1709/3568/2362 1681/3578/2322 1682/3579/2321
f 1711/3580/2363 1710/3569/2361 1682/3579/2321 1683/3588/2325
f 1712/3589/2364 1711/3580/2363 1683/3588/2325 1684/3596/2327
s 51
f 1685/1030/2365 2766/1037/2366 2767/1047/2330 1657/1038/2329
s 48
f 1714/1023/2367 1713/1022/2368 1685/1030/2332 1686/1031/2331
f 1715/3695/2369 1714/3694/2367 1686/3707/2331 1687/3708/2333
f 1716/3709/2370 1715/3695/2369 1687/3708/2333 1688/3721/2334
f 1717/3722/2371 1716/3709/2370 1688/3721/2334 1689/3734/2335
f 1718/3735/2372 1717/3722/2371 1689/3734/2335 1690/3747/2336
f 1719/3748/2373 1718/3735/2372 1690/3747/2336 1691/3760/2337
f 1720/3761/2374 1719/3748/2373 1691/3760/2337 1692/3771/2338
f 1721/3772/2375 1720/3761/2374 1692/3771/2338 1693/3781/2339
f 1722/3782/2376 1721/3772/2375 1693/3781/2339 1694/3790/2340
f 1723/3791/2377 1722/3782/2376 1694/3790/2340 1695/3798/2341
f 1724/3799/2378 1723/3791/2377 1695/3798/2341 1696/3805/2342
f 1725/3806/2379 1724/3799/2378 1696/3805/2342 1697/3811/2343
f 1726/1228/2380 1725/1227/2379 1697/1235/2343 1698/1236/2344
s 49
f 2719/1245/2345 2720/1237/2381 1726/1228/2382 1698/1236/2346
s 50
f 1699/3499/2348 1700/3484/2347 1728/3469/2383 1727/3483/2384
f 1729/3453/2385 1728/3469/2383 1700/3484/2347 1701/3470/2349
f 1730/3454/2386 1729/3453/2385 1701/3470/2349 1702/3471/2350
s 69
f 2794/3910/2387 2793/3911/2388 2791/3907/2352 2792/3906/2351
s 50
f 1732/3490/2389 1731/3489/2390 1703/3504/2354 1704/3505/2353
f 1733/3506/2391 1732/3490/2389 1704/3505/2353 1705/3519/2355
f 1734/3520/2392 1733/3506/2391 1705/3519/2355 1706/3531/2356
f 1735/3532/2393 1734/3520/2392 1706/3531/2356 1707/3540/2357
f 1736/3541/2394 1735/3532/2393 1707/3540/2357 1708/3550/2358
s 71
f 2840/3936/2395 2839/3937/2396 2837/3933/2360 2838/3932/2359
s 50
f 1738/3560/2397 1737/3559/2398 1709/3568/2362 1710/3569/2361
f 1739/3570/2399 1738/3560/2397 1710/3569/2361 1711/3580/2363
f 1740/3581/2400 1739/3570/2399 1711/3580/2363 1712/3589/2364
s 51
f 1713/1022/2401 2765/1029/2402 2766/1037/2366 1685/1030/2365
s 48
f 1742/1015/2403 1741/1014/2404 1713/1022/2368 1714/1023/2367
f 1743/3683/2405 1742/3682/2403 1714/3694/2367 1715/3695/2369
f 1744/3696/2406 1743/3683/2405 1715/3695/2369 1716/3709/2370
f 1745/3710/2407 1744/3696/2406 1716/3709/2370 1717/3722/2371
f 1746/3723/2408 1745/3710/2407 1717/3722/2371 1718/3735/2372
f 1747/3736/2409 1746/3723/2408 1718/3735/2372 1719/3748/2373
f 1748/3749/2410 1747/3736/2409 1719/3748/2373 1720/3761/2374
f 1749/3762/2411 1748/3749/2410 1720/3761/2374 1721/3772/2375
f 1750/3773/2412 1749/3762/2411 1721/3772/2375 1722/3782/2376
f 1751/3783/2413 1750/3773/2412 1722/3782/2376 1723/3791/2377
f 1752/3792/2414 1751/3783/2413 1723/3791/2377 1724/3799/2378
f 1753/3800/2415 1752/3792/2414 1724/3799/2378 1725/3806/2379
f 1754/1220/2416 1753/1219/2415 1725/1227/2379 1726/1228/2380
s 49
f 2720/1237/2381 2721/1229/2417 1754/1220/2418 1726/1228/2382
s 50
f 1727/3483/2384 1728/3469/2383 1756/3452/2419 1755/3468/2420
f 1757/3438/2421 1756/3452/2419 1728/3469/2383 1729/3453/2385
f 1758/3439/2422 1757/3438/2421 1729/3453/2385 1730/3454/2386
s 69
f 2796/3914/2423 2795/3915/2424 2793/3911/2388 2794/3910/2387
s 50
f 1760/3472/2425 1759/3455/2426 1731/3489/2390 1732/3490/2389
f 1761/3491/2427 1760/3472/2425 1732/3490/2389 1733/3506/2391
f 1762/3507/2428 1761/3491/2427 1733/3506/2391 1734/3520/2392
f 1763/3521/2429 1762/3507/2428 1734/3520/2392 1735/3532/2393
f 1764/3533/2430 1763/3521/2429 1735/3532/2393 1736/3541/2394
s 71
f 2842/3940/2431 2841/3941/2432 2839/3937/2396 2840/3936/2395
s 50
f 1766/3551/2433 1765/3542/2434 1737/3559/2398 1738/3560/2397
f 1767/3561/2435 1766/3551/2433 1738/3560/2397 1739/3570/2399
f 1768/3571/2436 1767/3561/2435 1739/3570/2399 1740/3581/2400
s 51
f 1741/1014/2437 2764/1021/2438 2765/1029/2402 1713/1022/2401
s 48
f 1770/1007/2439 1769/1006/2440 1741/1014/2404 1742/1015/2403
f 1771/3672/2441 1770/3671/2439 1742/3682/2403 1743/3683/2405
f 1772/3684/2442 1771/3672/2441 1743/3683/2405 1744/3696/2406
f 1773/3697/2443 1772/3684/2442 1744/3696/2406 1745/3710/2407
f 1774/3711/2444 1773/3697/2443 1745/3710/2407 1746/3723/2408
f 1775/3724/2445 1774/3711/2444 1746/3723/2408 1747/3736/2409
f 1776/3737/2446 1775/3724/2445 1747/3736/2409 1748/3749/2410
f 1777/3750/2447 1776/3737/2446 1748/3749/2410 1749/3762/2411
f 1778/3763/2448 1777/3750/2447 1749/3762/2411 1750/3773/2412
f 1779/3774/2449 1778/3763/2448 1750/3773/2412 1751/3783/2413
f 1780/3784/2450 1779/3774/2449 1751/3783/2413 1752/3792/2414
f 1781/3793/2451 1780/3784/2450 1752/3792/2414 1753/3800/2415
f 1782/1213/2452 1781/1212/2451 1753/1219/2415 1754/1220/2416
s 49
f 2721/1229/2417 2722/1221/2453 1782/1213/2454 1754/1220/2418
s 50
f 1755/3468/2420 1756/3452/2419 1784/3437/2455 1783/3451/2456
f 1785/3425/2457 1784/3437/2455 1756/3452/2419 1757/3438/2421
f 1786/3426/2458 1785/3425/2457 1757/3438/2421 1758/3439/2422
f 1787/3440/2459 1786/3426/2458 1758/3439/2422 1759/3455/2426
f 1788/3456/2460 1787/3440/2459 1759/3455/2426 1760/3472/2425
f 1789/3473/2461 1788/3456/2460 1760/3472/2425 1761/3491/2427
f 1790/3492/2462 1789/3473/2461 1761/3491/2427 1762/3507/2428
f 1791/3508/2463 1790/3492/2462 1762/3507/2428 1763/3521/2429
f 1792/3522/2464 1791/3508/2463 1763/3521/2429 1764/3533/2430
f 1793/3534/2465 1792/3522/2464 1764/3533/2430 1765/3542/2434
f 1794/3543/2466 1793/3534/2465 1765/3542/2434 1766/3551/2433
f 1795/3552/2467 1794/3543/2466 1766/3551/2433 1767/3561/2435
f 1796/3562/2468 1795/3552/2467 1767/3561/2435 1768/3571/2436
s 51
f 1769/1006/2469 2763/1013/2470 2764/1021/2438 1741/1014/2437
s 48
f 1798/1000/2471 1797/999/2472 1769/1006/2440 1770/1007/2439
f 1799/3662/2473 1798/3661/2471 1770/3671/2439 1771/3672/2441
f 1800/3673/2474 1799/3662/2473 1771/3672/2441 1772/3684/2442
f 1801/3685/2475 1800/3673/2474 1772/3684/2442 1773/3697/2443
f 1802/3698/2476 1801/3685/2475 1773/3697/2443 1774/3711/2444
f 1803/3712/2477 1802/3698/2476 1774/3711/2444 1775/3724/2445
f 1804/3725/2478 1803/3712/2477 1775/3724/2445 1776/3737/2446
f 1805/3738/2479 1804/3725/2478 1776/3737/2446 1777/3750/2447
f 1806/3751/2480 1805/3738/2479 1777/3750/2447 1778/3763/2448
f 1807/3764/2481 1806/3751/2480 1778/3763/2448 1779/3774/2449
f 1808/3775/2482 1807/3764/2481 1779/3774/2449 1780/3784/2450
f 1809/3785/2483 1808/3775/2482 1780/3784/2450 1781/3793/2451
f 1810/1208/2484 1809/1207/2483 1781/1212/2451 1782/1213/2452
s 49
f 2722/1221/2453 2723/1214/2485 1810/1208/2486 1782/1213/2454
s 50
f 1783/3451/2456 1784/3437/2455 1812/3424/2487 1811/3436/2488
f 1813/3409/2489 1812/3424/2487 1784/3437/2455 1785/3425/2457
f 1814/3410/2490 1813/3409/2489 1785/3425/2457 1786/3426/2458
f 1815/3427/2491 1814/3410/2490 1786/3426/2458 1787/3440/2459
f 1816/3441/2492 1815/3427/2491 1787/3440/2459 1788/3456/2460
f 1817/3457/2493 1816/3441/2492 1788/3456/2460 1789/3473/2461
f 1818/3474/2494 1817/3457/2493 1789/3473/2461 1790/3492/2462
f 1819/3493/2495 1818/3474/2494 1790/3492/2462 1791/3508/2463
f 1820/3509/2496 1819/3493/2495 1791/3508/2463 1792/3522/2464
f 1821/3523/2497 1820/3509/2496 1792/3522/2464 1793/3534/2465
f 1822/3535/2498 1821/3523/2497 1793/3534/2465 1794/3543/2466
f 1823/3544/2499 1822/3535/2498 1794/3543/2466 1795/3552/2467
f 1824/3553/2500 1823/3544/2499 1795/3552/2467 1796/3562/2468
s 51
f 1797/999/2501 2762/1005/2502 2763/1013/2470 1769/1006/2469
s 48
f 1826/995/2503 1825/994/2504 1797/999/2472 1798/1000/2471
f 1827/3653/2505 1826/3652/2503 1798/3661/2471 1799/3662/2473
f 1828/3663/2506 1827/3653/2505 1799/3662/2473 1800/3673/2474
f 1829/3674/2507 1828/3663/2506 1800/3673/2474 1801/3685/2475
f 1830/3686/2508 1829/3674/2507 1801/3685/2475 1802/3698/2476
f 1831/3699/2509 1830/3686/2508 1802/3698/2476 1803/3712/2477
f 1832/3713/2510 1831/3699/2509 1803/3712/2477 1804/3725/2478
f 1833/3726/2511 1832/3713/2510 1804/3725/2478 1805/3738/2479
f 1834/3739/2512 1833/3726/2511 1805/3738/2479 1806/3751/2480
f 1835/3752/2513 1834/3739/2512 1806/3751/2480 1807/3764/2481
f 1836/3765/2514 1835/3752/2513 1807/3764/2481 1808/3775/2482
f 1837/3776/2515 1836/3765/2514 1808/3775/2482 1809/3785/2483
f 1838/1203/2516 1837/1202/2515 1809/1207/2483 1810/1208/2484
s 49
f 2723/1214/2485 2724/1209/2517 1838/1203/2518 1810/1208/2486
s 50
f 1811/3436/2488 1812/3424/2487 1840/3408/2519 1839/3423/2520
f 1841/3397/2521 1840/3408/2519 1812/3424/2487 1813/3409/2489
f 1842/3398/2522 1841/3397/2521 1813/3409/2489 1814/3410/2490
f 1843/3411/2523 1842/3398/2522 1814/3410/2490 1815/3427/2491
f 1844/3428/2524 1843/3411/2523 1815/3427/2491 1816/3441/2492
f 1845/3442/2525 1844/3428/2524 1816/3441/2492 1817/3457/2493
f 1846/3458/2526 1845/3442/2525 1817/3457/2493 1818/3474/2494
f 1847/3475/2527 1846/3458/2526 1818/3474/2494 1819/3493/2495
f 1848/3494/2528 1847/3475/2527 1819/3493/2495 1820/3509/2496
f 1849/3510/2529 1848/3494/2528 1820/3509/2496 1821/3523/2497
f 1850/3524/2530 1849/3510/2529 1821/3523/2497 1822/3535/2498
f 1851/3536/2531 1850/3524/2530 1822/3535/2498 1823/3544/2499
f 1852/3545/2532 1851/3536/2531 1823/3544/2499 1824/3553/2500
s 51
f 1825/994/2533 2761/998/2534 2762/1005/2502 1797/999/2501
s 48
f 1854/990/2535 1853/989/2536 1825/994/2504 1826/995/2503
f 1855/3645/2537 1854/3644/2535 1826/3652/2503 1827/3653/2505
f 1856/3654/2538 1855/3645/2537 1827/3653/2505 1828/3663/2506
f 1857/3664/2539 1856/3654/2538 1828/3663/2506 1829/3674/2507
f 1858/3675/2540 1857/3664/2539 1829/3674/2507 1830/3686/2508
f 1859/3687/2541 1858/3675/2540 1830/3686/2508 1831/3699/2509
f 1860/3700/2542 1859/3687/2541 1831/3699/2509 1832/3713/2510
f 1861/3714/2543 1860/3700/2542 1832/3713/2510 1833/3726/2511
f 1862/3727/2544 1861/3714/2543 1833/3726/2511 1834/3739/2512
f 1863/3740/2545 1862/3727/2544 1834/3739/2512 1835/3752/2513
f 1864/3753/2546 1863/3740/2545 1835/3752/2513 1836/3765/2514
f 1865/3766/2547 1864/3753/2546 1836/3765/2514 1837/3776/2515
f 1866/1198/2548 1865/1197/2547 1837/1202/2515 1838/1203/2516
s 49
f 2724/1209/2517 2725/1204/2549 1866/1198/2550 1838/1203/2518
s 50
f 1839/3423/2520 1840/3408/2519 1868/3396/2551 1867/3407/2552
f 1869/3387/2553 1868/3396/2551 1840/3408/2519 1841/3397/2521
f 1870/3388/2554 1869/3387/2553 1841/3397/2521 1842/3398/2522
f 1871/3399/2555 1870/3388/2554 1842/3398/2522 1843/3411/2523
f 1872/3412/2556 1871/3399/2555 1843/3411/2523 1844/3428/2524
f 1873/3429/2557 1872/3412/2556 1844/3428/2524 1845/3442/2525
f 1874/3443/2558 1873/3429/2557 1845/3442/2525 1846/3458/2526
f 1875/3459/2559 1874/3443/2558 1846/3458/2526 1847/3475/2527
f 1876/3476/2560 1875/3459/2559 1847/3475/2527 1848/3494/2528
f 1877/3495/2561 1876/3476/2560 1848/3494/2528 1849/3510/2529
f 1878/3511/2562 1877/3495/2561 1849/3510/2529 1850/3524/2530
f 1879/3525/2563 1878/3511/2562 1850/3524/2530 1851/3536/2531
f 1880/3537/2564 1879/3525/2563 1851/3536/2531 1852/3545/2532
s 51
f 1853/989/2565 2760/993/2566 2761/998/2534 1825/994/2533
s 48
f 1882/985/2567 1881/984/2568 1853/989/2536 1854/990/2535
f 1883/3638/2569 1882/3637/2567 1854/3644/2535 1855/3645/2537
f 1884/3646/2570 1883/3638/2569 1855/3645/2537 1856/3654/2538
f 1885/3655/2571 1884/3646/2570 1856/3654/2538 1857/3664/2539
f 1886/3665/2572 1885/3655/2571 1857/3664/2539 1858/3675/2540
f 1887/3676/2573 1886/3665/2572 1858/3675/2540 1859/3687/2541
f 1888/3688/2574 1887/3676/2573 1859/3687/2541 1860/3700/2542
f 1889/3701/2575 1888/3688/2574 1860/3700/2542 1861/3714/2543
f 1890/3715/2576 1889/3701/2575 1861/3714/2543 1862/3727/2544
f 1891/3728/2577 1890/3715/2576 1862/3727/2544 1863/3740/2545
f 1892/3741/2578 1891/3728/2577 1863/3740/2545 1864/3753/2546
f 1893/3754/2579 1892/3741/2578 1864/3753/2546 1865/3766/2547
f 1894/1193/2580 1893/1192/2579 1865/1197/2547 1866/1198/2548
s 49
f 2725/1204/2549 2726/1199/2581 1894/1193/2582 1866/1198/2550
s 50
f 1867/3407/2552 1868/3396/2551 1896/3386/2583 1895/3395/2584
f 1897/3377/2585 1896/3386/2583 1868/3396/2551 1869/3387/2553
f 1898/3378/2586 1897/3377/2585 1869/3387/2553 1870/3388/2554
f 1899/3389/2587 1898/3378/2586 1870/3388/2554 1871/3399/2555
f 1900/3401/2588 1899/3389/2587 1871/3399/2555 1872/3412/2556
f 1901/3416/2589 1900/3401/2588 1872/3412/2556 1873/3429/2557
f 1902/3430/2590 1901/3416/2589 1873/3429/2557 1874/3443/2558
f 1903/3445/2591 1902/3430/2590 1874/3443/2558 1875/3459/2559
f 1904/3461/2592 1903/3445/2591 1875/3459/2559 1876/3476/2560
f 1905/3479/2593 1904/3461/2592 1876/3476/2560 1877/3495/2561
f 1906/3496/2594 1905/3479/2593 1877/3495/2561 1878/3511/2562
f 1907/3512/2595 1906/3496/2594 1878/3511/2562 1879/3525/2563
f 1908/3526/2596 1907/3512/2595 1879/3525/2563 1880/3537/2564
s 51
f 1881/984/2597 2759/988/2598 2760/993/2566 1853/989/2565
s 48
f 1910/980/2599 1909/979/2600 1881/984/2568 1882/985/2567
f 1911/3632/2601 1910/3631/2599 1882/3637/2567 1883/3638/2569
f 1912/3639/2602 1911/3632/2601 1883/3638/2569 1884/3646/2570
f 1913/3647/2603 1912/3639/2602 1884/3646/2570 1885/3655/2571
f 1914/3656/2604 1913/3647/2603 1885/3655/2571 1886/3665/2572
f 1915/3666/2605 1914/3656/2604 1886/3665/2572 1887/3676/2573
f 1916/3677/2606 1915/3666/2605 1887/3676/2573 1888/3688/2574
f 1917/3689/2607 1916/3677/2606 1888/3688/2574 1889/3701/2575
f 1918/3702/2608 1917/3689/2607 1889/3701/2575 1890/3715/2576
f 1919/3716/2609 1918/3702/2608 1890/3715/2576 1891/3728/2577
f 1920/3729/2610 1919/3716/2609 1891/3728/2577 1892/3741/2578
f 1921/3742/2611 1920/3729/2610 1892/3741/2578 1893/3754/2579
f 1922/1188/2612 1921/1187/2611 1893/1192/2579 1894/1193/2580
s 49
f 2726/1199/2581 2727/1194/2613 1922/1188/2614 1894/1193/2582
s 50
f 1895/3395/2584 1896/3386/2583 1924/3376/2615 1923/3385/2616
f 1925/3368/2617 1924/3376/2615 1896/3386/2583 1897/3377/2585
f 1926/3369/2618 1925/3368/2617 1897/3377/2585 1898/3378/2586
f 1927/3379/2619 1926/3369/2618 1898/3378/2586 1899/3389/2587
f 1928/3400/2620 1927/3379/2619 1899/3389/2587 1900/3401/2588
f 1929/3415/2621 1928/3400/2620 1900/3401/2588 1901/3416/2589
f 1930/3417/2622 1929/3415/2621 1901/3416/2589 1902/3430/2590
f 1931/3444/2623 1930/3417/2622 1902/3430/2590 1903/3445/2591
f 1932/3460/2624 1931/3444/2623 1903/3445/2591 1904/3461/2592
f 1933/3462/2625 1932/3460/2624 1904/3461/2592 1905/3479/2593
f 1934/3480/2626 1933/3462/2625 1905/3479/2593 1906/3496/2594
f 1935/3497/2627 1934/3480/2626 1906/3496/2594 1907/3512/2595
f 1936/3513/2628 1935/3497/2627 1907/3512/2595 1908/3526/2596
s 51
f 1909/979/2629 2758/983/2630 2759/988/2598 1881/984/2597
s 48
f 1938/975/2631 1937/974/2632 1909/979/2600 1910/980/2599
f 1939/3627/2633 1938/3626/2631 1910/3631/2599 1911/3632/2601
f 1940/3633/2634 1939/3627/2633 1911/3632/2601 1912/3639/2602
f 1941/3640/2635 1940/3633/2634 1912/3639/2602 1913/3647/2603
f 1942/3648/2636 1941/3640/2635 1913/3647/2603 1914/3656/2604
f 1943/3657/2637 1942/3648/2636 1914/3656/2604 1915/3666/2605
f 1944/3667/2638 1943/3657/2637 1915/3666/2605 1916/3677/2606
f 1945/3678/2639 1944/3667/2638 1916/3677/2606 1917/3689/2607
f 1946/3690/2640 1945/3678/2639 1917/3689/2607 1918/3702/2608
f 1947/3703/2641 1946/3690/2640 1918/3702/2608 1919/3716/2609
f 1948/3717/2642 1947/3703/2641 1919/3716/2609 1920/3729/2610
f 1949/3730/2643 1948/3717/2642 1920/3729/2610 1921/3742/2611
f 1950/1183/2644 1949/1182/2643 1921/1187/2611 1922/1188/2612
s 49
f 2727/1194/2613 2728/1189/2645 1950/1183/2646 1922/1188/2614
s 50
f 1923/3385/2616 1924/3376/2615 1952/3367/2647 1951/3375/2648
f 1953/3359/2649 1952/3367/2647 1924/3376/2615 1925/3368/2617
f 1954/3360/2650 1953/3359/2649 1925/3368/2617 1926/3369/2618
f 1955/3370/2651 1954/3360/2650 1926/3369/2618 1927/3379/2619
s 76
f 2864/3944/2652 2863/3945/2653 2865/3946/2654 2866/3947/2655
f 2867/3950/2656 2864/3944/2652 2866/3947/2655 2868/3951/2657
s 50
f 1958/3402/2658 1957/3390/2659 1929/3415/2621 1930/3417/2622
s 77
f 2870/3954/2660 2869/3955/2661 2871/3956/2662 2872/3957/2663
f 2873/3960/2664 2870/3954/2660 2872/3957/2663 2874/3961/2665
s 50
f 1961/3446/2666 1960/3431/2667 1932/3460/2624 1933/3462/2625
f 1962/3463/2668 1961/3446/2666 1933/3462/2625 1934/3480/2626
f 1963/3481/2669 1962/3463/2668 1934/3480/2626 1935/3497/2627
f 1964/3498/2670 1963/3481/2669 1935/3497/2627 1936/3513/2628
s 51
f 1937/974/2671 2757/978/2672 2758/983/2630 1909/979/2629
s 48
f 1966/970/2673 1965/969/2674 1937/974/2632 1938/975/2631
f 1967/3623/2675 1966/3622/2673 1938/3626/2631 1939/3627/2633
f 1968/3628/2676 1967/3623/2675 1939/3627/2633 1940/3633/2634
f 1969/3634/2677 1968/3628/2676 1940/3633/2634 1941/3640/2635
f 1970/3641/2678 1969/3634/2677 1941/3640/2635 1942/3648/2636
f 1971/3649/2679 1970/3641/2678 1942/3648/2636 1943/3657/2637
f 1972/3658/2680 1971/3649/2679 1943/3657/2637 1944/3667/2638
f 1973/3668/2681 1972/3658/2680 1944/3667/2638 1945/3678/2639
f 1974/3679/2682 1973/3668/2681 1945/3678/2639 1946/3690/2640
f 1975/3691/2683 1974/3679/2682 1946/3690/2640 1947/3703/2641
f 1976/3704/2684 1975/3691/2683 1947/3703/2641 1948/3717/2642
f 1977/3718/2685 1976/3704/2684 1948/3717/2642 1949/3730/2643
f 1978/1179/2686 1977/1178/2685 1949/1182/2643 1950/1183/2644
s 49
f 2728/1189/2645 2729/1184/2687 1978/1179/2688 1950/1183/2646
s 50
f 1951/3375/2648 1952/3367/2647 1980/3358/2689 1979/3365/2690
f 1981/3352/2691 1980/3358/2689 1952/3367/2647 1953/3359/2649
f 1982/3353/2692 1981/3352/2691 1953/3359/2649 1954/3360/2650
f 1983/3361/2693 1982/3353/2692 1954/3360/2650 1955/3370/2651
f 1984/3371/2694 1983/3361/2693 1955/3370/2651 1956/3380/2695
f 1985/3381/2696 1984/3371/2694 1956/3380/2695 1957/3390/2659
f 1986/3391/2697 1985/3381/2696 1957/3390/2659 1958/3402/2658
f 1987/3403/2698 1986/3391/2697 1958/3402/2658 1959/3418/2699
f 1988/3419/2700 1987/3403/2698 1959/3418/2699 1960/3431/2667
f 1989/3432/2701 1988/3419/2700 1960/3431/2667 1961/3446/2666
f 1990/3447/2702 1989/3432/2701 1961/3446/2666 1962/3463/2668
f 1991/3464/2703 1990/3447/2702 1962/3463/2668 1963/3481/2669
f 1992/3482/2704 1991/3464/2703 1963/3481/2669 1964/3498/2670
s 51
f 1965/969/2705 2756/973/2706 2757/978/2672 1937/974/2671
s 48
f 1994/966/1888 1993/965/1887 1965/969/2674 1966/970/2673
f 1995/3621/1890 1994/3620/1888 1966/3622/2673 1967/3623/2675
f 1996/3625/1892 1995/3621/1890 1967/3623/2675 1968/3628/2676
f 1997/3630/1894 1996/3625/1892 1968/3628/2676 1969/3634/2677
f 1998/3636/1896 1997/3630/1894 1969/3634/2677 1970/3641/2678
f 1999/3643/1898 1998/3636/1896 1970/3641/2678 1971/3649/2679
f 2000/3651/1900 1999/3643/1898 1971/3649/2679 1972/3658/2680
f 2001/3660/1902 2000/3651/1900 1972/3658/2680 1973/3668/2681
f 2002/3670/1904 2001/3660/1902 1973/3668/2681 1974/3679/2682
f 2003/3681/1906 2002/3670/1904 1974/3679/2682 1975/3691/2683
f 2004/3693/1908 2003/3681/1906 1975/3691/2683 1976/3704/2684
f 2005/3706/1910 2004/3693/1908 1976/3704/2684 1977/3718/2685
f 2006/1177/1912 2005/1176/1910 1977/1178/2685 1978/1179/2686
s 49
f 2729/1184/2687 2730/1180/1913 2006/1177/1916 1978/1179/2688
s 50
f 1979/3365/2690 1980/3358/2689 2008/3357/1918 2007/3366/1917
f 2009/3348/1922 2008/3357/1918 1980/3358/2689 1981/3352/2691
f 2010/3349/1924 2009/3348/1922 1981/3352/2691 1982/3353/2692
f 2011/3354/1926 2010/3349/1924 1982/3353/2692 1983/3361/2693
f 2012/3362/1928 2011/3354/1926 1983/3361/2693 1984/3371/2694
f 2013/3372/1930 2012/3362/1928 1984/3371/2694 1985/3381/2696
f 2014/3382/1932 2013/3372/1930 1985/3381/2696 1986/3391/2697
f 2015/3392/1934 2014/3382/1932 1986/3391/2697 1987/3403/2698
f 2016/3404/1936 2015/3392/1934 1987/3403/2698 1988/3419/2700
f 2017/3420/1938 2016/3404/1936 1988/3419/2700 1989/3432/2701
f 2018/3433/1940 2017/3420/1938 1989/3432/2701 1990/3447/2702
f 2019/3448/1942 2018/3433/1940 1990/3447/2702 1991/3464/2703
f 2020/3465/1944 2019/3448/1942 1991/3464/2703 1992/3482/2704
s 51
f 1993/965/1948 2755/968/1947 2756/973/2706 1965/969/2705
s 78
f 2824/6454/2707 2843/6455/2708 2844/6456/2709 2826/6457/2710
f 2822/6458/2711 2845/6459/2712 2843/6455/2708 2824/6454/2707
s 43
f 1474/3593/2713 2024/3592/2714 2023/3599/2715 1470/3600/2716
f 1478/3575/2717 2025/3584/2718 2024/3592/2714 1474/3593/2713
f 1482/3565/2719 2026/3574/2720 2025/3584/2718 1478/3575/2717
f 1486/3555/2721 2027/3564/2722 2026/3574/2720 1482/3565/2719
f 1490/3554/2723 2028/3563/2724 2027/3564/2722 1486/3555/2721
f 1494/3572/2725 2029/3573/2726 2028/3563/2724 1490/3554/2723
f 1498/3582/2727 2030/3583/2728 2029/3573/2726 1494/3572/2725
s 80
f 2776/6462/2729 2797/6463/2730 2798/6464/2731 2778/6465/2732
f 2772/6466/2733 2799/6467/2734 2797/6463/2730 2776/6462/2729
f 2800/6468/2735 2799/6467/2734 2772/6466/2733 2771/6469/2736
s 81
f 2771/1541/2737 2774/1542/2738 2801/1543/2739 2800/1544/2740
f 2774/1542/2738 2784/1545/2741 2802/1546/2742 2801/1543/2739
f 2784/1545/2741 2803/1549/2743 2804/1550/2744 2802/1546/2742
f 2803/1549/2743 2805/1554/2745 2806/1555/2746 2804/1550/2744
f 2805/1554/2745 2807/1557/2747 2808/1558/2748 2806/1555/2746
s 49
f 1727/1375/2749 1755/1369/2750 2035/1361/2751 2034/1376/2752
f 1755/1369/2750 1783/1360/2753 2036/1352/2754 2035/1361/2751
f 1783/1360/2753 1811/1351/2755 2037/1342/2756 2036/1352/2754
f 1811/1351/2755 1839/1347/2757 2038/1337/2758 2037/1342/2756
f 1839/1347/2757 1867/1338/2759 2039/1329/2760 2038/1337/2758
f 1867/1338/2759 1895/1327/2761 2040/1317/2762 2039/1329/2760
f 1895/1327/2761 1923/1328/2763 2041/1318/2764 2040/1317/2762
s 83
f 2875/1563/2765 2876/1564/2766 2877/1565/2767 2878/1566/2768
f 2876/1564/2766 2879/1567/2769 2880/1568/2770 2877/1565/2767
f 2879/1567/2769 2881/1571/2771 2882/1572/2772 2880/1568/2770
s 49
f 2007/1289/2773 1523/1290/2774 2043/1279/2775 2042/1278/2776
s 66
f 2044/6451/2777 2043/6450/2778 1523/6452/2779 1607/6453/2780
s 63
f 2045/1533/2781 2044/1536/2782 1607/1540/2783 1608/1537/2784
s 64
f 1608/1537/2785 1609/1538/2786 2046/1534/2787 2045/1533/2788
s 62
f 2047/1535/2789 2046/1534/2790 1609/1538/2791 1610/1539/2792
s 65
f 1459/6122/2793 2048/6106/2794 2047/6125/2795 1610/6139/2796
s 42
f 1459/6122/2797 1508/6123/2798 2049/6107/2799 2048/6106/2800
f 2050/6124/2801 2049/6107/2799 1508/6123/2798 1502/6138/2802
f 2051/6140/2803 2050/6124/2801 1502/6138/2802 1499/6152/2804
f 2052/6153/2805 2051/6140/2803 1499/6152/2804 1495/6164/2806
f 2053/6165/2807 2052/6153/2805 1495/6164/2806 1491/6175/2808
f 2054/6176/2809 2053/6165/2807 1491/6175/2808 1487/6185/2810
f 2055/6186/2811 2054/6176/2809 1487/6185/2810 1483/6194/2812
f 2056/6195/2813 2055/6186/2811 1483/6194/2812 1479/6202/2814
f 2057/6203/2815 2056/6195/2813 1479/6202/2814 1475/6209/2816
f 2058/6210/2817 2057/6203/2815 1475/6209/2816 1471/6215/2818
f 2059/6216/2819 2058/6210/2817 1471/6215/2818 1467/6220/2820
f 2060/6221/2821 2059/6216/2819 1467/6220/2820 1505/6224/2822
f 2061/6225/2823 2060/6221/2821 1505/6224/2822 1460/6227/2824
s 61
f 2062/6228/2825 2061/6225/2826 1460/6227/2827 1589/6229/2828
s 58
f 1589/1468/2829 1590/1463/2830 2063/1459/2831 2062/1466/2832
s 59
f 1590/1463/2833 1587/1464/2834 2064/1460/2835 2063/1459/2836
s 57
f 1587/1464/2837 1588/1467/2838 2065/1465/2839 2064/1460/2840
s 60
f 1536/6416/2841 2066/6414/2842 2065/6415/2843 1588/6417/2844
s 51
f 2067/1062/2845 2066/1061/2846 1536/1072/2847 2020/1073/2848
s 97
f 2890/1577/2849 2889/1578/2850 2891/1579/2851 2892/1580/2852
f 2893/1583/2853 2890/1577/2849 2892/1580/2852 2894/1584/2854
f 2895/1588/2855 2893/1583/2853 2894/1584/2854 2896/1589/2856
s 51
f 2069/1102/2857 2068/1101/2858 1936/1109/2859 1908/1110/2860
f 2070/1111/2861 2069/1102/2857 1908/1110/2860 1880/1119/2862
f 2071/1120/2863 2070/1111/2861 1880/1119/2862 1852/1128/2864
f 2072/1129/2865 2071/1120/2863 1852/1128/2864 1824/1137/2866
f 2073/1138/2867 2072/1129/2865 1824/1137/2866 1796/1146/2868
f 2074/1147/2869 2073/1138/2867 1796/1146/2868 1768/1155/2870
f 2075/1162/2871 2074/1147/2869 1768/1155/2870 1740/1163/2872
s 99
f 2847/1591/2873 2846/1592/2874 2848/1593/2875 2849/1594/2876
f 2850/1597/2877 2847/1591/2873 2849/1594/2876 2851/1598/2878
f 2852/1602/2879 2850/1597/2877 2851/1598/2878 2834/1603/2880
f 2853/1605/2881 2852/1602/2879 2834/1603/2880 2827/1606/2882
f 2854/1608/2883 2853/1605/2881 2827/1606/2882 2828/1609/2884
s 78
f 2826/6457/2710 2844/6456/2709 2854/6460/2885 2828/6461/2886
s 43
f 2022/6354/2887 2078/6352/2888 2077/6353/2889 2021/6356/2890
f 2023/6350/2715 2079/6349/2891 2078/6352/2888 2022/6354/2887
f 2024/6345/2714 2080/6344/2892 2079/6349/2891 2023/6350/2715
f 2025/6340/2718 2081/6339/2893 2080/6344/2892 2024/6345/2714
f 2026/6335/2720 2082/6334/2894 2081/6339/2893 2025/6340/2718
f 2027/6330/2722 2083/6329/2895 2082/6334/2894 2026/6335/2720
f 2028/6325/2724 2084/6324/2896 2083/6329/2895 2027/6330/2722
f 2029/6320/2726 2085/6319/2897 2084/6324/2896 2028/6325/2724
f 2030/6315/2728 2086/6314/2898 2085/6319/2897 2029/6320/2726
f 2031/6310/2899 2087/6304/2900 2086/6314/2898 2030/6315/2728
f 2032/6305/2901 2088/6299/2902 2087/6304/2900 2031/6310/2899
f 2089/6300/2903 2088/6299/2902 2032/6305/2901 2033/6306/2904
s 81
f 2800/1544/2740 2801/1543/2739 2809/1547/2905 2810/1548/2906
f 2801/1543/2739 2802/1546/2742 2811/1551/2907 2809/1547/2905
f 2802/1546/2742 2804/1550/2744 2812/1556/2908 2811/1551/2907
f 2804/1550/2744 2806/1555/2746 2813/1559/2909 2812/1556/2908
f 2806/1555/2746 2808/1558/2748 2814/1560/2910 2813/1559/2909
f 2808/1558/2748 2815/1561/2911 2816/1562/2912 2814/1560/2910
s 49
f 2035/1361/2751 2036/1352/2754 2096/1343/2913 2095/1353/2914
f 2036/1352/2754 2037/1342/2756 2097/1333/2915 2096/1343/2913
f 2037/1342/2756 2038/1337/2758 2098/1326/2916 2097/1333/2915
f 2038/1337/2758 2039/1329/2760 2099/1319/2917 2098/1326/2916
f 2039/1329/2760 2040/1317/2762 2100/1310/2918 2099/1319/2917
f 2040/1317/2762 2041/1318/2764 2101/1302/2919 2100/1310/2918
s 83
f 2878/1566/2768 2877/1565/2767 2883/1569/2920 2884/1570/2921
f 2877/1565/2767 2880/1568/2770 2885/1573/2922 2883/1569/2920
f 2880/1568/2770 2882/1572/2772 2886/1574/2923 2885/1573/2922
s 49
f 2042/1278/2776 2043/1279/2775 2105/1268/2924 2104/1267/2925
s 66
f 2106/6449/2926 2105/6448/2927 2043/6450/2778 2044/6451/2777
s 63
f 2107/1529/2928 2106/1532/2929 2044/1536/2782 2045/1533/2781
s 64
f 2045/1533/2788 2046/1534/2787 2108/1530/2930 2107/1529/2931
s 62
f 2109/1531/2932 2108/1530/2933 2046/1534/2790 2047/1535/2789
s 65
f 2048/6106/2794 2110/6088/2934 2109/6109/2935 2047/6125/2795
s 42
f 2048/6106/2800 2049/6107/2799 2111/6089/2936 2110/6088/2937
f 2112/6108/2938 2111/6089/2936 2049/6107/2799 2050/6124/2801
f 2113/6126/2939 2112/6108/2938 2050/6124/2801 2051/6140/2803
f 2114/6141/2940 2113/6126/2939 2051/6140/2803 2052/6153/2805
f 2115/6154/2941 2114/6141/2940 2052/6153/2805 2053/6165/2807
f 2116/6166/2942 2115/6154/2941 2053/6165/2807 2054/6176/2809
f 2117/6177/2943 2116/6166/2942 2054/6176/2809 2055/6186/2811
f 2118/6187/2944 2117/6177/2943 2055/6186/2811 2056/6195/2813
f 2119/6196/2945 2118/6187/2944 2056/6195/2813 2057/6203/2815
f 2120/6204/2946 2119/6196/2945 2057/6203/2815 2058/6210/2817
f 2121/6211/2947 2120/6204/2946 2058/6210/2817 2059/6216/2819
f 2122/6217/2948 2121/6211/2947 2059/6216/2819 2060/6221/2821
f 2123/6222/2949 2122/6217/2948 2060/6221/2821 2061/6225/2823
s 61
f 2124/6226/2950 2123/6222/2951 2061/6225/2826 2062/6228/2825
s 58
f 2062/1466/2832 2063/1459/2831 2125/1455/2952 2124/1462/2953
s 59
f 2063/1459/2836 2064/1460/2835 2126/1456/2954 2125/1455/2955
s 57
f 2064/1460/2840 2065/1465/2839 2127/1461/2956 2126/1456/2957
s 60
f 2066/6414/2842 2128/6412/2958 2127/6413/2959 2065/6415/2843
s 51
f 2129/1051/2960 2128/1050/2961 2066/1061/2846 2067/1062/2845
s 97
f 2898/1581/2962 2897/1582/2963 2889/1578/2850 2890/1577/2849
f 2899/1587/2964 2898/1581/2962 2890/1577/2849 2893/1583/2853
f 2900/1590/2965 2899/1587/2964 2893/1583/2853 2895/1588/2855
s 51
f 2133/1094/2966 2132/1085/2967 2068/1101/2858 2069/1102/2857
f 2134/1103/2968 2133/1094/2966 2069/1102/2857 2070/1111/2861
f 2135/1112/2969 2134/1103/2968 2070/1111/2861 2071/1120/2863
f 2136/1121/2970 2135/1112/2969 2071/1120/2863 2072/1129/2865
f 2137/1130/2971 2136/1121/2970 2072/1129/2865 2073/1138/2867
f 2138/1139/2972 2137/1130/2971 2073/1138/2867 2074/1147/2869
s 99
f 2856/1596/2973 2855/1599/2974 2857/1600/2975 2846/1592/2874
f 2858/1595/2976 2856/1596/2973 2846/1592/2874 2847/1591/2873
f 2859/1601/2977 2858/1595/2976 2847/1591/2873 2850/1597/2877
f 2860/1604/2978 2859/1601/2977 2850/1597/2877 2852/1602/2879
f 2861/1607/2979 2860/1604/2978 2852/1602/2879 2853/1605/2881
f 2862/1610/2980 2861/1607/2979 2853/1605/2881 2854/1608/2883
s 43
f 2076/6357/2981 2021/6356/2890 2077/6353/2889 2144/6355/2982
f 2078/6352/2888 2146/6347/2983 2145/6348/2984 2077/6353/2889
s 101
f 3190/6470/2985 3189/6471/2986 3191/6472/2987 3192/6473/2988
f 3194/6474/2989 3193/6475/2990 3189/6471/2986 3190/6470/2985
f 3196/6478/2991 3195/6479/2992 3193/6475/2990 3194/6474/2989
f 3198/6483/2993 3197/6484/2994 3195/6479/2992 3196/6478/2991
f 3200/6489/2995 3199/6490/2996 3197/6484/2994 3198/6483/2993
f 3202/6496/2997 3201/6497/2998 3199/6490/2996 3200/6489/2995
f 3204/6504/2999 3203/6505/3000 3201/6497/2998 3202/6496/2997
f 3206/6513/3001 3205/6514/3002 3203/6505/3000 3204/6504/2999
f 3208/6523/3003 3207/6524/3004 3205/6514/3002 3206/6513/3001
s 43
f 2088/6299/2902 2148/6293/3005 2147/6298/3006 2087/6304/2900
f 2149/6294/3007 2148/6293/3005 2088/6299/2902 2089/6300/2903
s 49
f 2089/1384/3008 2090/1383/3009 2150/1380/3010 2149/1382/3011
f 2090/1383/3009 2091/1381/3012 2151/1378/3013 2150/1380/3010
f 2091/1381/3012 2092/1377/3014 2152/1371/3015 2151/1378/3013
f 2092/1377/3014 2093/1370/3016 2153/1363/3017 2152/1371/3015
f 2093/1370/3016 2094/1362/3018 2154/1354/3019 2153/1363/3017
f 2094/1362/3018 2095/1353/2914 2155/1344/3020 2154/1354/3019
f 2095/1353/2914 2096/1343/2913 2156/1334/3021 2155/1344/3020
f 2096/1343/2913 2097/1333/2915 2157/1323/3022 2156/1334/3021
f 2097/1333/2915 2098/1326/2916 2158/1316/3023 2157/1323/3022
f 2098/1326/2916 2099/1319/2917 2159/1311/3024 2158/1316/3023
f 2099/1319/2917 2100/1310/2918 2160/1303/3025 2159/1311/3024
f 2100/1310/2918 2101/1302/2919 2161/1293/3026 2160/1303/3025
f 2101/1302/2919 2102/1291/3027 2162/1280/3028 2161/1293/3026
f 2102/1291/3027 2103/1292/3029 2163/1269/3030 2162/1280/3028
s 83
f 2885/1573/2922 2886/1574/2923 2887/1575/3031 2888/1576/3032
s 49
f 2104/1267/2925 2105/1268/2924 2165/1258/3033 2164/1257/3034
s 66
f 2166/6447/3035 2165/6446/3036 2105/6448/2927 2106/6449/2926
s 63
f 2167/1525/3037 2166/1528/3038 2106/1532/2929 2107/1529/2928
s 64
f 2107/1529/2931 2108/1530/2930 2168/1526/3039 2167/1525/3040
s 62
f 2169/1527/3041 2168/1526/3042 2108/1530/2933 2109/1531/2932
s 65
f 2110/6088/2934 2170/6071/3043 2169/6091/3044 2109/6109/2935
s 42
f 2110/6088/2937 2111/6089/2936 2171/6072/3045 2170/6071/3046
f 2172/6090/3047 2171/6072/3045 2111/6089/2936 2112/6108/2938
f 2173/6110/3048 2172/6090/3047 2112/6108/2938 2113/6126/2939
f 2174/6127/3049 2173/6110/3048 2113/6126/2939 2114/6141/2940
f 2175/6142/3050 2174/6127/3049 2114/6141/2940 2115/6154/2941
f 2176/6155/3051 2175/6142/3050 2115/6154/2941 2116/6166/2942
f 2177/6167/3052 2176/6155/3051 2116/6166/2942 2117/6177/2943
f 2178/6178/3053 2177/6167/3052 2117/6177/2943 2118/6187/2944
f 2179/6188/3054 2178/6178/3053 2118/6187/2944 2119/6196/2945
f 2180/6197/3055 2179/6188/3054 2119/6196/2945 2120/6204/2946
f 2181/6205/3056 2180/6197/3055 2120/6204/2946 2121/6211/2947
f 2182/6212/3057 2181/6205/3056 2121/6211/2947 2122/6217/2948
f 2183/6218/3058 2182/6212/3057 2122/6217/2948 2123/6222/2949
s 61
f 2184/6223/3059 2183/6218/3060 2123/6222/2951 2124/6226/2950
s 58
f 2124/1462/2953 2125/1455/2952 2185/1451/3061 2184/1458/3062
s 59
f 2125/1455/2955 2126/1456/2954 2186/1452/3063 2185/1451/3064
s 57
f 2126/1456/2957 2127/1461/2956 2187/1457/3065 2186/1452/3066
s 60
f 2128/6412/2958 2188/6410/3067 2187/6411/3068 2127/6413/2959
s 51
f 2189/1041/3069 2188/1040/3070 2128/1050/2961 2129/1051/2960
s 97
f 2902/1585/3071 2901/1586/3072 2897/1582/2963 2898/1581/2962
s 51
f 2191/1063/3073 2190/1052/3074 2130/1074/3075 2131/1075/3076
f 2192/1076/3077 2191/1063/3073 2131/1075/3076 2132/1085/2967
f 2193/1086/3078 2192/1076/3077 2132/1085/2967 2133/1094/2966
f 2194/1095/3079 2193/1086/3078 2133/1094/2966 2134/1103/2968
f 2195/1104/3080 2194/1095/3079 2134/1103/2968 2135/1112/2969
f 2196/1113/3081 2195/1104/3080 2135/1112/2969 2136/1121/2970
f 2197/1122/3082 2196/1113/3081 2136/1121/2970 2137/1130/2971
f 2198/1131/3083 2197/1122/3082 2137/1130/2971 2138/1139/2972
f 2199/1140/3084 2198/1131/3083 2138/1139/2972 2139/1148/3085
f 2200/1149/3086 2199/1140/3084 2139/1148/3085 2140/1156/3087
f 2201/1157/3088 2200/1149/3086 2140/1156/3087 2141/1164/3089
f 2202/1165/3090 2201/1157/3088 2141/1164/3089 2142/1168/3091
f 2203/1169/3092 2202/1165/3090 2142/1168/3091 2143/1171/3093
f 2204/1172/3094 2203/1169/3092 2143/1171/3093 2144/1173/3095
s 43
f 2144/6355/2982 2077/6353/2889 2145/6348/2984 2204/6351/3096
f 2146/6347/2983 2206/6342/3097 2205/6343/3098 2145/6348/2984
s 101
f 3189/6471/2986 3209/6476/3099 3210/6477/3100 3191/6472/2987
f 3193/6475/2990 3211/6480/3101 3209/6476/3099 3189/6471/2986
f 3195/6479/2992 3212/6485/3102 3211/6480/3101 3193/6475/2990
f 3197/6484/2994 3213/6491/3103 3212/6485/3102 3195/6479/2992
f 3199/6490/2996 3214/6498/3104 3213/6491/3103 3197/6484/2994
f 3201/6497/2998 3215/6506/3105 3214/6498/3104 3199/6490/2996
f 3203/6505/3000 3216/6515/3106 3215/6506/3105 3201/6497/2998
f 3205/6514/3002 3217/6525/3107 3216/6515/3106 3203/6505/3000
f 3207/6524/3004 3218/6534/3108 3217/6525/3107 3205/6514/3002
s 43
f 2148/6293/3005 2208/6286/3109 2207/6292/3110 2147/6298/3006
f 2209/6287/3111 2208/6286/3109 2148/6293/3005 2149/6294/3007
s 49
f 2149/1382/3011 2150/1380/3010 2210/1374/3112 2209/1379/3113
f 2150/1380/3010 2151/1378/3013 2211/1372/3114 2210/1374/3112
f 2151/1378/3013 2152/1371/3015 2212/1364/3115 2211/1372/3114
f 2152/1371/3015 2153/1363/3017 2213/1355/3116 2212/1364/3115
f 2153/1363/3017 2154/1354/3019 2214/1345/3117 2213/1355/3116
f 2154/1354/3019 2155/1344/3020 2215/1335/3118 2214/1345/3117
f 2155/1344/3020 2156/1334/3021 2216/1324/3119 2215/1335/3118
f 2156/1334/3021 2157/1323/3022 2217/1315/3120 2216/1324/3119
f 2157/1323/3022 2158/1316/3023 2218/1309/3121 2217/1315/3120
f 2158/1316/3023 2159/1311/3024 2219/1304/3122 2218/1309/3121
f 2159/1311/3024 2160/1303/3025 2220/1294/3123 2219/1304/3122
f 2160/1303/3025 2161/1293/3026 2221/1281/3124 2220/1294/3123
f 2161/1293/3026 2162/1280/3028 2222/1270/3125 2221/1281/3124
f 2162/1280/3028 2163/1269/3030 2223/1259/3126 2222/1270/3125
f 2163/1269/3030 2164/1257/3034 2224/1249/3127 2223/1259/3126
f 2164/1257/3034 2165/1258/3033 2225/1250/3128 2224/1249/3127
s 66
f 2226/6445/3129 2225/6444/3130 2165/6446/3036 2166/6447/3035
s 63
f 2227/1521/3131 2226/1524/3132 2166/1528/3038 2167/1525/3037
s 64
f 2167/1525/3040 2168/1526/3039 2228/1522/3133 2227/1521/3134
s 62
f 2229/1523/3135 2228/1522/3136 2168/1526/3042 2169/1527/3041
s 65
f 2170/6071/3043 2230/6055/3137 2229/6074/3138 2169/6091/3044
s 42
f 2170/6071/3046 2171/6072/3045 2231/6056/3139 2230/6055/3140
f 2232/6073/3141 2231/6056/3139 2171/6072/3045 2172/6090/3047
f 2233/6092/3142 2232/6073/3141 2172/6090/3047 2173/6110/3048
f 2234/6111/3143 2233/6092/3142 2173/6110/3048 2174/6127/3049
f 2235/6128/3144 2234/6111/3143 2174/6127/3049 2175/6142/3050
f 2236/6143/3145 2235/6128/3144 2175/6142/3050 2176/6155/3051
f 2237/6156/3146 2236/6143/3145 2176/6155/3051 2177/6167/3052
f 2238/6168/3147 2237/6156/3146 2177/6167/3052 2178/6178/3053
f 2239/6179/3148 2238/6168/3147 2178/6178/3053 2179/6188/3054
f 2240/6189/3149 2239/6179/3148 2179/6188/3054 2180/6197/3055
f 2241/6198/3150 2240/6189/3149 2180/6197/3055 2181/6205/3056
f 2242/6206/3151 2241/6198/3150 2181/6205/3056 2182/6212/3057
f 2243/6213/3152 2242/6206/3151 2182/6212/3057 2183/6218/3058
s 61
f 2244/6219/3153 2243/6213/3154 2183/6218/3060 2184/6223/3059
s 58
f 2184/1458/3062 2185/1451/3061 2245/1447/3155 2244/1454/3156
s 59
f 2185/1451/3064 2186/1452/3063 2246/1448/3157 2245/1447/3158
s 57
f 2186/1452/3066 2187/1457/3065 2247/1453/3159 2246/1448/3160
s 60
f 2188/6410/3067 2248/6408/3161 2247/6409/3162 2187/6411/3068
s 51
f 2249/1033/3163 2248/1032/3164 2188/1040/3070 2189/1041/3069
f 2250/1043/3165 2249/1033/3163 2189/1041/3069 2190/1052/3074
f 2251/1054/3166 2250/1043/3165 2190/1052/3074 2191/1063/3073
f 2252/1065/3167 2251/1054/3166 2191/1063/3073 2192/1076/3077
f 2253/1078/3168 2252/1065/3167 2192/1076/3077 2193/1086/3078
f 2254/1088/3169 2253/1078/3168 2193/1086/3078 2194/1095/3079
f 2255/1096/3170 2254/1088/3169 2194/1095/3079 2195/1104/3080
f 2256/1105/3171 2255/1096/3170 2195/1104/3080 2196/1113/3081
f 2257/1115/3172 2256/1105/3171 2196/1113/3081 2197/1122/3082
f 2258/1124/3173 2257/1115/3172 2197/1122/3082 2198/1131/3083
f 2259/1133/3174 2258/1124/3173 2198/1131/3083 2199/1140/3084
f 2260/1142/3175 2259/1133/3174 2199/1140/3084 2200/1149/3086
f 2261/1151/3176 2260/1142/3175 2200/1149/3086 2201/1157/3088
f 2262/1159/3177 2261/1151/3176 2201/1157/3088 2202/1165/3090
f 2263/1166/3178 2262/1159/3177 2202/1165/3090 2203/1169/3092
f 2264/1170/3179 2263/1166/3178 2203/1169/3092 2204/1172/3094
s 43
f 2204/6351/3096 2145/6348/2984 2205/6343/3098 2264/6346/3180
f 2206/6342/3097 2266/6337/3181 2265/6338/3182 2205/6343/3098
s 101
f 3209/6476/3099 3219/6481/3183 3220/6482/3184 3210/6477/3100
f 3211/6480/3101 3221/6486/3185 3219/6481/3183 3209/6476/3099
f 3212/6485/3102 3222/6492/3186 3221/6486/3185 3211/6480/3101
f 3213/6491/3103 3223/6499/3187 3222/6492/3186 3212/6485/3102
f 3214/6498/3104 3224/6507/3188 3223/6499/3187 3213/6491/3103
f 3215/6506/3105 3225/6516/3189 3224/6507/3188 3214/6498/3104
f 3216/6515/3106 3226/6526/3190 3225/6516/3189 3215/6506/3105
f 3217/6525/3107 3227/6535/3191 3226/6526/3190 3216/6515/3106
f 3218/6534/3108 3228/6544/3192 3227/6535/3191 3217/6525/3107
s 43
f 2208/6286/3109 2268/6281/3193 2267/6285/3194 2207/6292/3110
f 2269/6282/3195 2268/6281/3193 2208/6286/3109 2209/6287/3111
s 49
f 2209/1379/3113 2210/1374/3112 2270/1367/3196 2269/1373/3197
f 2210/1374/3112 2211/1372/3114 2271/1368/3198 2270/1367/3196
f 2211/1372/3114 2212/1364/3115 2272/1365/3199 2271/1368/3198
f 2212/1364/3115 2213/1355/3116 2273/1356/3200 2272/1365/3199
f 2213/1355/3116 2214/1345/3117 2274/1346/3201 2273/1356/3200
f 2214/1345/3117 2215/1335/3118 2275/1336/3202 2274/1346/3201
f 2215/1335/3118 2216/1324/3119 2276/1325/3203 2275/1336/3202
f 2216/1324/3119 2217/1315/3120 2277/1308/3204 2276/1325/3203
f 2217/1315/3120 2218/1309/3121 2278/1300/3205 2277/1308/3204
f 2218/1309/3121 2219/1304/3122 2279/1301/3206 2278/1300/3205
f 2219/1304/3122 2220/1294/3123 2280/1295/3207 2279/1301/3206
f 2220/1294/3123 2221/1281/3124 2281/1282/3208 2280/1295/3207
f 2221/1281/3124 2222/1270/3125 2282/1271/3209 2281/1282/3208
f 2222/1270/3125 2223/1259/3126 2283/1260/3210 2282/1271/3209
f 2223/1259/3126 2224/1249/3127 2284/1241/3211 2283/1260/3210
f 2224/1249/3127 2225/1250/3128 2285/1242/3212 2284/1241/3211
s 66
f 2286/6443/3213 2285/6442/3214 2225/6444/3130 2226/6445/3129
s 63
f 2287/1517/3215 2286/1520/3216 2226/1524/3132 2227/1521/3131
s 64
f 2227/1521/3134 2228/1522/3133 2288/1518/3217 2287/1517/3218
s 62
f 2289/1519/3219 2288/1518/3220 2228/1522/3136 2229/1523/3135
s 65
f 2230/6055/3137 2290/6040/3221 2289/6058/3222 2229/6074/3138
s 42
f 2230/6055/3140 2231/6056/3139 2291/6041/3223 2290/6040/3224
f 2292/6057/3225 2291/6041/3223 2231/6056/3139 2232/6073/3141
f 2293/6075/3226 2292/6057/3225 2232/6073/3141 2233/6092/3142
f 2294/6093/3227 2293/6075/3226 2233/6092/3142 2234/6111/3143
f 2295/6112/3228 2294/6093/3227 2234/6111/3143 2235/6128/3144
f 2296/6129/3229 2295/6112/3228 2235/6128/3144 2236/6143/3145
f 2297/6144/3230 2296/6129/3229 2236/6143/3145 2237/6156/3146
f 2298/6157/3231 2297/6144/3230 2237/6156/3146 2238/6168/3147
f 2299/6169/3232 2298/6157/3231 2238/6168/3147 2239/6179/3148
f 2300/6180/3233 2299/6169/3232 2239/6179/3148 2240/6189/3149
f 2301/6190/3234 2300/6180/3233 2240/6189/3149 2241/6198/3150
f 2302/6199/3235 2301/6190/3234 2241/6198/3150 2242/6206/3151
f 2303/6207/3236 2302/6199/3235 2242/6206/3151 2243/6213/3152
s 61
f 2304/6214/3237 2303/6207/3238 2243/6213/3154 2244/6219/3153
s 58
f 2244/1454/3156 2245/1447/3155 2305/1443/3239 2304/1450/3240
s 59
f 2245/1447/3158 2246/1448/3157 2306/1444/3241 2305/1443/3242
s 57
f 2246/1448/3160 2247/1453/3159 2307/1449/3243 2306/1444/3244
s 60
f 2248/6408/3161 2308/6406/3245 2307/6407/3246 2247/6409/3162
s 51
f 2309/1025/3247 2308/1024/3248 2248/1032/3164 2249/1033/3163
f 2310/1042/3249 2309/1025/3247 2249/1033/3163 2250/1043/3165
f 2311/1053/3250 2310/1042/3249 2250/1043/3165 2251/1054/3166
f 2312/1064/3251 2311/1053/3250 2251/1054/3166 2252/1065/3167
f 2313/1077/3252 2312/1064/3251 2252/1065/3167 2253/1078/3168
f 2314/1087/3253 2313/1077/3252 2253/1078/3168 2254/1088/3169
f 2315/1089/3254 2314/1087/3253 2254/1088/3169 2255/1096/3170
f 2316/1097/3255 2315/1089/3254 2255/1096/3170 2256/1105/3171
f 2317/1114/3256 2316/1097/3255 2256/1105/3171 2257/1115/3172
f 2318/1123/3257 2317/1114/3256 2257/1115/3172 2258/1124/3173
f 2319/1132/3258 2318/1123/3257 2258/1124/3173 2259/1133/3174
f 2320/1141/3259 2319/1132/3258 2259/1133/3174 2260/1142/3175
f 2321/1150/3260 2320/1141/3259 2260/1142/3175 2261/1151/3176
f 2322/1158/3261 2321/1150/3260 2261/1151/3176 2262/1159/3177
f 2323/1160/3262 2322/1158/3261 2262/1159/3177 2263/1166/3178
f 2324/1167/3263 2323/1160/3262 2263/1166/3178 2264/1170/3179
s 43
f 2264/6346/3180 2205/6343/3098 2265/6338/3182 2324/6341/3264
f 2266/6337/3181 2326/6332/3265 2325/6333/3266 2265/6338/3182
s 101
f 3219/6481/3183 3229/6487/3267 3230/6488/3268 3220/6482/3184
f 3221/6486/3185 3231/6493/3269 3229/6487/3267 3219/6481/3183
f 3222/6492/3186 3232/6500/3270 3231/6493/3269 3221/6486/3185
f 3223/6499/3187 3233/6508/3271 3232/6500/3270 3222/6492/3186
f 3224/6507/3188 3234/6517/3272 3233/6508/3271 3223/6499/3187
f 3225/6516/3189 3235/6527/3273 3234/6517/3272 3224/6507/3188
f 3226/6526/3190 3236/6536/3274 3235/6527/3273 3225/6516/3189
f 3227/6535/3191 3237/6545/3275 3236/6536/3274 3226/6526/3190
f 3228/6544/3192 3238/6554/3276 3237/6545/3275 3227/6535/3191
s 43
f 2268/6281/3193 2328/6276/3277 2327/6280/3278 2267/6285/3194
f 2329/6277/3279 2328/6276/3277 2268/6281/3193 2269/6282/3195
s 49
f 2269/1373/3197 2270/1367/3196 2330/1358/3280 2329/1366/3281
f 2270/1367/3196 2271/1368/3198 2331/1359/3282 2330/1358/3280
s 104
f 2903/1613/3283 2904/1614/3284 2905/1615/3285 2906/1616/3286
f 2904/1614/3284 2907/1617/3287 2908/1618/3288 2905/1615/3285
f 2907/1617/3287 2909/1621/3289 2910/1622/3290 2908/1618/3288
f 2909/1621/3289 2911/1626/3291 2912/1627/3292 2910/1622/3290
f 2911/1626/3291 2913/1632/3293 2914/1633/3294 2912/1627/3292
f 2913/1632/3293 2915/1639/3295 2916/1640/3296 2914/1633/3294
s 49
f 2277/1308/3204 2278/1300/3205 2333/1287/3297 2332/1299/3298
f 2278/1300/3205 2279/1301/3206 2334/1288/3299 2333/1287/3297
s 105
f 2980/1690/3300 2981/1691/3301 2982/1692/3302 2983/1693/3303
f 2981/1691/3301 2984/1694/3304 2985/1695/3305 2982/1692/3302
f 2984/1694/3304 2986/1698/3306 2987/1699/3307 2985/1695/3305
f 2986/1698/3306 2988/1703/3308 2989/1704/3309 2987/1699/3307
f 2988/1703/3308 2990/1709/3310 2991/1710/3311 2989/1704/3309
s 49
f 2284/1241/3211 2285/1242/3212 2336/1234/3312 2335/1233/3313
s 66
f 2337/6441/3314 2336/6440/3315 2285/6442/3214 2286/6443/3213
s 63
f 2338/1513/3316 2337/1516/3317 2286/1520/3216 2287/1517/3215
s 64
f 2287/1517/3218 2288/1518/3217 2339/1514/3318 2338/1513/3319
s 62
f 2340/1515/3320 2339/1514/3321 2288/1518/3220 2289/1519/3219
s 65
f 2290/6040/3221 2341/6026/3322 2340/6043/3323 2289/6058/3222
s 42
f 2290/6040/3224 2291/6041/3223 2342/6027/3324 2341/6026/3325
f 2343/6042/3326 2342/6027/3324 2291/6041/3223 2292/6057/3225
f 2344/6059/3327 2343/6042/3326 2292/6057/3225 2293/6075/3226
f 2345/6076/3328 2344/6059/3327 2293/6075/3226 2294/6093/3227
f 2346/6094/3329 2345/6076/3328 2294/6093/3227 2295/6112/3228
f 2347/6113/3330 2346/6094/3329 2295/6112/3228 2296/6129/3229
f 2348/6130/3331 2347/6113/3330 2296/6129/3229 2297/6144/3230
f 2349/6145/3332 2348/6130/3331 2297/6144/3230 2298/6157/3231
f 2350/6158/3333 2349/6145/3332 2298/6157/3231 2299/6169/3232
f 2351/6170/3334 2350/6158/3333 2299/6169/3232 2300/6180/3233
f 2352/6181/3335 2351/6170/3334 2300/6180/3233 2301/6190/3234
f 2353/6191/3336 2352/6181/3335 2301/6190/3234 2302/6199/3235
f 2354/6200/3337 2353/6191/3336 2302/6199/3235 2303/6207/3236
s 61
f 2355/6208/3338 2354/6200/3339 2303/6207/3238 2304/6214/3237
s 58
f 2304/1450/3240 2305/1443/3239 2356/1439/3340 2355/1446/3341
s 59
f 2305/1443/3242 2306/1444/3241 2357/1440/3342 2356/1439/3343
s 57
f 2306/1444/3244 2307/1449/3243 2358/1445/3344 2357/1440/3345
s 60
f 2308/6406/3245 2359/6404/3346 2358/6405/3347 2307/6407/3246
s 51
f 2360/1017/3348 2359/1016/3349 2308/1024/3248 2309/1025/3247
s 106
f 3047/1756/3350 3046/1757/3351 3048/1758/3352 3049/1759/3353
f 3050/1762/3354 3047/1756/3350 3049/1759/3353 3051/1763/3355
f 3052/1767/3356 3050/1762/3354 3051/1763/3355 3053/1768/3357
f 3054/1773/3358 3052/1767/3356 3053/1768/3357 3055/1774/3359
f 3056/1780/3360 3054/1773/3358 3055/1774/3359 3057/1781/3361
s 51
f 2362/1080/3362 2361/1079/3363 2314/1087/3253 2315/1089/3254
f 2363/1090/3364 2362/1080/3362 2315/1089/3254 2316/1097/3255
s 107
f 3113/1822/3365 3112/1823/3366 3114/1824/3367 3115/1825/3368
f 3116/1828/3369 3113/1822/3365 3115/1825/3368 3117/1829/3370
f 3118/1833/3371 3116/1828/3369 3117/1829/3370 3119/1834/3372
f 3120/1839/3373 3118/1833/3371 3119/1834/3372 3121/1840/3374
f 3122/1846/3375 3120/1839/3373 3121/1840/3374 3123/1847/3376
f 3124/1854/3377 3122/1846/3375 3123/1847/3376 3125/1855/3378
s 51
f 2365/1153/3379 2364/1152/3380 2322/1158/3261 2323/1160/3262
f 2366/1161/3381 2365/1153/3379 2323/1160/3262 2324/1167/3263
s 43
f 2324/6341/3264 2265/6338/3182 2325/6333/3266 2366/6336/3382
f 2326/6332/3265 2368/6327/3383 2367/6328/3384 2325/6333/3266
s 101
f 3229/6487/3267 3239/6494/3385 3240/6495/3386 3230/6488/3268
f 3231/6493/3269 3241/6501/3387 3239/6494/3385 3229/6487/3267
f 3232/6500/3270 3242/6509/3388 3241/6501/3387 3231/6493/3269
f 3233/6508/3271 3243/6518/3389 3242/6509/3388 3232/6500/3270
f 3234/6517/3272 3244/6528/3390 3243/6518/3389 3233/6508/3271
f 3235/6527/3273 3245/6537/3391 3244/6528/3390 3234/6517/3272
f 3236/6536/3274 3246/6546/3392 3245/6537/3391 3235/6527/3273
f 3237/6545/3275 3247/6555/3393 3246/6546/3392 3236/6536/3274
f 3238/6554/3276 3248/6564/3394 3247/6555/3393 3237/6545/3275
s 43
f 2328/6276/3277 2370/6271/3395 2369/6275/3396 2327/6280/3278
f 2371/6272/3397 2370/6271/3395 2328/6276/3277 2329/6277/3279
s 49
f 2329/1366/3281 2330/1358/3280 2372/1349/3398 2371/1357/3399
f 2330/1358/3280 2331/1359/3282 2373/1350/3400 2372/1349/3398
s 104
f 2906/1616/3286 2905/1615/3285 2917/1619/3401 2918/1620/3402
f 2905/1615/3285 2908/1618/3288 2919/1623/3403 2917/1619/3401
f 2908/1618/3288 2910/1622/3290 2920/1628/3404 2919/1623/3403
f 2910/1622/3290 2912/1627/3292 2921/1634/3405 2920/1628/3404
f 2912/1627/3292 2914/1633/3294 2922/1641/3406 2921/1634/3405
f 2914/1633/3294 2916/1640/3296 2923/1647/3407 2922/1641/3406
s 49
f 2332/1299/3298 2333/1287/3297 2375/1276/3408 2374/1286/3409
f 2333/1287/3297 2334/1288/3299 2376/1277/3410 2375/1276/3408
s 105
f 2983/1693/3303 2982/1692/3302 2992/1696/3411 2993/1697/3412
f 2982/1692/3302 2985/1695/3305 2994/1700/3413 2992/1696/3411
f 2985/1695/3305 2987/1699/3307 2995/1705/3414 2994/1700/3413
f 2987/1699/3307 2989/1704/3309 2996/1711/3415 2995/1705/3414
f 2989/1704/3309 2991/1710/3311 2997/1716/3416 2996/1711/3415
s 49
f 2335/1233/3313 2336/1234/3312 2378/1226/3417 2377/1225/3418
s 66
f 2379/6439/3419 2378/6438/3420 2336/6440/3315 2337/6441/3314
s 63
f 2380/1509/3421 2379/1512/3422 2337/1516/3317 2338/1513/3316
s 64
f 2338/1513/3319 2339/1514/3318 2381/1510/3423 2380/1509/3424
s 62
f 2382/1511/3425 2381/1510/3426 2339/1514/3321 2340/1515/3320
s 65
f 2341/6026/3322 2383/6013/3427 2382/6029/3428 2340/6043/3323
s 42
f 2341/6026/3325 2342/6027/3324 2384/6014/3429 2383/6013/3430
f 2385/6028/3431 2384/6014/3429 2342/6027/3324 2343/6042/3326
f 2386/6044/3432 2385/6028/3431 2343/6042/3326 2344/6059/3327
f 2387/6060/3433 2386/6044/3432 2344/6059/3327 2345/6076/3328
f 2388/6077/3434 2387/6060/3433 2345/6076/3328 2346/6094/3329
f 2389/6095/3435 2388/6077/3434 2346/6094/3329 2347/6113/3330
f 2390/6114/3436 2389/6095/3435 2347/6113/3330 2348/6130/3331
f 2391/6131/3437 2390/6114/3436 2348/6130/3331 2349/6145/3332
f 2392/6146/3438 2391/6131/3437 2349/6145/3332 2350/6158/3333
f 2393/6159/3439 2392/6146/3438 2350/6158/3333 2351/6170/3334
f 2394/6171/3440 2393/6159/3439 2351/6170/3334 2352/6181/3335
f 2395/6182/3441 2394/6171/3440 2352/6181/3335 2353/6191/3336
f 2396/6192/3442 2395/6182/3441 2353/6191/3336 2354/6200/3337
s 61
f 2397/6201/3443 2396/6192/3444 2354/6200/3339 2355/6208/3338
s 58
f 2355/1446/3341 2356/1439/3340 2398/1435/3445 2397/1442/3446
s 59
f 2356/1439/3343 2357/1440/3342 2399/1436/3447 2398/1435/3448
s 57
f 2357/1440/3345 2358/1445/3344 2400/1441/3449 2399/1436/3450
s 60
f 2359/6404/3346 2401/6402/3451 2400/6403/3452 2358/6405/3347
s 51
f 2402/1009/3453 2401/1008/3454 2359/1016/3349 2360/1017/3348
s 106
f 3059/1760/3455 3058/1761/3456 3046/1757/3351 3047/1756/3350
f 3060/1766/3457 3059/1760/3455 3047/1756/3350 3050/1762/3354
f 3061/1772/3458 3060/1766/3457 3050/1762/3354 3052/1767/3356
f 3062/1779/3459 3061/1772/3458 3052/1767/3356 3054/1773/3358
f 3063/1787/3460 3062/1779/3459 3054/1773/3358 3056/1780/3360
s 51
f 2404/1067/3461 2403/1066/3462 2361/1079/3363 2362/1080/3362
f 2405/1081/3463 2404/1067/3461 2362/1080/3362 2363/1090/3364
s 107
f 3127/1826/3464 3126/1827/3465 3112/1823/3366 3113/1822/3365
f 3128/1832/3466 3127/1826/3464 3113/1822/3365 3116/1828/3369
f 3129/1838/3467 3128/1832/3466 3116/1828/3369 3118/1833/3371
f 3130/1845/3468 3129/1838/3467 3118/1833/3371 3120/1839/3373
f 3131/1853/3469 3130/1845/3468 3120/1839/3373 3122/1846/3375
f 3132/1862/3470 3131/1853/3469 3122/1846/3375 3124/1854/3377
s 51
f 2407/1144/3471 2406/1143/3472 2364/1152/3380 2365/1153/3379
f 2408/1154/3473 2407/1144/3471 2365/1153/3379 2366/1161/3381
s 43
f 2366/6336/3382 2325/6333/3266 2367/6328/3384 2408/6331/3474
f 2368/6327/3383 2410/6322/3475 2409/6323/3476 2367/6328/3384
s 101
f 3239/6494/3385 3249/6502/3477 3250/6503/3478 3240/6495/3386
f 3241/6501/3387 3251/6510/3479 3249/6502/3477 3239/6494/3385
f 3242/6509/3388 3252/6519/3480 3251/6510/3479 3241/6501/3387
f 3243/6518/3389 3253/6529/3481 3252/6519/3480 3242/6509/3388
f 3244/6528/3390 3254/6538/3482 3253/6529/3481 3243/6518/3389
f 3245/6537/3391 3255/6547/3483 3254/6538/3482 3244/6528/3390
f 3246/6546/3392 3256/6556/3484 3255/6547/3483 3245/6537/3391
f 3247/6555/3393 3257/6565/3485 3256/6556/3484 3246/6546/3392
f 3248/6564/3394 3258/6574/3486 3257/6565/3485 3247/6555/3393
s 43
f 2370/6271/3395 2412/6266/3487 2411/6270/3488 2369/6275/3396
f 2413/6267/3489 2412/6266/3487 2370/6271/3395 2371/6272/3397
s 49
f 2371/1357/3399 2372/1349/3398 2414/1340/3490 2413/1348/3491
f 2372/1349/3398 2373/1350/3400 2415/1341/3492 2414/1340/3490
s 104
f 2918/1620/3402 2917/1619/3401 2924/1624/3493 2925/1625/3494
f 2917/1619/3401 2919/1623/3403 2926/1629/3495 2924/1624/3493
f 2919/1623/3403 2920/1628/3404 2927/1635/3496 2926/1629/3495
f 2920/1628/3404 2921/1634/3405 2928/1642/3497 2927/1635/3496
f 2921/1634/3405 2922/1641/3406 2929/1648/3498 2928/1642/3497
f 2922/1641/3406 2923/1647/3407 2930/1654/3499 2929/1648/3498
s 49
f 2374/1286/3409 2375/1276/3408 2417/1265/3500 2416/1275/3501
f 2375/1276/3408 2376/1277/3410 2418/1266/3502 2417/1265/3500
s 105
f 2993/1697/3412 2992/1696/3411 2998/1701/3503 2999/1702/3504
f 2992/1696/3411 2994/1700/3413 3000/1706/3505 2998/1701/3503
f 2994/1700/3413 2995/1705/3414 3001/1712/3506 3000/1706/3505
f 2995/1705/3414 2996/1711/3415 3002/1717/3507 3001/1712/3506
f 2996/1711/3415 2997/1716/3416 3003/1722/3508 3002/1717/3507
s 49
f 2377/1225/3418 2378/1226/3417 2420/1218/3509 2419/1217/3510
s 66
f 2421/6437/3511 2420/6436/3512 2378/6438/3420 2379/6439/3419
s 63
f 2422/1505/3513 2421/1508/3514 2379/1512/3422 2380/1509/3421
s 64
f 2380/1509/3424 2381/1510/3423 2423/1506/3515 2422/1505/3516
s 62
f 2424/1507/3517 2423/1506/3518 2381/1510/3426 2382/1511/3425
s 65
f 2383/6013/3427 2425/6001/3519 2424/6016/3520 2382/6029/3428
s 42
f 2383/6013/3430 2384/6014/3429 2426/6002/3521 2425/6001/3522
f 2427/6015/3523 2426/6002/3521 2384/6014/3429 2385/6028/3431
f 2428/6030/3524 2427/6015/3523 2385/6028/3431 2386/6044/3432
f 2429/6045/3525 2428/6030/3524 2386/6044/3432 2387/6060/3433
f 2430/6061/3526 2429/6045/3525 2387/6060/3433 2388/6077/3434
f 2431/6078/3527 2430/6061/3526 2388/6077/3434 2389/6095/3435
f 2432/6096/3528 2431/6078/3527 2389/6095/3435 2390/6114/3436
f 2433/6115/3529 2432/6096/3528 2390/6114/3436 2391/6131/3437
f 2434/6132/3530 2433/6115/3529 2391/6131/3437 2392/6146/3438
f 2435/6147/3531 2434/6132/3530 2392/6146/3438 2393/6159/3439
f 2436/6160/3532 2435/6147/3531 2393/6159/3439 2394/6171/3440
f 2437/6172/3533 2436/6160/3532 2394/6171/3440 2395/6182/3441
f 2438/6183/3534 2437/6172/3533 2395/6182/3441 2396/6192/3442
s 61
f 2439/6193/3535 2438/6183/3536 2396/6192/3444 2397/6201/3443
s 58
f 2397/1442/3446 2398/1435/3445 2440/1431/3537 2439/1438/3538
s 59
f 2398/1435/3448 2399/1436/3447 2441/1432/3539 2440/1431/3540
s 57
f 2399/1436/3450 2400/1441/3449 2442/1437/3541 2441/1432/3542
s 60
f 2401/6402/3451 2443/6400/3543 2442/6401/3544 2400/6403/3452
s 51
f 2444/1002/3545 2443/1001/3546 2401/1008/3454 2402/1009/3453
s 106
f 3065/1764/3547 3064/1765/3548 3058/1761/3456 3059/1760/3455
f 3066/1771/3549 3065/1764/3547 3059/1760/3455 3060/1766/3457
f 3067/1778/3550 3066/1771/3549 3060/1766/3457 3061/1772/3458
f 3068/1786/3551 3067/1778/3550 3061/1772/3458 3062/1779/3459
f 3069/1793/3552 3068/1786/3551 3062/1779/3459 3063/1787/3460
s 51
f 2446/1056/3553 2445/1055/3554 2403/1066/3462 2404/1067/3461
f 2447/1068/3555 2446/1056/3553 2404/1067/3461 2405/1081/3463
s 107
f 3134/1830/3556 3133/1831/3557 3126/1827/3465 3127/1826/3464
f 3135/1837/3558 3134/1830/3556 3127/1826/3464 3128/1832/3466
f 3136/1844/3559 3135/1837/3558 3128/1832/3466 3129/1838/3467
f 3137/1852/3560 3136/1844/3559 3129/1838/3467 3130/1845/3468
f 3138/1861/3561 3137/1852/3560 3130/1845/3468 3131/1853/3469
f 3139/1869/3562 3138/1861/3561 3131/1853/3469 3132/1862/3470
s 51
f 2449/1135/3563 2448/1134/3564 2406/1143/3472 2407/1144/3471
f 2450/1145/3565 2449/1135/3563 2407/1144/3471 2408/1154/3473
s 43
f 2408/6331/3474 2367/6328/3384 2409/6323/3476 2450/6326/3566
f 2410/6322/3475 2452/6317/3567 2451/6318/3568 2409/6323/3476
s 101
f 3249/6502/3477 3259/6511/3569 3260/6512/3570 3250/6503/3478
f 3251/6510/3479 3261/6520/3571 3259/6511/3569 3249/6502/3477
f 3252/6519/3480 3262/6530/3572 3261/6520/3571 3251/6510/3479
f 3253/6529/3481 3263/6539/3573 3262/6530/3572 3252/6519/3480
f 3254/6538/3482 3264/6548/3574 3263/6539/3573 3253/6529/3481
f 3255/6547/3483 3265/6557/3575 3264/6548/3574 3254/6538/3482
f 3256/6556/3484 3266/6566/3576 3265/6557/3575 3255/6547/3483
f 3257/6565/3485 3267/6575/3577 3266/6566/3576 3256/6556/3484
f 3258/6574/3486 3268/6582/3578 3267/6575/3577 3257/6565/3485
s 43
f 2412/6266/3487 2454/6261/3579 2453/6265/3580 2411/6270/3488
f 2455/6262/3581 2454/6261/3579 2412/6266/3487 2413/6267/3489
s 49
f 2413/1348/3491 2414/1340/3490 2456/1331/3582 2455/1339/3583
f 2414/1340/3490 2415/1341/3492 2457/1332/3584 2456/1331/3582
s 104
f 2925/1625/3494 2924/1624/3493 2931/1630/3585 2932/1631/3586
f 2924/1624/3493 2926/1629/3495 2933/1636/3587 2931/1630/3585
f 2926/1629/3495 2927/1635/3496 2934/1643/3588 2933/1636/3587
f 2927/1635/3496 2928/1642/3497 2935/1649/3589 2934/1643/3588
f 2928/1642/3497 2929/1648/3498 2936/1655/3590 2935/1649/3589
f 2929/1648/3498 2930/1654/3499 2937/1661/3591 2936/1655/3590
s 49
f 2416/1275/3501 2417/1265/3500 2459/1255/3592 2458/1264/3593
f 2417/1265/3500 2418/1266/3502 2460/1256/3594 2459/1255/3592
s 105
f 2999/1702/3504 2998/1701/3503 3004/1707/3595 3005/1708/3596
f 2998/1701/3503 3000/1706/3505 3006/1713/3597 3004/1707/3595
f 3000/1706/3505 3001/1712/3506 3007/1718/3598 3006/1713/3597
f 3001/1712/3506 3002/1717/3507 3008/1723/3599 3007/1718/3598
f 3002/1717/3507 3003/1722/3508 3009/1728/3600 3008/1723/3599
s 49
f 2419/1217/3510 2420/1218/3509 2462/1211/3601 2461/1210/3602
s 66
f 2463/6435/3603 2462/6434/3604 2420/6436/3512 2421/6437/3511
s 63
f 2464/1501/3605 2463/1504/3606 2421/1508/3514 2422/1505/3513
s 64
f 2422/1505/3516 2423/1506/3515 2465/1502/3607 2464/1501/3608
s 62
f 2466/1503/3609 2465/1502/3610 2423/1506/3518 2424/1507/3517
s 65
f 2425/6001/3519 2467/5990/3611 2466/6004/3612 2424/6016/3520
s 42
f 2425/6001/3522 2426/6002/3521 2468/5991/3613 2467/5990/3614
f 2469/6003/3615 2468/5991/3613 2426/6002/3521 2427/6015/3523
f 2470/6017/3616 2469/6003/3615 2427/6015/3523 2428/6030/3524
f 2471/6031/3617 2470/6017/3616 2428/6030/3524 2429/6045/3525
f 2472/6046/3618 2471/6031/3617 2429/6045/3525 2430/6061/3526
f 2473/6062/3619 2472/6046/3618 2430/6061/3526 2431/6078/3527
f 2474/6079/3620 2473/6062/3619 2431/6078/3527 2432/6096/3528
f 2475/6097/3621 2474/6079/3620 2432/6096/3528 2433/6115/3529
f 2476/6116/3622 2475/6097/3621 2433/6115/3529 2434/6132/3530
f 2477/6133/3623 2476/6116/3622 2434/6132/3530 2435/6147/3531
f 2478/6148/3624 2477/6133/3623 2435/6147/3531 2436/6160/3532
f 2479/6161/3625 2478/6148/3624 2436/6160/3532 2437/6172/3533
f 2480/6173/3626 2479/6161/3625 2437/6172/3533 2438/6183/3534
s 61
f 2481/6184/3627 2480/6173/3628 2438/6183/3536 2439/6193/3535
s 58
f 2439/1438/3538 2440/1431/3537 2482/1427/3629 2481/1434/3630
s 59
f 2440/1431/3540 2441/1432/3539 2483/1428/3631 2482/1427/3632
s 57
f 2441/1432/3542 2442/1437/3541 2484/1433/3633 2483/1428/3634
s 60
f 2443/6400/3543 2485/6398/3635 2484/6399/3636 2442/6401/3544
s 51
f 2486/997/3637 2485/996/3638 2443/1001/3546 2444/1002/3545
s 106
f 3071/1769/3639 3070/1770/3640 3064/1765/3548 3065/1764/3547
f 3072/1777/3641 3071/1769/3639 3065/1764/3547 3066/1771/3549
f 3073/1785/3642 3072/1777/3641 3066/1771/3549 3067/1778/3550
f 3074/1792/3643 3073/1785/3642 3067/1778/3550 3068/1786/3551
f 3075/1799/3644 3074/1792/3643 3068/1786/3551 3069/1793/3552
s 51
f 2488/1045/3645 2487/1044/3646 2445/1055/3554 2446/1056/3553
f 2489/1057/3647 2488/1045/3645 2446/1056/3553 2447/1068/3555
s 107
f 3141/1835/3648 3140/1836/3649 3133/1831/3557 3134/1830/3556
f 3142/1843/3650 3141/1835/3648 3134/1830/3556 3135/1837/3558
f 3143/1851/3651 3142/1843/3650 3135/1837/3558 3136/1844/3559
f 3144/1860/3652 3143/1851/3651 3136/1844/3559 3137/1852/3560
f 3145/1868/3653 3144/1860/3652 3137/1852/3560 3138/1861/3561
f 3146/1876/3654 3145/1868/3653 3138/1861/3561 3139/1869/3562
s 51
f 2491/1126/3655 2490/1125/3656 2448/1134/3564 2449/1135/3563
f 2492/1136/3657 2491/1126/3655 2449/1135/3563 2450/1145/3565
s 43
f 2450/6326/3566 2409/6323/3476 2451/6318/3568 2492/6321/3658
f 2452/6317/3567 2494/6312/3659 2493/6313/3660 2451/6318/3568
s 101
f 3259/6511/3569 3269/6521/3661 3270/6522/3662 3260/6512/3570
f 3261/6520/3571 3271/6531/3663 3269/6521/3661 3259/6511/3569
f 3262/6530/3572 3272/6540/3664 3271/6531/3663 3261/6520/3571
f 3263/6539/3573 3273/6549/3665 3272/6540/3664 3262/6530/3572
f 3264/6548/3574 3274/6558/3666 3273/6549/3665 3263/6539/3573
f 3265/6557/3575 3275/6567/3667 3274/6558/3666 3264/6548/3574
f 3266/6566/3576 3276/6576/3668 3275/6567/3667 3265/6557/3575
f 3267/6575/3577 3277/6583/3669 3276/6576/3668 3266/6566/3576
f 3268/6582/3578 3278/6589/3670 3277/6583/3669 3267/6575/3577
s 43
f 2454/6261/3579 2496/6256/3671 2495/6260/3672 2453/6265/3580
f 2497/6257/3673 2496/6256/3671 2454/6261/3579 2455/6262/3581
s 49
f 2455/1339/3583 2456/1331/3582 2498/1321/3674 2497/1330/3675
f 2456/1331/3582 2457/1332/3584 2499/1322/3676 2498/1321/3674
s 104
f 2932/1631/3586 2931/1630/3585 2938/1637/3677 2939/1638/3678
f 2931/1630/3585 2933/1636/3587 2940/1644/3679 2938/1637/3677
f 2933/1636/3587 2934/1643/3588 2941/1650/3680 2940/1644/3679
f 2934/1643/3588 2935/1649/3589 2942/1656/3681 2941/1650/3680
f 2935/1649/3589 2936/1655/3590 2943/1662/3682 2942/1656/3681
f 2936/1655/3590 2937/1661/3591 2944/1668/3683 2943/1662/3682
s 49
f 2458/1264/3593 2459/1255/3592 2501/1247/3684 2500/1254/3685
f 2459/1255/3592 2460/1256/3594 2502/1248/3686 2501/1247/3684
s 105
f 3005/1708/3596 3004/1707/3595 3010/1714/3687 3011/1715/3688
f 3004/1707/3595 3006/1713/3597 3012/1719/3689 3010/1714/3687
f 3006/1713/3597 3007/1718/3598 3013/1724/3690 3012/1719/3689
f 3007/1718/3598 3008/1723/3599 3014/1729/3691 3013/1724/3690
f 3008/1723/3599 3009/1728/3600 3015/1734/3692 3014/1729/3691
s 49
f 2461/1210/3602 2462/1211/3601 2504/1206/3693 2503/1205/3694
s 66
f 2505/6433/3695 2504/6432/3696 2462/6434/3604 2463/6435/3603
s 63
f 2506/1497/3697 2505/1500/3698 2463/1504/3606 2464/1501/3605
s 64
f 2464/1501/3608 2465/1502/3607 2507/1498/3699 2506/1497/3700
s 62
f 2508/1499/3701 2507/1498/3702 2465/1502/3610 2466/1503/3609
s 65
f 2467/5990/3611 2509/5980/3703 2508/5993/3704 2466/6004/3612
s 42
f 2467/5990/3614 2468/5991/3613 2510/5981/3705 2509/5980/3706
f 2511/5992/3707 2510/5981/3705 2468/5991/3613 2469/6003/3615
f 2512/6005/3708 2511/5992/3707 2469/6003/3615 2470/6017/3616
f 2513/6018/3709 2512/6005/3708 2470/6017/3616 2471/6031/3617
f 2514/6032/3710 2513/6018/3709 2471/6031/3617 2472/6046/3618
f 2515/6047/3711 2514/6032/3710 2472/6046/3618 2473/6062/3619
f 2516/6063/3712 2515/6047/3711 2473/6062/3619 2474/6079/3620
f 2517/6080/3713 2516/6063/3712 2474/6079/3620 2475/6097/3621
f 2518/6098/3714 2517/6080/3713 2475/6097/3621 2476/6116/3622
f 2519/6117/3715 2518/6098/3714 2476/6116/3622 2477/6133/3623
f 2520/6134/3716 2519/6117/3715 2477/6133/3623 2478/6148/3624
f 2521/6149/3717 2520/6134/3716 2478/6148/3624 2479/6161/3625
f 2522/6162/3718 2521/6149/3717 2479/6161/3625 2480/6173/3626
s 61
f 2523/6174/3719 2522/6162/3720 2480/6173/3628 2481/6184/3627
s 58
f 2481/1434/3630 2482/1427/3629 2524/1423/3721 2523/1430/3722
s 59
f 2482/1427/3632 2483/1428/3631 2525/1424/3723 2524/1423/3724
s 57
f 2483/1428/3634 2484/1433/3633 2526/1429/3725 2525/1424/3726
s 60
f 2485/6398/3635 2527/6396/3727 2526/6397/3728 2484/6399/3636
s 51
f 2528/992/3729 2527/991/3730 2485/996/3638 2486/997/3637
s 106
f 3077/1775/3731 3076/1776/3732 3070/1770/3640 3071/1769/3639
f 3078/1784/3733 3077/1775/3731 3071/1769/3639 3072/1777/3641
f 3079/1791/3734 3078/1784/3733 3072/1777/3641 3073/1785/3642
f 3080/1798/3735 3079/1791/3734 3073/1785/3642 3074/1792/3643
f 3081/1805/3736 3080/1798/3735 3074/1792/3643 3075/1799/3644
s 51
f 2530/1035/3737 2529/1034/3738 2487/1044/3646 2488/1045/3645
f 2531/1046/3739 2530/1035/3737 2488/1045/3645 2489/1057/3647
s 107
f 3148/1841/3740 3147/1842/3741 3140/1836/3649 3141/1835/3648
f 3149/1850/3742 3148/1841/3740 3141/1835/3648 3142/1843/3650
f 3150/1859/3743 3149/1850/3742 3142/1843/3650 3143/1851/3651
f 3151/1867/3744 3150/1859/3743 3143/1851/3651 3144/1860/3652
f 3152/1875/3745 3151/1867/3744 3144/1860/3652 3145/1868/3653
f 3153/1883/3746 3152/1875/3745 3145/1868/3653 3146/1876/3654
s 51
f 2533/1117/3747 2532/1116/3748 2490/1125/3656 2491/1126/3655
f 2534/1127/3749 2533/1117/3747 2491/1126/3655 2492/1136/3657
s 43
f 2492/6321/3658 2451/6318/3568 2493/6313/3660 2534/6316/3750
f 2494/6312/3659 2536/6308/3751 2535/6309/3752 2493/6313/3660
s 101
f 3269/6521/3661 3279/6532/3753 3280/6533/3754 3270/6522/3662
f 3271/6531/3663 3281/6541/3755 3279/6532/3753 3269/6521/3661
f 3272/6540/3664 3282/6550/3756 3281/6541/3755 3271/6531/3663
f 3273/6549/3665 3283/6559/3757 3282/6550/3756 3272/6540/3664
f 3274/6558/3666 3284/6568/3758 3283/6559/3757 3273/6549/3665
f 3275/6567/3667 3285/6577/3759 3284/6568/3758 3274/6558/3666
f 3276/6576/3668 3286/6584/3760 3285/6577/3759 3275/6567/3667
f 3277/6583/3669 3287/6590/3761 3286/6584/3760 3276/6576/3668
f 3278/6589/3670 3288/6595/3762 3287/6590/3761 3277/6583/3669
s 43
f 2496/6256/3671 2538/6251/3763 2537/6255/3764 2495/6260/3672
f 2539/6252/3765 2538/6251/3763 2496/6256/3671 2497/6257/3673
s 49
f 2497/1330/3675 2498/1321/3674 2540/1313/3766 2539/1320/3767
f 2498/1321/3674 2499/1322/3676 2541/1314/3768 2540/1313/3766
s 104
f 2939/1638/3678 2938/1637/3677 2945/1645/3769 2946/1646/3770
f 2938/1637/3677 2940/1644/3679 2947/1651/3771 2945/1645/3769
f 2940/1644/3679 2941/1650/3680 2948/1657/3772 2947/1651/3771
f 2941/1650/3680 2942/1656/3681 2949/1663/3773 2948/1657/3772
f 2942/1656/3681 2943/1662/3682 2950/1669/3774 2949/1663/3773
f 2943/1662/3682 2944/1668/3683 2951/1675/3775 2950/1669/3774
s 49
f 2500/1254/3685 2501/1247/3684 2543/1239/3776 2542/1246/3777
f 2501/1247/3684 2502/1248/3686 2544/1240/3778 2543/1239/3776
s 105
f 3011/1715/3688 3010/1714/3687 3016/1720/3779 3017/1721/3780
f 3010/1714/3687 3012/1719/3689 3018/1725/3781 3016/1720/3779
f 3012/1719/3689 3013/1724/3690 3019/1730/3782 3018/1725/3781
f 3013/1724/3690 3014/1729/3691 3020/1735/3783 3019/1730/3782
f 3014/1729/3691 3015/1734/3692 3021/1740/3784 3020/1735/3783
s 49
f 2503/1205/3694 2504/1206/3693 2546/1201/3785 2545/1200/3786
s 66
f 2547/6431/3787 2546/6430/3788 2504/6432/3696 2505/6433/3695
s 63
f 2548/1493/3789 2547/1496/3790 2505/1500/3698 2506/1497/3697
s 64
f 2506/1497/3700 2507/1498/3699 2549/1494/3791 2548/1493/3792
s 62
f 2550/1495/3793 2549/1494/3794 2507/1498/3702 2508/1499/3701
s 65
f 2509/5980/3703 2551/5971/3795 2550/5983/3796 2508/5993/3704
s 42
f 2509/5980/3706 2510/5981/3705 2552/5972/3797 2551/5971/3798
f 2553/5982/3799 2552/5972/3797 2510/5981/3705 2511/5992/3707
f 2554/5994/3800 2553/5982/3799 2511/5992/3707 2512/6005/3708
f 2555/6006/3801 2554/5994/3800 2512/6005/3708 2513/6018/3709
f 2556/6019/3802 2555/6006/3801 2513/6018/3709 2514/6032/3710
f 2557/6033/3803 2556/6019/3802 2514/6032/3710 2515/6047/3711
f 2558/6048/3804 2557/6033/3803 2515/6047/3711 2516/6063/3712
f 2559/6064/3805 2558/6048/3804 2516/6063/3712 2517/6080/3713
f 2560/6081/3806 2559/6064/3805 2517/6080/3713 2518/6098/3714
f 2561/6099/3807 2560/6081/3806 2518/6098/3714 2519/6117/3715
f 2562/6118/3808 2561/6099/3807 2519/6117/3715 2520/6134/3716
f 2563/6135/3809 2562/6118/3808 2520/6134/3716 2521/6149/3717
f 2564/6150/3810 2563/6135/3809 2521/6149/3717 2522/6162/3718
s 61
f 2565/6163/3811 2564/6150/3812 2522/6162/3720 2523/6174/3719
s 58
f 2523/1430/3722 2524/1423/3721 2566/1419/3813 2565/1426/3814
s 59
f 2524/1423/3724 2525/1424/3723 2567/1420/3815 2566/1419/3816
s 57
f 2525/1424/3726 2526/1429/3725 2568/1425/3817 2567/1420/3818
s 60
f 2527/6396/3727 2569/6394/3819 2568/6395/3820 2526/6397/3728
s 51
f 2570/987/3821 2569/986/3822 2527/991/3730 2528/992/3729
s 106
f 3083/1782/3823 3082/1783/3824 3076/1776/3732 3077/1775/3731
f 3084/1790/3825 3083/1782/3823 3077/1775/3731 3078/1784/3733
f 3085/1797/3826 3084/1790/3825 3078/1784/3733 3079/1791/3734
f 3086/1804/3827 3085/1797/3826 3079/1791/3734 3080/1798/3735
f 3087/1811/3828 3086/1804/3827 3080/1798/3735 3081/1805/3736
s 51
f 2572/1027/3829 2571/1026/3830 2529/1034/3738 2530/1035/3737
f 2573/1036/3831 2572/1027/3829 2530/1035/3737 2531/1046/3739
s 107
f 3155/1848/3832 3154/1849/3833 3147/1842/3741 3148/1841/3740
f 3156/1858/3834 3155/1848/3832 3148/1841/3740 3149/1850/3742
f 3157/1866/3835 3156/1858/3834 3149/1850/3742 3150/1859/3743
f 3158/1874/3836 3157/1866/3835 3150/1859/3743 3151/1867/3744
f 3159/1882/3837 3158/1874/3836 3151/1867/3744 3152/1875/3745
f 3160/1888/3838 3159/1882/3837 3152/1875/3745 3153/1883/3746
s 51
f 2575/1107/3839 2574/1106/3840 2532/1116/3748 2533/1117/3747
f 2576/1118/3841 2575/1107/3839 2533/1117/3747 2534/1127/3749
s 43
f 2534/6316/3750 2493/6313/3660 2535/6309/3752 2576/6311/3842
f 2536/6308/3751 2578/6302/3843 2577/6303/3844 2535/6309/3752
s 101
f 3279/6532/3753 3289/6542/3845 3290/6543/3846 3280/6533/3754
f 3281/6541/3755 3291/6551/3847 3289/6542/3845 3279/6532/3753
f 3282/6550/3756 3292/6560/3848 3291/6551/3847 3281/6541/3755
f 3283/6559/3757 3293/6569/3849 3292/6560/3848 3282/6550/3756
f 3284/6568/3758 3294/6578/3850 3293/6569/3849 3283/6559/3757
f 3285/6577/3759 3295/6585/3851 3294/6578/3850 3284/6568/3758
f 3286/6584/3760 3296/6591/3852 3295/6585/3851 3285/6577/3759
f 3287/6590/3761 3297/6596/3853 3296/6591/3852 3286/6584/3760
f 3288/6595/3762 3298/6600/3854 3297/6596/3853 3287/6590/3761
s 43
f 2538/6251/3763 2580/6246/3855 2579/6250/3856 2537/6255/3764
f 2581/6247/3857 2580/6246/3855 2538/6251/3763 2539/6252/3765
s 49
f 2539/1320/3767 2540/1313/3766 2582/1306/3858 2581/1312/3859
f 2540/1313/3766 2541/1314/3768 2583/1307/3860 2582/1306/3858
s 104
f 2946/1646/3770 2945/1645/3769 2952/1652/3861 2953/1653/3862
f 2945/1645/3769 2947/1651/3771 2954/1658/3863 2952/1652/3861
f 2947/1651/3771 2948/1657/3772 2955/1664/3864 2954/1658/3863
f 2948/1657/3772 2949/1663/3773 2956/1670/3865 2955/1664/3864
f 2949/1663/3773 2950/1669/3774 2957/1676/3866 2956/1670/3865
f 2950/1669/3774 2951/1675/3775 2958/1680/3867 2957/1676/3866
s 49
f 2542/1246/3777 2543/1239/3776 2585/1231/3868 2584/1238/3869
f 2543/1239/3776 2544/1240/3778 2586/1232/3870 2585/1231/3868
s 105
f 3017/1721/3780 3016/1720/3779 3022/1726/3871 3023/1727/3872
f 3016/1720/3779 3018/1725/3781 3024/1731/3873 3022/1726/3871
f 3018/1725/3781 3019/1730/3782 3025/1736/3874 3024/1731/3873
f 3019/1730/3782 3020/1735/3783 3026/1741/3875 3025/1736/3874
f 3020/1735/3783 3021/1740/3784 3027/1746/3876 3026/1741/3875
s 49
f 2545/1200/3786 2546/1201/3785 2588/1196/3877 2587/1195/3878
s 66
f 2589/6429/3879 2588/6428/3880 2546/6430/3788 2547/6431/3787
s 63
f 2590/1489/3881 2589/1492/3882 2547/1496/3790 2548/1493/3789
s 64
f 2548/1493/3792 2549/1494/3791 2591/1490/3883 2590/1489/3884
s 62
f 2592/1491/3885 2591/1490/3886 2549/1494/3794 2550/1495/3793
s 65
f 2551/5971/3795 2593/5963/3887 2592/5974/3888 2550/5983/3796
s 42
f 2551/5971/3798 2552/5972/3797 2594/5964/3889 2593/5963/3890
f 2595/5973/3891 2594/5964/3889 2552/5972/3797 2553/5982/3799
f 2596/5984/3892 2595/5973/3891 2553/5982/3799 2554/5994/3800
f 2597/5995/3893 2596/5984/3892 2554/5994/3800 2555/6006/3801
f 2598/6007/3894 2597/5995/3893 2555/6006/3801 2556/6019/3802
f 2599/6020/3895 2598/6007/3894 2556/6019/3802 2557/6033/3803
f 2600/6034/3896 2599/6020/3895 2557/6033/3803 2558/6048/3804
f 2601/6049/3897 2600/6034/3896 2558/6048/3804 2559/6064/3805
f 2602/6065/3898 2601/6049/3897 2559/6064/3805 2560/6081/3806
f 2603/6082/3899 2602/6065/3898 2560/6081/3806 2561/6099/3807
f 2604/6100/3900 2603/6082/3899 2561/6099/3807 2562/6118/3808
f 2605/6119/3901 2604/6100/3900 2562/6118/3808 2563/6135/3809
f 2606/6136/3902 2605/6119/3901 2563/6135/3809 2564/6150/3810
s 61
f 2607/6151/3903 2606/6136/3904 2564/6150/3812 2565/6163/3811
s 58
f 2565/1426/3814 2566/1419/3813 2608/1415/3905 2607/1422/3906
s 59
f 2566/1419/3816 2567/1420/3815 2609/1416/3907 2608/1415/3908
s 57
f 2567/1420/3818 2568/1425/3817 2610/1421/3909 2609/1416/3910
s 60
f 2569/6394/3819 2611/6392/3911 2610/6393/3912 2568/6395/3820
s 51
f 2612/982/3913 2611/981/3914 2569/986/3822 2570/987/3821
s 106
f 3089/1788/3915 3088/1789/3916 3082/1783/3824 3083/1782/3823
f 3090/1796/3917 3089/1788/3915 3083/1782/3823 3084/1790/3825
f 3091/1803/3918 3090/1796/3917 3084/1790/3825 3085/1797/3826
f 3092/1810/3919 3091/1803/3918 3085/1797/3826 3086/1804/3827
f 3093/1815/3920 3092/1810/3919 3086/1804/3827 3087/1811/3828
s 51
f 2614/1019/3921 2613/1018/3922 2571/1026/3830 2572/1027/3829
f 2615/1028/3923 2614/1019/3921 2572/1027/3829 2573/1036/3831
s 107
f 3162/1856/3924 3161/1857/3925 3154/1849/3833 3155/1848/3832
f 3163/1865/3926 3162/1856/3924 3155/1848/3832 3156/1858/3834
f 3164/1873/3927 3163/1865/3926 3156/1858/3834 3157/1866/3835
f 3165/1881/3928 3164/1873/3927 3157/1866/3835 3158/1874/3836
f 3166/1887/3929 3165/1881/3928 3158/1874/3836 3159/1882/3837
f 3167/1892/3930 3166/1887/3929 3159/1882/3837 3160/1888/3838
s 51
f 2617/1099/3931 2616/1098/3932 2574/1106/3840 2575/1107/3839
f 2618/1108/3933 2617/1099/3931 2575/1107/3839 2576/1118/3841
s 43
f 2576/6311/3842 2535/6309/3752 2577/6303/3844 2618/6307/3934
f 2578/6302/3843 2620/6296/3935 2619/6297/3936 2577/6303/3844
s 101
f 3289/6542/3845 3299/6552/3937 3300/6553/3938 3290/6543/3846
f 3291/6551/3847 3301/6561/3939 3299/6552/3937 3289/6542/3845
f 3292/6560/3848 3302/6570/3940 3301/6561/3939 3291/6551/3847
f 3293/6569/3849 3303/6579/3941 3302/6570/3940 3292/6560/3848
f 3294/6578/3850 3304/6586/3942 3303/6579/3941 3293/6569/3849
f 3295/6585/3851 3305/6592/3943 3304/6586/3942 3294/6578/3850
f 3296/6591/3852 3306/6597/3944 3305/6592/3943 3295/6585/3851
f 3297/6596/3853 3307/6601/3945 3306/6597/3944 3296/6591/3852
f 3298/6600/3854 3308/6604/3946 3307/6601/3945 3297/6596/3853
s 43
f 2580/6246/3855 2622/6241/3947 2621/6245/3948 2579/6250/3856
f 2623/6242/3949 2622/6241/3947 2580/6246/3855 2581/6247/3857
s 49
f 2581/1312/3859 2582/1306/3858 2624/1297/3950 2623/1305/3951
f 2582/1306/3858 2583/1307/3860 2625/1298/3952 2624/1297/3950
s 104
f 2953/1653/3862 2952/1652/3861 2959/1659/3953 2960/1660/3954
f 2952/1652/3861 2954/1658/3863 2961/1665/3955 2959/1659/3953
f 2954/1658/3863 2955/1664/3864 2962/1671/3956 2961/1665/3955
f 2955/1664/3864 2956/1670/3865 2963/1677/3957 2962/1671/3956
f 2956/1670/3865 2957/1676/3866 2964/1681/3958 2963/1677/3957
f 2957/1676/3866 2958/1680/3867 2965/1684/3959 2964/1681/3958
s 49
f 2584/1238/3869 2585/1231/3868 2627/1223/3960 2626/1230/3961
f 2585/1231/3868 2586/1232/3870 2628/1224/3962 2627/1223/3960
s 105
f 3023/1727/3872 3022/1726/3871 3028/1732/3963 3029/1733/3964
f 3022/1726/3871 3024/1731/3873 3030/1737/3965 3028/1732/3963
f 3024/1731/3873 3025/1736/3874 3031/1742/3966 3030/1737/3965
f 3025/1736/3874 3026/1741/3875 3032/1747/3967 3031/1742/3966
f 3026/1741/3875 3027/1746/3876 3033/1750/3968 3032/1747/3967
s 49
f 2587/1195/3878 2588/1196/3877 2630/1191/3969 2629/1190/3970
s 66
f 2631/6427/3971 2630/6426/3972 2588/6428/3880 2589/6429/3879
s 63
f 2632/1485/3973 2631/1488/3974 2589/1492/3882 2590/1489/3881
s 64
f 2590/1489/3884 2591/1490/3883 2633/1486/3975 2632/1485/3976
s 62
f 2634/1487/3977 2633/1486/3978 2591/1490/3886 2592/1491/3885
s 65
f 2593/5963/3887 2635/5955/3979 2634/5966/3980 2592/5974/3888
s 42
f 2593/5963/3890 2594/5964/3889 2636/5956/3981 2635/5955/3982
f 2637/5965/3983 2636/5956/3981 2594/5964/3889 2595/5973/3891
f 2638/5975/3984 2637/5965/3983 2595/5973/3891 2596/5984/3892
f 2639/5985/3985 2638/5975/3984 2596/5984/3892 2597/5995/3893
f 2640/5996/3986 2639/5985/3985 2597/5995/3893 2598/6007/3894
f 2641/6008/3987 2640/5996/3986 2598/6007/3894 2599/6020/3895
f 2642/6021/3988 2641/6008/3987 2599/6020/3895 2600/6034/3896
f 2643/6035/3989 2642/6021/3988 2600/6034/3896 2601/6049/3897
f 2644/6050/3990 2643/6035/3989 2601/6049/3897 2602/6065/3898
f 2645/6066/3991 2644/6050/3990 2602/6065/3898 2603/6082/3899
f 2646/6083/3992 2645/6066/3991 2603/6082/3899 2604/6100/3900
f 2647/6101/3993 2646/6083/3992 2604/6100/3900 2605/6119/3901
f 2648/6120/3994 2647/6101/3993 2605/6119/3901 2606/6136/3902
s 61
f 2649/6137/3995 2648/6120/3996 2606/6136/3904 2607/6151/3903
s 58
f 2607/1422/3906 2608/1415/3905 2650/1409/3997 2649/1418/3998
s 59
f 2608/1415/3908 2609/1416/3907 2651/1410/3999 2650/1409/4000
s 57
f 2609/1416/3910 2610/1421/3909 2652/1417/4001 2651/1410/4002
s 60
f 2611/6392/3911 2653/6390/4003 2652/6391/4004 2610/6393/3912
s 51
f 2654/977/4005 2653/976/4006 2611/981/3914 2612/982/3913
s 106
f 3095/1794/4007 3094/1795/4008 3088/1789/3916 3089/1788/3915
f 3096/1802/4009 3095/1794/4007 3089/1788/3915 3090/1796/3917
f 3097/1809/4010 3096/1802/4009 3090/1796/3917 3091/1803/3918
f 3098/1814/4011 3097/1809/4010 3091/1803/3918 3092/1810/3919
f 3099/1818/4012 3098/1814/4011 3092/1810/3919 3093/1815/3920
s 51
f 2656/1011/4013 2655/1010/4014 2613/1018/3922 2614/1019/3921
f 2657/1020/4015 2656/1011/4013 2614/1019/3921 2615/1028/3923
s 107
f 3169/1863/4016 3168/1864/4017 3161/1857/3925 3162/1856/3924
f 3170/1872/4018 3169/1863/4016 3162/1856/3924 3163/1865/3926
f 3171/1880/4019 3170/1872/4018 3163/1865/3926 3164/1873/3927
f 3172/1886/4020 3171/1880/4019 3164/1873/3927 3165/1881/3928
f 3173/1891/4021 3172/1886/4020 3165/1881/3928 3166/1887/3929
f 3174/1895/4022 3173/1891/4021 3166/1887/3929 3167/1892/3930
s 51
f 2659/1092/4023 2658/1091/4024 2616/1098/3932 2617/1099/3931
f 2660/1100/4025 2659/1092/4023 2617/1099/3931 2618/1108/3933
s 43
f 2618/6307/3934 2577/6303/3844 2619/6297/3936 2660/6301/4026
f 2620/6296/3935 2662/6290/4027 2661/6291/4028 2619/6297/3936
s 101
f 3299/6552/3937 3309/6562/4029 3310/6563/4030 3300/6553/3938
f 3301/6561/3939 3311/6571/4031 3309/6562/4029 3299/6552/3937
f 3302/6570/3940 3312/6580/4032 3311/6571/4031 3301/6561/3939
f 3303/6579/3941 3313/6587/4033 3312/6580/4032 3302/6570/3940
f 3304/6586/3942 3314/6593/4034 3313/6587/4033 3303/6579/3941
f 3305/6592/3943 3315/6598/4035 3314/6593/4034 3304/6586/3942
f 3306/6597/3944 3316/6602/4036 3315/6598/4035 3305/6592/3943
f 3307/6601/3945 3317/6605/4037 3316/6602/4036 3306/6597/3944
f 3308/6604/3946 3318/6607/4038 3317/6605/4037 3307/6601/3945
s 43
f 2622/6241/3947 2664/6236/4039 2663/6240/4040 2621/6245/3948
f 2665/6237/4041 2664/6236/4039 2622/6241/3947 2623/6242/3949
s 49
f 2623/1305/3951 2624/1297/3950 2666/1284/4042 2665/1296/4043
f 2624/1297/3950 2625/1298/3952 2667/1285/4044 2666/1284/4042
s 104
f 2960/1660/3954 2959/1659/3953 2966/1666/4045 2967/1667/4046
f 2959/1659/3953 2961/1665/3955 2968/1672/4047 2966/1666/4045
f 2961/1665/3955 2962/1671/3956 2969/1678/4048 2968/1672/4047
f 2962/1671/3956 2963/1677/3957 2970/1682/4049 2969/1678/4048
f 2963/1677/3957 2964/1681/3958 2971/1685/4050 2970/1682/4049
f 2964/1681/3958 2965/1684/3959 2972/1687/4051 2971/1685/4050
s 49
f 2626/1230/3961 2627/1223/3960 2669/1215/4052 2668/1222/4053
f 2627/1223/3960 2628/1224/3962 2670/1216/4054 2669/1215/4052
s 105
f 3029/1733/3964 3028/1732/3963 3034/1738/4055 3035/1739/4056
f 3028/1732/3963 3030/1737/3965 3036/1743/4057 3034/1738/4055
f 3030/1737/3965 3031/1742/3966 3037/1748/4058 3036/1743/4057
f 3031/1742/3966 3032/1747/3967 3038/1751/4059 3037/1748/4058
f 3032/1747/3967 3033/1750/3968 3039/1753/4060 3038/1751/4059
s 49
f 2629/1190/3970 2630/1191/3969 2672/1186/4061 2671/1185/4062
s 66
f 2673/6425/4063 2672/6424/4064 2630/6426/3972 2631/6427/3971
s 63
f 2674/1481/4065 2673/1484/4066 2631/1488/3974 2632/1485/3973
s 64
f 2632/1485/3976 2633/1486/3975 2675/1482/4067 2674/1481/4068
s 62
f 2676/1483/4069 2675/1482/4070 2633/1486/3978 2634/1487/3977
s 65
f 2635/5955/3979 2677/5948/4071 2676/5958/4072 2634/5966/3980
s 42
f 2635/5955/3982 2636/5956/3981 2678/5949/4073 2677/5948/4074
f 2679/5957/4075 2678/5949/4073 2636/5956/3981 2637/5965/3983
f 2680/5967/4076 2679/5957/4075 2637/5965/3983 2638/5975/3984
f 2681/5976/4077 2680/5967/4076 2638/5975/3984 2639/5985/3985
f 2682/5986/4078 2681/5976/4077 2639/5985/3985 2640/5996/3986
f 2683/5997/4079 2682/5986/4078 2640/5996/3986 2641/6008/3987
f 2684/6009/4080 2683/5997/4079 2641/6008/3987 2642/6021/3988
f 2685/6022/4081 2684/6009/4080 2642/6021/3988 2643/6035/3989
f 2686/6036/4082 2685/6022/4081 2643/6035/3989 2644/6050/3990
f 2687/6051/4083 2686/6036/4082 2644/6050/3990 2645/6066/3991
f 2688/6067/4084 2687/6051/4083 2645/6066/3991 2646/6083/3992
f 2689/6084/4085 2688/6067/4084 2646/6083/3992 2647/6101/3993
f 2690/6102/4086 2689/6084/4085 2647/6101/3993 2648/6120/3994
s 61
f 2691/6121/4087 2690/6102/4088 2648/6120/3996 2649/6137/3995
s 58
f 2649/1418/3998 2650/1409/3997 2692/1401/4089 2691/1412/4090
s 59
f 2650/1409/4000 2651/1410/3999 2693/1402/4091 2692/1401/4092
s 57
f 2651/1410/4002 2652/1417/4001 2694/1411/4093 2693/1402/4094
s 60
f 2653/6390/4003 2695/6388/4095 2694/6389/4096 2652/6391/4004
s 51
f 2696/972/4097 2695/971/4098 2653/976/4006 2654/977/4005
s 106
f 3101/1800/4099 3100/1801/4100 3094/1795/4008 3095/1794/4007
f 3102/1808/4101 3101/1800/4099 3095/1794/4007 3096/1802/4009
f 3103/1813/4102 3102/1808/4101 3096/1802/4009 3097/1809/4010
f 3104/1817/4103 3103/1813/4102 3097/1809/4010 3098/1814/4011
f 3105/1820/4104 3104/1817/4103 3098/1814/4011 3099/1818/4012
s 51
f 2698/1004/4105 2697/1003/4106 2655/1010/4014 2656/1011/4013
f 2699/1012/4107 2698/1004/4105 2656/1011/4013 2657/1020/4015
s 107
f 3176/1870/4108 3175/1871/4109 3168/1864/4017 3169/1863/4016
f 3177/1879/4110 3176/1870/4108 3169/1863/4016 3170/1872/4018
f 3178/1885/4111 3177/1879/4110 3170/1872/4018 3171/1880/4019
f 3179/1890/4112 3178/1885/4111 3171/1880/4019 3172/1886/4020
f 3180/1894/4113 3179/1890/4112 3172/1886/4020 3173/1891/4021
f 3181/1897/4114 3180/1894/4113 3173/1891/4021 3174/1895/4022
s 51
f 2701/1083/4115 2700/1082/4116 2658/1091/4024 2659/1092/4023
f 2702/1093/4117 2701/1083/4115 2659/1092/4023 2660/1100/4025
s 43
f 2660/6301/4026 2619/6297/3936 2661/6291/4028 2702/6295/4118
f 2662/6290/4027 2704/6279/1813 2703/6284/1816 2661/6291/4028
s 101
f 3309/6562/4029 3319/6572/4119 3320/6573/4120 3310/6563/4030
f 3311/6571/4031 3321/6581/4121 3319/6572/4119 3309/6562/4029
f 3312/6580/4032 3322/6588/4122 3321/6581/4121 3311/6571/4031
f 3313/6587/4033 3323/6594/4123 3322/6588/4122 3312/6580/4032
f 3314/6593/4034 3324/6599/4124 3323/6594/4123 3313/6587/4033
f 3315/6598/4035 3325/6603/4125 3324/6599/4124 3314/6593/4034
f 3316/6602/4036 3326/6606/4126 3325/6603/4125 3315/6598/4035
f 3317/6605/4037 3327/6608/4127 3326/6606/4126 3316/6602/4036
f 3318/6607/4038 3328/6609/4128 3327/6608/4127 3317/6605/4037
s 43
f 2664/6236/4039 2714/6232/1807 2713/6235/1873 2663/6240/4040
f 2715/6233/1808 2714/6232/1807 2664/6236/4039 2665/6237/4041
s 49
f 2665/1296/4043 2666/1284/4042 2716/1274/2212 2715/1283/2211
f 2666/1284/4042 2667/1285/4044 2717/1263/2265 2716/1274/2212
s 104
f 2967/1667/4046 2966/1666/4045 2973/1673/4129 2974/1674/4130
f 2966/1666/4045 2968/1672/4047 2975/1679/4131 2973/1673/4129
f 2968/1672/4047 2969/1678/4048 2976/1683/4132 2975/1679/4131
f 2969/1678/4048 2970/1682/4049 2977/1686/4133 2976/1683/4132
f 2970/1682/4049 2971/1685/4050 2978/1688/4134 2977/1686/4133
f 2971/1685/4050 2972/1687/4051 2979/1689/4135 2978/1688/4134
s 49
f 2668/1222/4053 2669/1215/4052 2724/1209/2517 2723/1214/2485
f 2669/1215/4052 2670/1216/4054 2725/1204/2549 2724/1209/2517
s 105
f 3035/1739/4056 3034/1738/4055 3040/1744/4136 3041/1745/4137
f 3034/1738/4055 3036/1743/4057 3042/1749/4138 3040/1744/4136
f 3036/1743/4057 3037/1748/4058 3043/1752/4139 3042/1749/4138
f 3037/1748/4058 3038/1751/4059 3044/1754/4140 3043/1752/4139
f 3038/1751/4059 3039/1753/4060 3045/1755/4141 3044/1754/4140
s 49
f 2671/1185/4062 2672/1186/4061 2731/1181/1914 2730/1180/1913
s 66
f 2732/6423/2182 2731/6422/2181 2672/6424/4064 2673/6425/4063
s 63
f 2733/1477/2154 2732/1480/2153 2673/1484/4066 2674/1481/4065
s 64
f 2674/1481/4068 2675/1482/4067 2734/1478/2164 2733/1477/2163
s 62
f 2735/1479/2142 2734/1478/2141 2675/1482/4070 2676/1483/4069
s 65
f 2677/5948/4071 2736/5944/2179 2735/5954/2180 2676/5958/4072
s 42
f 2677/5948/4074 2678/5949/4073 2737/5945/1802 2736/5944/1801
f 2738/5950/1878 2737/5945/1802 2678/5949/4073 2679/5957/4075
f 2739/5959/1872 2738/5950/1878 2679/5957/4075 2680/5967/4076
f 2740/5968/1866 2739/5959/1872 2680/5967/4076 2681/5976/4077
f 2741/5977/1860 2740/5968/1866 2681/5976/4077 2682/5986/4078
f 2742/5987/1854 2741/5977/1860 2682/5986/4078 2683/5997/4079
f 2743/5998/1848 2742/5987/1854 2683/5997/4079 2684/6009/4080
f 2744/6010/1842 2743/5998/1848 2684/6009/4080 2685/6022/4081
f 2745/6023/1836 2744/6010/1842 2685/6022/4081 2686/6036/4082
f 2746/6037/1830 2745/6023/1836 2686/6036/4082 2687/6051/4083
f 2747/6052/1822 2746/6037/1830 2687/6051/4083 2688/6067/4084
f 2748/6068/1823 2747/6052/1822 2688/6067/4084 2689/6084/4085
f 2749/6085/1883 2748/6068/1823 2689/6084/4085 2690/6102/4086
s 61
f 2750/6103/2129 2749/6085/2128 2690/6102/4088 2691/6121/4087
s 58
f 2691/1412/4090 2692/1401/4089 2751/1397/2104 2750/1407/2103
s 59
f 2692/1401/4092 2693/1402/4091 2752/1398/2116 2751/1397/2115
s 57
f 2693/1402/4094 2694/1411/4093 2753/1403/2096 2752/1398/2095
s 60
f 2695/6388/4095 2754/6382/2123 2753/6385/2126 2694/6389/4096
s 51
f 2755/968/1947 2754/967/1946 2695/971/4098 2696/972/4097
s 106
f 3107/1806/4142 3106/1807/4143 3100/1801/4100 3101/1800/4099
f 3108/1812/4144 3107/1806/4142 3101/1800/4099 3102/1808/4101
f 3109/1816/4145 3108/1812/4144 3102/1808/4101 3103/1813/4102
f 3110/1819/4146 3109/1816/4145 3103/1813/4102 3104/1817/4103
f 3111/1821/4147 3110/1819/4146 3104/1817/4103 3105/1820/4104
s 51
f 2761/998/2534 2760/993/2566 2697/1003/4106 2698/1004/4105
f 2762/1005/2502 2761/998/2534 2698/1004/4105 2699/1012/4107
s 107
f 3183/1877/4148 3182/1878/4149 3175/1871/4109 3176/1870/4108
f 3184/1884/4150 3183/1877/4148 3176/1870/4108 3177/1879/4110
f 3185/1889/4151 3184/1884/4150 3177/1879/4110 3178/1885/4111
f 3186/1893/4152 3185/1889/4151 3178/1885/4111 3179/1890/4112
f 3187/1896/4153 3186/1893/4152 3179/1890/4112 3180/1894/4113
f 3188/1898/4154 3187/1896/4153 3180/1894/4113 3181/1897/4114
s 51
f 2769/1069/2248 2768/1058/2284 2700/1082/4116 2701/1083/4115
f 2770/1084/2249 2769/1069/2248 2701/1083/4115 2702/1093/4117
s 43
f 2702/6295/4118 2661/6291/4028 2703/6284/1816 2770/6288/1879
s off
f 1498/3582/4155 1494/3572/4156 2780/3590/4157 2778/3591/4158
f 1494/3898/4159 1490/3899/4160 2782/3895/4161 2780/3894/4162
f 1490/3964/4163 1625/3965/4164 2781/3966/4165 2782/3967/4166
f 1644/3982/4167 1643/3983/4168 2784/3984/4169 2783/3985/4170
f 1645/3988/4171 1644/3982/4172 2783/3985/4173 2785/3989/4174
f 1646/3992/4175 1645/3988/4176 2785/3989/4177 2786/3993/4178
f 1648/3968/4179 1647/3970/4180 2787/3971/4181 2788/3969/4182
f 1625/3965/4183 1648/3968/4184 2788/3969/4185 2781/3966/4186
f 1674/3486/4187 1646/3502/4188 2786/3516/4189 2789/3503/4190
f 1647/3970/4191 1675/3972/4192 2790/3973/4193 2787/3971/4194
f 1702/3471/4195 1674/3486/4196 2789/3503/4197 2791/3487/4198
f 1675/3972/4199 1703/3974/4200 2792/3975/4201 2790/3973/4202
f 1730/3454/4203 1702/3471/4204 2791/3487/4205 2793/3488/4206
f 1703/3974/4207 1731/3976/4208 2794/3977/4209 2792/3975/4210
f 1759/3978/4211 1758/3980/4212 2795/3981/4213 2796/3979/4214
f 1758/3916/4215 1730/3917/4216 2793/3911/4217 2795/3915/4218
f 1731/3976/4219 1759/3978/4220 2796/3979/4221 2794/3977/4222
f 2031/3996/4223 2030/3997/4224 2798/3998/4225 2797/3999/4226
f 2030/1899/4227 1498/1900/4228 2778/1901/4229 2798/1902/4230
f 2032/4000/4231 2031/3996/4232 2797/3999/4233 2799/4001/4234
f 2033/4002/4235 2032/4000/4236 2799/4001/4237 2800/4003/4238
f 1643/3983/4239 1671/3986/4240 2803/3987/4241 2784/3984/4242
f 1671/3986/4243 1699/3990/4244 2805/3991/4245 2803/3987/4246
f 1699/3990/4247 1727/3994/4248 2807/3995/4249 2805/3991/4250
f 1727/6610/4251 2034/6611/4252 2808/6612/4253 2807/6613/4254
f 2090/4004/4255 2089/4005/4256 2810/4006/4257 2809/4007/4258
f 2089/1552/4259 2033/1553/4260 2800/1544/4261 2810/1548/4262
f 2091/4008/4263 2090/4004/4264 2809/4007/4265 2811/4009/4266
f 2092/4010/4267 2091/4008/4268 2811/4009/4269 2812/4011/4270
f 2093/4012/4271 2092/4010/4272 2812/4011/4273 2813/4013/4274
f 2094/4014/4275 2093/4012/4276 2813/4013/4277 2814/4015/4278
f 2034/4018/4279 2035/4019/4280 2815/4020/4281 2808/4021/4282
f 2035/6614/4283 2095/6615/4284 2816/6616/4285 2815/6617/4286
f 2095/4016/4287 2094/4014/4288 2814/4015/4289 2816/4017/4290
f 1628/4022/4291 1478/4023/4292 2819/4024/4293 2817/4025/4294
f 1478/3924/4295 1474/3925/4296 2820/3921/4297 2819/3920/4298
f 1474/3593/4299 1470/3600/4300 2822/3604/4301 2820/3605/4302
f 1652/4028/4303 1651/4026/4304 2829/4027/4305 2830/4029/4306
f 1651/4026/4307 1628/4022/4308 2817/4025/4309 2829/4027/4310
f 1654/4040/4311 1653/4041/4312 2831/4042/4313 2832/4043/4314
f 1655/4044/4315 1654/4040/4316 2832/4043/4317 2833/4045/4318
f 1656/4046/4319 1655/4044/4320 2833/4045/4321 2834/4047/4322
f 1680/4030/4323 1652/4028/4324 2830/4029/4325 2835/4031/4326
f 1653/3586/4327 1681/3578/4328 2836/3585/4329 2831/3594/4330
f 1708/4032/4331 1680/4030/4332 2835/4031/4333 2837/4033/4334
f 1681/3578/4335 1709/3568/4336 2838/3577/4337 2836/3585/4338
f 1736/4034/4339 1708/4032/4340 2837/4033/4341 2839/4035/4342
f 1709/3568/4343 1737/3559/4344 2840/3576/4345 2838/3577/4346
f 1765/4038/4347 1764/4036/4348 2841/4037/4349 2842/4039/4350
f 1764/4036/4351 1736/4034/4352 2839/4035/4353 2841/4037/4354
f 1737/3942/4355 1765/3943/4356 2842/3940/4357 2840/3936/4358
f 2022/4054/4359 2021/4055/4360 2844/4056/4361 2843/4057/4362
f 1470/1903/4363 2023/1904/4364 2845/1905/4365 2822/1906/4366
f 2023/4060/4367 2022/4054/4368 2843/4057/4369 2845/4061/4370
f 2075/6618/4371 1740/6619/4372 2848/6620/4373 2846/6621/4374
f 1740/4052/4375 1712/4050/4376 2849/4051/4377 2848/4053/4378
f 1712/4050/4379 1684/4048/4380 2851/4049/4381 2849/4051/4382
f 1684/4048/4383 1656/4046/4384 2834/4047/4385 2851/4049/4386
f 2021/4055/4387 2076/4058/4388 2854/4059/4389 2844/4056/4390
f 2139/4062/4391 2138/4063/4392 2855/4064/4393 2856/4065/4394
f 2138/6622/4395 2074/6623/4396 2857/6624/4397 2855/6625/4398
f 2074/4076/4399 2075/4077/4400 2846/4078/4401 2857/4079/4402
f 2140/4066/4403 2139/4062/4404 2856/4065/4405 2858/4067/4406
f 2141/4068/4407 2140/4066/4408 2858/4067/4409 2859/4069/4410
f 2142/4070/4411 2141/4068/4412 2859/4069/4413 2860/4071/4414
f 2143/4072/4415 2142/4070/4416 2860/4071/4417 2861/4073/4418
f 2144/4074/4419 2143/4072/4420 2861/4073/4421 2862/4075/4422
f 2076/1611/4423 2144/1612/4424 2862/1610/4425 2854/1608/4426
f 1956/4080/4427 1955/4081/4428 2863/4082/4429 2864/4083/4430
f 1955/3948/4431 1927/3949/4432 2865/3946/4433 2863/3945/4434
f 1927/3379/4435 1928/3400/4436 2866/3413/4437 2865/3414/4438
f 1957/4084/4439 1956/4080/4440 2864/4083/4441 2867/4085/4442
f 1928/3952/4443 1929/3953/4444 2868/3951/4445 2866/3947/4446
f 1929/4086/4447 1957/4084/4448 2867/4085/4449 2868/4087/4450
f 1959/4088/4451 1958/4089/4452 2869/4090/4453 2870/4091/4454
f 1958/4089/4455 1930/4092/4456 2871/4093/4457 2869/4090/4458
f 1930/3958/4459 1931/3959/4460 2872/3957/4461 2871/3956/4462
f 1960/4094/4463 1959/4088/4464 2870/4091/4465 2873/4095/4466
f 1931/3444/4467 1932/3460/4468 2874/3477/4469 2872/3478/4470
f 1932/3962/4471 1960/3963/4472 2873/3960/4473 2874/3961/4474
f 1923/4096/4475 1951/4097/4476 2876/4098/4477 2875/4099/4478
f 2041/6626/4479 1923/6627/4480 2875/6628/4481 2878/6629/4482
f 1951/4097/4483 1979/4100/4484 2879/4101/4485 2876/4098/4486
f 1979/4100/4487 2007/4102/4488 2881/4103/4489 2879/4101/4490
f 2007/6632/4491 2042/6633/4492 2882/6634/4493 2881/6635/4494
f 2102/4104/4495 2101/4105/4496 2884/4106/4497 2883/4107/4498
f 2101/6630/4499 2041/6626/4500 2878/6629/4501 2884/6631/4502
f 2103/4108/4503 2102/4104/4504 2883/4107/4505 2885/4109/4506
f 2042/6633/4507 2104/6636/4508 2886/6637/4509 2882/6634/4510
f 2104/6636/4511 2164/6638/4512 2887/6639/4513 2886/6637/4514
f 2164/4110/4515 2163/4111/4516 2888/4112/4517 2887/4113/4518
f 2163/6640/4519 2103/6641/4520 2885/6642/4521 2888/6643/4522
f 2067/6644/4523 2020/6645/4524 2891/6646/4525 2889/6647/4526
f 2020/4114/4527 1992/4115/4528 2892/4116/4529 2891/4117/4530
f 1992/4115/4531 1964/4118/4532 2894/4119/4533 2892/4116/4534
f 1964/4118/4535 1936/4120/4536 2896/4121/4537 2894/4119/4538
f 1936/6652/4539 2068/6653/4540 2895/6654/4541 2896/6655/4542
f 2129/6648/4543 2067/6644/4544 2889/6647/4545 2897/6649/4546
f 2131/4122/4547 2130/4123/4548 2898/4124/4549 2899/4125/4550
f 2132/4126/4551 2131/4122/4552 2899/4125/4553 2900/4127/4554
f 2068/6653/4555 2132/6656/4556 2900/6657/4557 2895/6654/4558
f 2190/4128/4559 2189/4129/4560 2901/4130/4561 2902/4131/4562
f 2189/6650/4563 2129/6648/4564 2897/6649/4565 2901/6651/4566
f 2130/6658/4567 2190/6659/4568 2902/6660/4569 2898/6661/4570
f 2271/4132/4571 2272/4133/4572 2904/4134/4573 2903/4135/4574
f 2331/6662/4575 2271/6663/4576 2903/6664/4577 2906/6665/4578
f 2272/4133/4579 2273/4136/4580 2907/4137/4581 2904/4134/4582
f 2273/4136/4583 2274/4138/4584 2909/4139/4585 2907/4137/4586
f 2274/4138/4587 2275/4140/4588 2911/4141/4589 2909/4139/4590
f 2275/4140/4591 2276/4142/4592 2913/4143/4593 2911/4141/4594
f 2276/4142/4595 2277/4144/4596 2915/4145/4597 2913/4143/4598
f 2277/6684/4599 2332/6685/4600 2916/6686/4601 2915/6687/4602
f 2373/6666/4603 2331/6662/4604 2906/6665/4605 2918/6667/4606
f 2332/6685/4607 2374/6688/4608 2923/6689/4609 2916/6686/4610
f 2415/6668/4611 2373/6666/4612 2918/6667/4613 2925/6669/4614
f 2374/6688/4615 2416/6690/4616 2930/6691/4617 2923/6689/4618
f 2457/6670/4619 2415/6668/4620 2925/6669/4621 2932/6671/4622
f 2416/6690/4623 2458/6692/4624 2937/6693/4625 2930/6691/4626
f 2499/6672/4627 2457/6670/4628 2932/6671/4629 2939/6673/4630
f 2458/6692/4631 2500/6694/4632 2944/6695/4633 2937/6693/4634
f 2541/6674/4635 2499/6672/4636 2939/6673/4637 2946/6675/4638
f 2500/6694/4639 2542/6696/4640 2951/6697/4641 2944/6695/4642
f 2583/6676/4643 2541/6674/4644 2946/6675/4645 2953/6677/4646
f 2542/6696/4647 2584/6698/4648 2958/6699/4649 2951/6697/4650
f 2625/6678/4651 2583/6676/4652 2953/6677/4653 2960/6679/4654
f 2584/6698/4655 2626/6700/4656 2965/6701/4657 2958/6699/4658
f 2667/6680/4659 2625/6678/4660 2960/6679/4661 2967/6681/4662
f 2626/6700/4663 2668/6702/4664 2972/6703/4665 2965/6701/4666
f 2718/4146/4667 2717/4147/4668 2974/4148/4669 2973/4149/4670
f 2717/6682/4671 2667/6680/4672 2967/6681/4673 2974/6683/4674
f 2719/4150/4675 2718/4146/4676 2973/4149/4677 2975/4151/4678
f 2720/4152/4679 2719/4150/4680 2975/4151/4681 2976/4153/4682
f 2721/4154/4683 2720/4152/4684 2976/4153/4685 2977/4155/4686
f 2722/4156/4687 2721/4154/4688 2977/4155/4689 2978/4157/4690
f 2668/6702/4691 2723/6704/4692 2979/6705/4693 2972/6703/4694
f 2723/4158/4695 2722/4156/4696 2978/4157/4697 2979/4159/4698
f 2279/4160/4699 2280/4161/4700 2981/4162/4701 2980/4163/4702
f 2334/6706/4703 2279/6707/4704 2980/6708/4705 2983/6709/4706
f 2280/4161/4707 2281/4164/4708 2984/4165/4709 2981/4162/4710
f 2281/4164/4711 2282/4166/4712 2986/4167/4713 2984/4165/4714
f 2282/4166/4715 2283/4168/4716 2988/4169/4717 2986/4167/4718
f 2283/4168/4719 2284/4170/4720 2990/4171/4721 2988/4169/4722
f 2284/6728/4723 2335/6729/4724 2991/6730/4725 2990/6731/4726
f 2376/6710/4727 2334/6706/4728 2983/6709/4729 2993/6711/4730
f 2335/6729/4731 2377/6732/4732 2997/6733/4733 2991/6730/4734
f 2418/6712/4735 2376/6710/4736 2993/6711/4737 2999/6713/4738
f 2377/6732/4739 2419/6734/4740 3003/6735/4741 2997/6733/4742
f 2460/6714/4743 2418/6712/4744 2999/6713/4745 3005/6715/4746
f 2419/6734/4747 2461/6736/4748 3009/6737/4749 3003/6735/4750
f 2502/6716/4751 2460/6714/4752 3005/6715/4753 3011/6717/4754
f 2461/6736/4755 2503/6738/4756 3015/6739/4757 3009/6737/4758
f 2544/6718/4759 2502/6716/4760 3011/6717/4761 3017/6719/4762
f 2503/6738/4763 2545/6740/4764 3021/6741/4765 3015/6739/4766
f 2586/6720/4767 2544/6718/4768 3017/6719/4769 3023/6721/4770
f 2545/6740/4771 2587/6742/4772 3027/6743/4773 3021/6741/4774
f 2628/6722/4775 2586/6720/4776 3023/6721/4777 3029/6723/4778
f 2587/6742/4779 2629/6744/4780 3033/6745/4781 3027/6743/4782
f 2670/6724/4783 2628/6722/4784 3029/6723/4785 3035/6725/4786
f 2629/6744/4787 2671/6746/4788 3039/6747/4789 3033/6745/4790
f 2726/4172/4791 2725/4173/4792 3041/4174/4793 3040/4175/4794
f 2725/6726/4795 2670/6724/4796 3035/6725/4797 3041/6727/4798
f 2727/4176/4799 2726/4172/4800 3040/4175/4801 3042/4177/4802
f 2728/4178/4803 2727/4176/4804 3042/4177/4805 3043/4179/4806
f 2729/4180/4807 2728/4178/4808 3043/4179/4809 3044/4181/4810
f 2671/6746/4811 2730/6748/4812 3045/6749/4813 3039/6747/4814
f 2730/4182/4815 2729/4180/4816 3044/4181/4817 3045/4183/4818
f 2360/6750/4819 2309/6751/4820 3048/6752/4821 3046/6753/4822
f 2309/4184/4823 2310/4185/4824 3049/4186/4825 3048/4187/4826
f 2310/4185/4827 2311/4188/4828 3051/4189/4829 3049/4186/4830
f 2311/4188/4831 2312/4190/4832 3053/4191/4833 3051/4189/4834
f 2312/4190/4835 2313/4192/4836 3055/4193/4837 3053/4191/4838
f 2313/4192/4839 2314/4194/4840 3057/4195/4841 3055/4193/4842
f 2314/6772/4843 2361/6773/4844 3056/6774/4845 3057/6775/4846
f 2402/6754/4847 2360/6750/4848 3046/6753/4849 3058/6755/4850
f 2361/6773/4851 2403/6776/4852 3063/6777/4853 3056/6774/4854
f 2444/6756/4855 2402/6754/4856 3058/6755/4857 3064/6757/4858
f 2403/6776/4859 2445/6778/4860 3069/6779/4861 3063/6777/4862
f 2486/6758/4863 2444/6756/4864 3064/6757/4865 3070/6759/4866
f 2445/6778/4867 2487/6780/4868 3075/6781/4869 3069/6779/4870
f 2528/6760/4871 2486/6758/4872 3070/6759/4873 3076/6761/4874
f 2487/6780/4875 2529/6782/4876 3081/6783/4877 3075/6781/4878
f 2570/6762/4879 2528/6760/4880 3076/6761/4881 3082/6763/4882
f 2529/6782/4883 2571/6784/4884 3087/6785/4885 3081/6783/4886
f 2612/6764/4887 2570/6762/4888 3082/6763/4889 3088/6765/4890
f 2571/6784/4891 2613/6786/4892 3093/6787/4893 3087/6785/4894
f 2654/6766/4895 2612/6764/4896 3088/6765/4897 3094/6767/4898
f 2613/6786/4899 2655/6788/4900 3099/6789/4901 3093/6787/4902
f 2696/6768/4903 2654/6766/4904 3094/6767/4905 3100/6769/4906
f 2655/6788/4907 2697/6790/4908 3105/6791/4909 3099/6789/4910
f 2756/4196/4911 2755/4197/4912 3106/4198/4913 3107/4199/4914
f 2755/6770/4915 2696/6768/4916 3100/6769/4917 3106/6771/4918
f 2757/4200/4919 2756/4196/4920 3107/4199/4921 3108/4201/4922
f 2758/4202/4923 2757/4200/4924 3108/4201/4925 3109/4203/4926
f 2759/4204/4927 2758/4202/4928 3109/4203/4929 3110/4205/4930
f 2760/4206/4931 2759/4204/4932 3110/4205/4933 3111/4207/4934
f 2697/6790/4935 2760/6792/4936 3111/6793/4937 3105/6791/4938
f 2363/6794/4939 2316/6795/4940 3114/6796/4941 3112/6797/4942
f 2316/4208/4943 2317/4209/4944 3115/4210/4945 3114/4211/4946
f 2317/4209/4947 2318/4212/4948 3117/4213/4949 3115/4210/4950
f 2318/4212/4951 2319/4214/4952 3119/4215/4953 3117/4213/4954
f 2319/4214/4955 2320/4216/4956 3121/4217/4957 3119/4215/4958
f 2320/4216/4959 2321/4218/4960 3123/4219/4961 3121/4217/4962
f 2321/4218/4963 2322/4220/4964 3125/4221/4965 3123/4219/4966
f 2322/6816/4967 2364/6817/4968 3124/6818/4969 3125/6819/4970
f 2405/6798/4971 2363/6794/4972 3112/6797/4973 3126/6799/4974
f 2364/6817/4975 2406/6820/4976 3132/6821/4977 3124/6818/4978
f 2447/6800/4979 2405/6798/4980 3126/6799/4981 3133/6801/4982
f 2406/6820/4983 2448/6822/4984 3139/6823/4985 3132/6821/4986
f 2489/6802/4987 2447/6800/4988 3133/6801/4989 3140/6803/4990
f 2448/6822/4991 2490/6824/4992 3146/6825/4993 3139/6823/4994
f 2531/6804/4995 2489/6802/4996 3140/6803/4997 3147/6805/4998
f 2490/6824/4999 2532/6826/5000 3153/6827/5001 3146/6825/5002
f 2573/6806/5003 2531/6804/5004 3147/6805/5005 3154/6807/5006
f 2532/6826/5007 2574/6828/5008 3160/6829/5009 3153/6827/5010
f 2615/6808/5011 2573/6806/5012 3154/6807/5013 3161/6809/5014
f 2574/6828/5015 2616/6830/5016 3167/6831/5017 3160/6829/5018
f 2657/6810/5019 2615/6808/5020 3161/6809/5021 3168/6811/5022
f 2616/6830/5023 2658/6832/5024 3174/6833/5025 3167/6831/5026
f 2699/6812/5027 2657/6810/5028 3168/6811/5029 3175/6813/5030
f 2658/6832/5031 2700/6834/5032 3181/6835/5033 3174/6833/5034
f 2763/4222/5035 2762/4223/5036 3182/4224/5037 3183/4225/5038
f 2762/6814/5039 2699/6812/5040 3175/6813/5041 3182/6815/5042
f 2764/4226/5043 2763/4222/5044 3183/4225/5045 3184/4227/5046
f 2765/4228/5047 2764/4226/5048 3184/4227/5049 3185/4229/5050
f 2766/4230/5051 2765/4228/5052 3185/4229/5053 3186/4231/5054
f 2767/4232/5055 2766/4230/5056 3186/4231/5057 3187/4233/5058
f 2768/4234/5059 2767/4232/5060 3187/4233/5061 3188/4235/5062
f 2700/6834/5063 2768/6836/5064 3188/6837/5065 3181/6835/5066
s 108
f 2146/1907/5067 2078/1908/5068 3192/1909/5069 3191/1910/5070
s 109
f 2078/4236/5071 2079/4237/5072 3190/4238/5073 3192/4239/5074
f 2079/4237/5072 2080/4240/5075 3194/4241/5076 3190/4238/5073
f 2080/4240/5075 2081/4242/5077 3196/4243/5078 3194/4241/5076
f 2081/4242/5077 2082/4244/5079 3198/4245/5080 3196/4243/5078
f 2082/4244/5079 2083/4246/5081 3200/4247/5082 3198/4245/5080
f 2083/4246/5081 2084/4248/5083 3202/4249/5084 3200/4247/5082
f 2084/4248/5083 2085/4250/5085 3204/4251/5086 3202/4249/5084
f 2085/4250/5085 2086/4252/5087 3206/4253/5088 3204/4251/5086
s 110
f 2087/1935/5089 2147/1936/5090 3207/1937/5091 3208/1938/5092
s 109
f 2086/4252/5087 2087/4254/5093 3208/4255/5094 3206/4253/5088
s 108
f 2206/1911/5095 2146/1907/5067 3191/1910/5070 3210/1912/5096
s 110
f 2147/1936/5090 2207/1939/5097 3218/1940/5098 3207/1937/5091
s 108
f 2266/1913/5099 2206/1911/5095 3210/1912/5096 3220/1914/5100
s 110
f 2207/1939/5097 2267/1941/5101 3228/1942/5102 3218/1940/5098
s 108
f 2326/1915/5103 2266/1913/5099 3220/1914/5100 3230/1916/5104
s 110
f 2267/1941/5101 2327/1943/5105 3238/1944/5106 3228/1942/5102
s 108
f 2368/1917/5107 2326/1915/5103 3230/1916/5104 3240/1918/5108
s 110
f 2327/1943/5105 2369/1945/5109 3248/1946/5110 3238/1944/5106
s 108
f 2410/1919/5111 2368/1917/5107 3240/1918/5108 3250/1920/5112
s 110
f 2369/1945/5109 2411/1947/5113 3258/1948/5114 3248/1946/5110
s 108
f 2452/1921/5115 2410/1919/5111 3250/1920/5112 3260/1922/5116
s 110
f 2411/1947/5113 2453/1949/5117 3268/1950/5118 3258/1948/5114
s 108
f 2494/1923/5119 2452/1921/5115 3260/1922/5116 3270/1924/5120
s 110
f 2453/1949/5117 2495/1951/5121 3278/1952/5122 3268/1950/5118
s 108
f 2536/1925/5123 2494/1923/5119 3270/1924/5120 3280/1926/5124
s 110
f 2495/1951/5121 2537/1953/5125 3288/1954/5126 3278/1952/5122
s 108
f 2578/1927/5127 2536/1925/5123 3280/1926/5124 3290/1928/5128
s 110
f 2537/1953/5125 2579/1955/5129 3298/1956/5130 3288/1954/5126
s 108
f 2620/1929/5131 2578/1927/5127 3290/1928/5128 3300/1930/5132
s 110
f 2579/1955/5129 2621/1957/5133 3308/1958/5134 3298/1956/5130
s 108
f 2662/1931/5135 2620/1929/5131 3300/1930/5132 3310/1932/5136
s 110
f 2621/1957/5133 2663/1959/5137 3318/1960/5138 3308/1958/5134
s 111
f 2705/4256/5139 2704/4257/5140 3320/4258/5141 3319/4259/5142
s 108
f 2704/1933/5143 2662/1931/5135 3310/1932/5136 3320/1934/5144
s 111
f 2706/4260/5145 2705/4256/5139 3319/4259/5142 3321/4261/5146
f 2707/4262/5147 2706/4260/5145 3321/4261/5146 3322/4263/5148
f 2708/4264/5149 2707/4262/5147 3322/4263/5148 3323/4265/5150
f 2709/4266/5151 2708/4264/5149 3323/4265/5150 3324/4267/5152
f 2710/4268/5153 2709/4266/5151 3324/4267/5152 3325/4269/5154
f 2711/4270/5155 2710/4268/5153 3325/4269/5154 3326/4271/5156
f 2712/4272/5157 2711/4270/5155 3326/4271/5156 3327/4273/5158
s 110
f 2663/1959/5137 2713/1961/5159 3328/1962/5160 3318/1960/5138
s 111
f 2713/4274/5161 2712/4272/5157 3327/4273/5158 3328/4275/5162
s 112
f 3990/6838/5163 3439/6839/5164 3332/6840/5165 3989/6841/5166
s 113
f 4661/4276/5167 4662/4277/5168 4885/4278/5169 4886/4279/5170
s 114
f 3969/4848/5171 3337/4849/5172 3369/4850/5173 3968/4851/5174
s 115
f 3977/4312/5175 3372/4311/5176 3340/4330/5177 3976/4331/5178
f 3976/4331/5178 3340/4330/5177 3343/4354/5179 3975/4355/5180
s 114
f 3970/4852/5181 3344/4853/5182 3337/4849/5172 3969/4848/5171
s 115
f 3979/4290/5183 3336/4289/5184 3347/4298/5185 3978/4299/5186
s 114
f 4004/4861/5187 3967/4855/5188 3348/4854/5189 3333/4862/5190
s off
f 4928/4904/5191 3349/4903/5192 3397/4906/5193 4925/4905/5194
s 113
f 4665/4294/5195 4666/4295/5196 4667/4287/5197 4668/4286/5198
f 4669/4280/5199 4670/4281/5200 4662/4277/5168 4661/4276/5167
s 118
f 4003/4900/5201 3356/4899/5202 3357/4972/5203 4002/4901/5204
f 4002/4901/5204 3357/4972/5203 3349/4903/5205 4927/4902/5206
s 113
f 4668/4286/5198 4667/4287/5197 4670/4281/5200 4669/4280/5199
s 119
f 4005/5084/5207 4006/5085/5208 4007/5086/5209 4008/5087/5210
s 114
f 3344/4853/5182 3970/4852/5181 3971/4858/5211 3365/4859/5212
f 3365/4859/5212 3971/4858/5211 3972/4867/5213 3361/4868/5214
f 3968/4851/5174 3369/4850/5173 3348/4854/5189 3967/4855/5188
s 115
f 3978/4299/5186 3347/4298/5185 3372/4311/5176 3977/4312/5175
s 120
f 3997/4910/5215 3373/4975/5216 3393/4976/5217 3996/4911/5218
s 121
f 3984/4392/5219 3396/4393/5220 3376/4365/5221 3983/4364/5222
s 120
f 3995/4912/5223 3377/4977/5224 3389/4978/5225 3994/4913/5226
s 121
f 3986/4441/5227 3392/4442/5228 3380/4419/5229 3985/4418/5230
s 120
f 3992/4915/5231 3381/4980/5232 3330/4981/5233 3991/4916/5234
s 124
f 4807/4540/5235 4808/4541/5236 4809/4514/5237 4810/4513/5238
s 120
f 3993/4914/5239 3385/4979/5240 3381/4980/5232 3992/4915/5231
s 121
f 3988/4487/5241 3384/4488/5242 3388/4465/5243 3987/4464/5244
s 120
f 3994/4913/5226 3389/4978/5225 3385/4979/5240 3993/4914/5239
s 121
f 3987/4464/5244 3388/4465/5243 3392/4442/5228 3986/4441/5227
s 120
f 3996/4911/5218 3393/4976/5217 3377/4977/5224 3995/4912/5223
s 121
f 3985/4418/5230 3380/4419/5229 3396/4393/5220 3984/4392/5219
s 120
f 4926/4907/5245 3397/4906/5246 3401/4973/5247 3999/4908/5248
s 121
f 3981/4319/5249 3404/4320/5250 3400/4305/5251 3980/4304/5252
s 120
f 3998/4909/5253 3408/4974/5254 3373/4975/5216 3997/4910/5215
s 121
f 3983/4364/5222 3376/4365/5221 3405/4340/5255 3982/4339/5256
f 3982/4339/5256 3405/4340/5255 3404/4320/5250 3981/4319/5249
s 120
f 3999/4908/5248 3401/4973/5247 3408/4974/5254 3998/4909/5253
s 127
f 3357/1963/5257 4634/1964/5258 4635/1965/5259 3349/1966/5260
f 3356/1967/5261 4633/1968/5262 4634/1964/5258 3357/1963/5257
f 4872/1973/5263 4873/1974/5264 4633/1968/5262 3356/1967/5261
f 3348/1989/5265 4631/1990/5266 4632/1982/5267 3333/1981/5268
f 3369/1997/5269 4630/1998/5270 4631/1990/5266 3348/1989/5265
f 3337/2005/5271 4629/2006/5272 4630/1998/5270 3369/1997/5269
f 3344/2013/5273 4628/2014/5274 4629/2006/5272 3337/2005/5271
f 4627/2021/5275 4628/2014/5274 3344/2013/5273 3365/2022/5276
f 4626/2030/5277 4627/2021/5275 3365/2022/5276 3361/2031/5278
s 129
f 4625/6970/5279 4626/6971/5280 3361/6972/5281 3972/6973/5282
s 130
f 3368/2047/5283 4606/2048/5284 4607/2049/5285 3364/2050/5286
f 3341/2051/5287 4605/2052/5288 4606/2048/5284 3368/2047/5283
f 4604/2055/5289 4605/2052/5288 3341/2051/5287 3338/2056/5290
f 4603/2061/5291 4604/2055/5289 3338/2056/5290 3370/2062/5292
f 4602/2066/5293 4603/2061/5291 3370/2062/5292 3345/2067/5294
f 4601/2070/5295 4602/2066/5293 3345/2067/5294 3334/2071/5296
f 4600/2078/5297 4918/2075/5298 4919/2074/5299 3353/2079/5300
f 4599/2082/5301 4600/2078/5297 3353/2079/5300 3358/2083/5302
f 4598/2086/5303 4599/2082/5301 3358/2083/5302 3350/2087/5304
f 4597/2090/5305 4598/2086/5303 3350/2087/5304 3398/2091/5306
f 4596/2094/5307 4597/2090/5305 3398/2091/5306 3402/2095/5308
f 3407/2098/5309 4595/2099/5310 4596/2094/5307 3402/2095/5308
f 4594/2102/5311 4595/2099/5310 3407/2098/5309 3374/2103/5312
f 4593/2106/5313 4594/2102/5311 3374/2103/5312 3394/2107/5314
f 4592/2110/5315 4593/2106/5313 3394/2107/5314 3378/2111/5316
f 4591/2114/5317 4592/2110/5315 3378/2111/5316 3390/2115/5318
f 4590/2118/5319 4591/2114/5317 3390/2115/5318 3386/2119/5320
f 4589/2122/5321 4590/2118/5319 3386/2119/5320 3382/2123/5322
f 4588/2126/5323 4589/2122/5321 3382/2123/5322 3329/2127/5324
s 112
f 3991/6858/5325 3330/6859/5326 4569/6851/5327 4570/6850/5328
s 127
f 3381/2036/5329 4644/2035/5330 4569/2041/5331 3330/2042/5332
f 3385/2028/5333 4643/2027/5334 4644/2035/5330 3381/2036/5329
f 3389/2020/5335 4642/2019/5336 4643/2027/5334 3385/2028/5333
f 3377/2012/5337 4641/2011/5338 4642/2019/5336 3389/2020/5335
f 3393/2004/5339 4640/2003/5340 4641/2011/5338 3377/2012/5337
f 3373/1996/5341 4639/1995/5342 4640/2003/5340 3393/2004/5339
f 3408/1988/5343 4638/1987/5344 4639/1995/5342 3373/1996/5341
f 3401/1980/5345 4637/1979/5346 4638/1987/5344 3408/1988/5343
f 3397/1972/5347 4636/1971/5348 4637/1979/5346 3401/1980/5345
f 3349/1966/5260 4635/1965/5259 4636/1971/5348 3397/1972/5347
s 134
f 3354/4778/5349 3449/4777/5350 3465/4795/5351 3359/4796/5352
f 3449/4777/5350 3354/4778/5349 4907/4760/5353 4908/4759/5354
s 135
f 3450/4744/5355 3335/4706/5356 3346/4727/5357 3459/4745/5358
s 136
f 3425/5129/5359 3451/5128/5360 3460/5132/5361 3424/5133/5362
s 137
f 4915/5124/5363 4916/5125/5364 3426/5126/5365 3452/5127/5366
f 3452/5127/5366 3426/5126/5365 3427/5130/5367 3466/5131/5368
s 135
f 3371/4743/5369 3453/4758/5370 3459/4745/5358 3346/4727/5357
f 3453/4758/5370 3371/4743/5369 3339/4757/5371 3454/4775/5372
f 3454/4775/5372 3339/4757/5371 3342/4774/5373 3457/4793/5374
s 136
f 3422/5141/5375 3455/5140/5376 3458/5144/5377 3421/5145/5378
f 3455/5140/5376 3422/5141/5375 3423/5137/5379 3456/5136/5380
f 3456/5136/5380 3423/5137/5379 3424/5133/5362 3460/5132/5361
s 135
f 3457/4793/5374 3342/4774/5373 3367/4808/5381 3467/4809/5382
s 136
f 3421/5145/5378 3458/5144/5377 3468/5148/5383 3420/5149/5384
s 139
f 3399/4738/5385 3461/4772/5386 3485/4773/5387 3403/4755/5388
s 134
f 3461/4772/5389 3399/4738/5390 3351/4789/5391 3462/4790/5392
f 3462/4790/5392 3351/4789/5391 3359/4796/5352 3465/4795/5351
s 137
f 3428/5134/5393 3463/5135/5394 3466/5131/5368 3427/5130/5367
f 3463/5135/5394 3428/5134/5393 3429/5138/5395 3464/5139/5396
s 140
f 3464/5139/5397 3429/5138/5398 3430/5142/5399 3486/5143/5400
s 141
f 3467/2131/5401 3367/2132/5402 3363/2133/5403 3469/2134/5404
s off
f 3420/2140/5405 3468/2141/5406 3470/2139/5407 3419/2138/5408
f 3469/2136/5409 3363/2137/5410 3419/2138/5411 3470/2139/5412
s 142
f 3395/4804/5413 3471/4818/5414 3476/4826/5415 3379/4817/5416
f 3471/4818/5414 3395/4804/5413 3375/4787/5417 3472/4805/5418
s 139
f 3472/4805/5419 3375/4787/5420 3406/4771/5421 3487/4788/5422
s 140
f 3432/5150/5423 3473/5151/5424 3488/5147/5425 3431/5146/5426
f 3473/5151/5424 3432/5150/5423 3433/5152/5427 3474/5153/5428
f 3474/5153/5428 3433/5152/5427 3434/5154/5429 3477/5155/5430
s 144
f 3391/4825/5431 3475/4832/5432 3483/4836/5433 3387/4831/5434
f 3475/4832/5432 3391/4825/5431 3379/4817/5435 3476/4826/5436
s 145
f 3477/5155/5437 3434/5154/5438 3435/5156/5439 3478/5157/5440
f 3478/5157/5440 3435/5156/5439 3436/5158/5441 3484/5159/5442
s 146
f 3331/6956/5443 3479/6960/5444 3482/6961/5445 3438/6955/5446
s 147
f 3479/4844/5447 3331/4845/5448 3383/4835/5449 3480/4841/5450
s 144
f 3480/4841/5451 3383/4835/5452 3387/4831/5434 3483/4836/5433
s 145
f 3437/5160/5453 3481/5161/5454 3484/5159/5442 3436/5158/5441
s off
f 3481/5161/5455 3437/5160/5456 3438/5162/5457 3482/5163/5458
s 139
f 3403/4755/5388 3485/4773/5387 3487/4788/5422 3406/4771/5421
s 140
f 3486/5143/5400 3430/5142/5399 3431/5146/5426 3488/5147/5425
s 148
f 3336/4289/5459 3489/4309/5460 3499/4310/5461 3347/4298/5462
s 149
f 4883/4326/5463 4884/4325/5464 3355/4349/5465 3490/4350/5466
f 3490/4350/5466 3355/4349/5465 3360/4378/5467 3505/4379/5468
s 150
f 4875/5164/5469 4876/5165/5470 3492/5166/5471 3411/5167/5472
s 151
f 3491/5169/5473 3412/5168/5474 3413/5172/5475 3500/5173/5476
s 150
f 3411/5167/5472 3492/5166/5471 3506/5170/5477 3410/5171/5478
s 148
f 3340/4330/5479 3493/4353/5480 3497/4382/5481 3343/4354/5482
f 3493/4353/5480 3340/4330/5479 3372/4311/5483 3494/4329/5484
f 3494/4329/5484 3372/4311/5483 3347/4298/5462 3499/4310/5461
s 151
f 3415/5180/5485 3495/5181/5486 3496/5177/5487 3414/5176/5488
f 3495/5181/5486 3415/5180/5485 3416/5184/5489 3498/5185/5490
f 3414/5176/5488 3496/5177/5487 3500/5173/5476 3413/5172/5475
s 148
f 3343/4354/5482 3497/4382/5481 3508/4407/5491 3366/4408/5492
s 151
f 3498/5185/5490 3416/5184/5489 3417/5188/5493 3507/5189/5494
s 154
f 3448/5179/5495 3501/5178/5496 3526/5182/5497 3447/5183/5498
s 150
f 3501/5178/5499 3448/5179/5500 3409/5175/5501 3502/5174/5502
f 3502/5174/5502 3409/5175/5501 3410/5171/5478 3506/5170/5477
s 149
f 3352/4369/5503 3503/4368/5504 3505/4379/5468 3360/4378/5467
f 3503/4368/5504 3352/4369/5503 3400/4305/5505 3504/4341/5506
s 155
f 3504/4341/5507 3400/4305/5508 3404/4320/5509 3525/4342/5510
s off
f 3507/2410/5511 3417/2418/5512 3418/2419/5513 3509/2414/5514
s 156
f 3366/2740/5515 3508/2741/5516 3510/2742/5517 3362/2738/5518
s off
f 3509/7130/5519 3418/7131/5520 3362/7132/5521 3510/7133/5522
s 155
f 3376/4365/5523 3511/4394/5524 3527/4366/5525 3405/4340/5526
s 158
f 3511/4394/5527 3376/4365/5528 3396/4393/5529 3512/4420/5530
f 3512/4420/5530 3396/4393/5529 3380/4419/5531 3515/4443/5532
s 154
f 3445/5191/5533 3513/5190/5534 3514/5192/5535 3444/5193/5536
f 3513/5190/5534 3445/5191/5533 3446/5187/5537 3528/5186/5538
f 3444/5193/5536 3514/5192/5535 3517/5194/5539 3443/5195/5540
s 160
f 3515/4443/5541 3380/4419/5542 3392/4442/5543 3516/4466/5544
f 3516/4466/5544 3392/4442/5543 3388/4465/5545 3523/4489/5546
s 161
f 3443/5195/5547 3517/5194/5548 3518/5196/5549 3442/5197/5550
f 3442/5197/5550 3518/5196/5549 3524/5198/5551 3441/5199/5552
s 160
f 3384/4488/5553 3519/4515/5554 3523/4489/5546 3388/4465/5545
s 162
f 3519/4515/5555 3384/4488/5556 3332/4542/5557 3520/4543/5558
s 163
f 3520/6844/5559 3332/6840/5560 3439/6839/5561 3521/6845/5562
s off
f 3521/5202/5563 3439/5203/5564 3440/5201/5565 3522/5200/5566
s 161
f 3522/5200/5567 3440/5201/5568 3441/5199/5552 3524/5198/5551
s 155
f 3525/4342/5510 3404/4320/5509 3405/4340/5526 3527/4366/5525
s 154
f 3447/5183/5498 3526/5182/5497 3528/5186/5538 3446/5187/5537
s 164
f 3529/2224/5569 3530/2223/5570 3562/2228/5571 3561/2229/5572
f 3530/2223/5570 3529/2224/5569 4909/2218/5573 4910/2217/5574
s 165
f 3531/2211/5575 3532/2212/5576 3550/2206/5577 3549/2205/5578
s 166
f 3533/2221/5579 3534/2216/5580 3552/2210/5581 3551/2215/5582
s 167
f 4911/2222/5583 4912/2226/5584 3536/2231/5585 3535/2227/5586
f 3535/2227/5586 3536/2231/5585 3564/2236/5587 3563/2232/5588
s 165
f 3537/2200/5589 3538/2199/5590 3549/2205/5578 3550/2206/5577
f 3538/2199/5590 3537/2200/5589 3540/2194/5591 3539/2193/5592
f 3539/2193/5592 3540/2194/5591 3546/2189/5593 3545/2188/5594
s 166
f 3541/2208/5595 3542/2201/5596 3548/2195/5597 3547/2202/5598
f 3542/2201/5596 3541/2208/5595 3544/2213/5599 3543/2207/5600
f 3543/2207/5600 3544/2213/5599 3551/2215/5582 3552/2210/5581
s 165
f 3545/2188/5594 3546/2189/5593 3566/2185/5601 3565/2184/5602
s 166
f 3547/2202/5598 3548/2195/5597 3568/2192/5603 3567/2198/5604
s 169
f 3553/2239/5605 3554/2238/5606 3602/2243/5607 3601/2244/5608
s 164
f 3554/2238/5609 3553/2239/5610 3556/2234/5611 3555/2233/5612
f 3555/2233/5612 3556/2234/5611 3561/2229/5572 3562/2228/5571
s 167
f 3557/2241/5613 3558/2237/5614 3563/2232/5588 3564/2236/5587
f 3558/2237/5614 3557/2241/5613 3560/2246/5615 3559/2242/5616
s 170
f 3559/2242/5617 3560/2246/5618 3604/2251/5619 3603/2247/5620
s 165
f 3565/2184/5602 3566/2185/5601 3570/2186/5621 3569/2187/5622
s 166
f 3567/2198/5604 3568/2192/5603 3571/2191/5623 3572/2190/5624
s off
f 3569/2187/5625 3570/2186/5626 3572/2190/5627 3571/2191/5628
s 169
f 3573/2259/5629 3574/2258/5630 3583/2263/5631 3584/2264/5632
f 3574/2258/5630 3573/2259/5629 3576/2254/5633 3575/2253/5634
f 3575/2253/5634 3576/2254/5633 3606/2249/5635 3605/2248/5636
s 170
f 3577/2261/5637 3578/2257/5638 3608/2252/5639 3607/2256/5640
f 3578/2257/5638 3577/2261/5637 3580/2266/5641 3579/2262/5642
f 3579/2262/5642 3580/2266/5641 3585/2273/5643 3586/2267/5644
s 169
f 3581/2269/5645 3582/2268/5646 3597/2275/5647 3598/2276/5648
f 3582/2268/5646 3581/2269/5645 3584/2264/5632 3583/2263/5631
s 170
f 3586/2267/5644 3585/2273/5643 3588/2278/5649 3587/2274/5650
f 3587/2274/5650 3588/2278/5649 3599/2283/5651 3600/2279/5652
s off
f 3589/2286/5653 3590/2285/5654 3595/2289/5655 3596/2290/5656
f 3590/2285/5657 3589/2286/5658 3592/2281/5659 3591/2280/5660
s 169
f 3591/2280/5661 3592/2281/5662 3598/2276/5648 3597/2275/5647
s 170
f 3593/2288/5663 3594/2284/5664 3600/2279/5652 3599/2283/5651
s off
f 3594/2284/5665 3593/2288/5666 3596/2290/5667 3595/2289/5668
s 169
f 3601/2244/5608 3602/2243/5607 3605/2248/5636 3606/2249/5635
s 170
f 3603/2247/5620 3604/2251/5619 3607/2256/5640 3608/2252/5639
s 173
f 3609/2331/5669 3610/2327/5670 3630/2322/5671 3629/2326/5672
s 174
f 4881/2332/5673 4882/2336/5674 3612/2341/5675 3611/2337/5676
f 3611/2337/5676 3612/2341/5675 3642/2346/5677 3641/2342/5678
s 175
f 3613/2323/5679 3614/2324/5680 3632/2318/5681 3631/2317/5682
s 176
f 4879/2329/5683 4880/2328/5684 3616/2333/5685 3615/2334/5686
f 3615/2334/5686 3616/2333/5685 3644/2338/5687 3643/2339/5688
s 173
f 3617/2320/5689 3618/2314/5690 3626/2307/5691 3625/2315/5692
f 3618/2314/5690 3617/2320/5689 3620/2321/5693 3619/2316/5694
f 3619/2316/5694 3620/2321/5693 3629/2326/5672 3630/2322/5671
s 175
f 3621/2304/5695 3622/2305/5696 3628/2298/5697 3627/2297/5698
f 3622/2305/5696 3621/2304/5695 3624/2311/5699 3623/2312/5700
f 3623/2312/5700 3624/2311/5699 3631/2317/5682 3632/2318/5681
s 173
f 3625/2315/5692 3626/2307/5691 3648/2303/5701 3647/2310/5702
s 175
f 3627/2297/5698 3628/2298/5697 3646/2294/5703 3645/2293/5704
s 179
f 3633/2349/5705 3634/2348/5706 3684/2353/5707 3683/2354/5708
s 176
f 3634/2348/5709 3633/2349/5710 3636/2344/5711 3635/2343/5712
f 3635/2343/5712 3636/2344/5711 3643/2339/5688 3644/2338/5687
s 174
f 3637/2351/5713 3638/2347/5714 3641/2342/5678 3642/2346/5677
f 3638/2347/5714 3637/2351/5713 3640/2356/5715 3639/2352/5716
s 180
f 3639/2352/5717 3640/2356/5718 3682/2361/5719 3681/2357/5720
s 175
f 3645/2293/5704 3646/2294/5703 3650/2295/5721 3649/2296/5722
s 173
f 3647/2310/5702 3648/2303/5701 3651/2302/5723 3652/2301/5724
s off
f 3649/2296/5725 3650/2295/5726 3652/2301/5727 3651/2302/5728
s 180
f 3653/2371/5729 3654/2367/5730 3686/2362/5731 3685/2366/5732
f 3654/2367/5730 3653/2371/5729 3656/2376/5733 3655/2372/5734
f 3655/2372/5734 3656/2376/5733 3661/2381/5735 3662/2377/5736
s 179
f 3657/2363/5737 3658/2364/5738 3688/2359/5739 3687/2358/5740
f 3658/2364/5738 3657/2363/5737 3660/2368/5741 3659/2369/5742
f 3659/2369/5742 3660/2368/5741 3665/2373/5743 3666/2374/5744
s 180
f 3662/2377/5736 3661/2381/5735 3664/2388/5745 3663/2382/5746
f 3663/2382/5746 3664/2388/5745 3677/2393/5747 3678/2389/5748
s 179
f 3666/2374/5744 3665/2373/5743 3668/2378/5749 3667/2379/5750
f 3667/2379/5750 3668/2378/5749 3679/2383/5751 3680/2384/5752
s 180
f 3669/2398/5753 3670/2394/5754 3678/2389/5748 3677/2393/5747
s off
f 3670/2394/5755 3669/2398/5756 3672/2400/5757 3671/2399/5758
f 3671/2399/5759 3672/2400/5760 3674/2396/5761 3673/2395/5762
f 3673/2395/5763 3674/2396/5764 3676/2391/5765 3675/2390/5766
s 179
f 3675/2390/5767 3676/2391/5768 3680/2384/5752 3679/2383/5751
s 180
f 3681/2357/5720 3682/2361/5719 3685/2366/5732 3686/2362/5731
s 179
f 3683/2354/5708 3684/2353/5707 3687/2358/5740 3688/2359/5739
s 183
f 3530/2223/5769 4910/2217/5770 4911/2222/5771 3535/2227/5772
s 184
f 4880/2328/5773 4881/2332/5774 3611/2337/5775 3616/2333/5776
s 183
f 3538/2199/5777 3539/2193/5778 3542/2201/5779 3543/2207/5780
s 184
f 3621/2304/5781 3618/2314/5782 3619/2316/5783 3624/2311/5784
s 183
f 3539/2193/5778 3545/2188/5785 3548/2195/5786 3542/2201/5779
s 184
f 3627/2297/5787 3626/2307/5788 3618/2314/5782 3621/2304/5781
s 183
f 3531/2211/5789 3549/2205/5790 3552/2210/5791 3534/2216/5792
s 184
f 3631/2317/5793 3630/2322/5794 3610/2327/5795 3613/2323/5796
s 183
f 3554/2238/5797 3555/2233/5798 3558/2237/5799 3559/2242/5800
s 184
f 3634/2348/5801 3635/2343/5802 3638/2347/5803 3639/2352/5804
s 183
f 3562/2228/5805 3530/2223/5769 3535/2227/5772 3563/2232/5806
s 184
f 3616/2333/5776 3611/2337/5775 3641/2342/5807 3644/2338/5808
s 183
f 3555/2233/5798 3562/2228/5805 3563/2232/5806 3558/2237/5799
s 184
f 3644/2338/5808 3641/2342/5807 3638/2347/5803 3635/2343/5802
s 183
f 3548/2195/5786 3545/2188/5785 3565/2184/5809 3568/2192/5810
s 184
f 3626/2307/5788 3627/2297/5787 3645/2293/5811 3648/2303/5812
f 3648/2303/5812 3645/2293/5811 3649/2296/5813 3651/2302/5814
s 183
f 3568/2192/5810 3565/2184/5809 3569/2187/5815 3571/2191/5816
f 3549/2205/5790 3538/2199/5777 3543/2207/5780 3552/2210/5791
s 184
f 3624/2311/5784 3619/2316/5783 3630/2322/5794 3631/2317/5793
s 183
f 3574/2258/5817 3575/2253/5818 3578/2257/5819 3579/2262/5820
s 184
f 3657/2363/5821 3654/2367/5822 3655/2372/5823 3660/2368/5824
s 183
f 3582/2268/5825 3583/2263/5826 3586/2267/5827 3587/2274/5828
s 184
f 3665/2373/5829 3662/2377/5830 3663/2382/5831 3668/2378/5832
s 183
f 3590/2285/5833 3591/2280/5834 3594/2284/5835 3595/2289/5836
s 184
f 3675/2390/5837 3670/2394/5838 3671/2399/5839 3673/2395/5840
s 183
f 3591/2280/5834 3597/2275/5841 3600/2279/5842 3594/2284/5835
s 184
f 3679/2383/5843 3678/2389/5844 3670/2394/5838 3675/2390/5837
s 183
f 3597/2275/5841 3582/2268/5825 3587/2274/5828 3600/2279/5842
s 184
f 3668/2378/5832 3663/2382/5831 3678/2389/5844 3679/2383/5843
s 183
f 3583/2263/5826 3574/2258/5817 3579/2262/5820 3586/2267/5827
s 184
f 3660/2368/5824 3655/2372/5823 3662/2377/5830 3665/2373/5829
s 183
f 3602/2243/5845 3554/2238/5797 3559/2242/5800 3603/2247/5846
s 184
f 3634/2348/5801 3639/2352/5804 3681/2357/5847 3684/2353/5848
s 183
f 3575/2253/5818 3605/2248/5849 3608/2252/5850 3578/2257/5819
s 184
f 3687/2358/5851 3686/2362/5852 3654/2367/5822 3657/2363/5821
s 183
f 3608/2252/5850 3605/2248/5849 3602/2243/5845 3603/2247/5846
s 184
f 3684/2353/5848 3681/2357/5847 3686/2362/5852 3687/2358/5851
s 134
f 3449/4777/5350 4908/4759/5354 4909/4779/5853 3529/4797/5854
s 193
f 4914/5204/5855 3689/5205/5856 3691/5206/5857 4913/5207/5858
s 135
f 3453/4758/5370 3454/4775/5372 3540/4794/5859 3537/4776/5860
s 194
f 3694/5220/5861 3693/5218/5862 3695/5219/5863 3696/5221/5864
s 135
f 3454/4775/5372 3457/4793/5374 3546/4810/5865 3540/4794/5859
s 194
f 3697/5222/5866 3694/5220/5861 3696/5221/5864 3698/5223/5867
s 135
f 3450/4744/5355 3459/4745/5358 3550/4761/5868 3532/4762/5869
s 194
f 3699/5214/5870 3690/5210/5871 3692/5211/5872 3700/5215/5873
s 134
f 3461/4772/5389 3462/4790/5392 3556/4807/5874 3553/4791/5875
s 193
f 3702/5212/5876 3701/5216/5877 3703/5217/5878 3704/5213/5879
s 134
f 3465/4795/5351 3449/4777/5350 3529/4797/5854 3561/4811/5880
s 193
f 3689/5205/5856 3705/5208/5881 3706/5209/5882 3691/5206/5857
s 134
f 3462/4790/5392 3465/4795/5351 3561/4811/5880 3556/4807/5874
s 193
f 3705/5208/5881 3702/5212/5876 3704/5213/5879 3706/5209/5882
s 135
f 3457/4793/5374 3467/4809/5382 3566/4820/5883 3546/4810/5865
s 194
f 3707/5224/5884 3697/5222/5866 3698/5223/5867 3708/5225/5885
s 141
f 3467/7134/5401 3469/7135/5404 3570/7136/5886 3566/7137/5887
s off
f 4026/5230/5888 4025/5231/5889 4027/5232/5890 4028/5233/5891
f 3709/5226/5892 3707/5224/5893 3708/5225/5894 3710/5227/5895
s 135
f 3459/4745/5358 3453/4758/5370 3537/4776/5860 3550/4761/5868
s 194
f 3693/5218/5862 3699/5214/5870 3700/5215/5873 3695/5219/5863
s 142
f 3471/4818/5414 3472/4805/5418 3576/4819/5896 3573/4827/5897
s 196
f 3712/5234/5898 3711/5235/5899 3713/5236/5900 3714/5237/5901
s 144
f 3475/4832/5432 3476/4826/5436 3584/4837/5902 3581/4838/5903
s 197
f 3716/5238/5904 3715/5242/5905 3717/5243/5906 3718/5239/5907
s 147
f 3479/4844/5447 3480/4841/5450 3592/4846/5908 3589/4847/5909
s off
f 3720/5248/5910 3719/5250/5911 3721/5251/5912 3722/5249/5913
s 146
f 3482/6961/5445 3479/6960/5444 3589/6964/5914 3596/6965/5915
s 144
f 3480/4841/5451 3483/4836/5433 3598/4842/5916 3592/4846/5917
s 197
f 3723/5246/5918 3720/5248/5919 3722/5249/5920 3724/5247/5921
s 144
f 3483/4836/5433 3475/4832/5432 3581/4838/5903 3598/4842/5916
s 197
f 3715/5242/5905 3723/5246/5918 3724/5247/5921 3717/5243/5906
s off
f 4848/5252/5922 4847/5253/5923 4849/5254/5924 4850/5255/5925
s 196
f 3711/5235/5899 3716/5238/5926 3718/5239/5927 3713/5236/5900
s 139
f 3485/4773/5387 3461/4772/5386 3553/4791/5928 3601/4792/5929
s 196
f 3701/7140/5930 3725/7141/5931 3726/7142/5932 3703/7143/5933
s 139
f 3472/4805/5419 3487/4788/5422 3606/4806/5934 3576/4819/5935
s 196
f 3727/5240/5936 3712/5234/5898 3714/5237/5901 3728/5241/5937
s 139
f 3487/4788/5422 3485/4773/5387 3601/4792/5929 3606/4806/5934
s 196
f 3725/5244/5931 3727/5240/5936 3728/5241/5937 3726/5245/5932
s 149
f 4883/4326/5463 3490/4350/5466 3612/4380/5938 4882/4351/5939
s 199
f 3730/5256/5940 4877/5257/5941 4878/5258/5942 3732/5259/5943
s 148
f 3493/4353/5480 3494/4329/5484 3620/4352/5944 3617/4381/5945
s 200
f 3734/5268/5946 3733/5272/5947 3735/5273/5948 3736/5269/5949
s 148
f 3497/4382/5481 3493/4353/5480 3617/4381/5945 3625/4406/5950
s 200
f 3733/5272/5947 3737/5274/5951 3738/5275/5952 3735/5273/5948
s 148
f 3499/4310/5461 3489/4309/5460 3609/4327/5953 3629/4328/5954
s 200
f 3729/5260/5955 3739/5264/5956 3740/5265/5957 3731/5261/5958
s 199
f 3742/5270/5959 3741/5266/5960 3743/5267/5961 3744/5271/5962
s 149
f 3503/4368/5504 3504/4341/5506 3640/4371/5963 3637/4398/5964
f 3490/4350/5466 3505/4379/5468 3642/4405/5965 3612/4380/5938
s 199
f 3745/5262/5966 3730/5256/5940 3732/5259/5943 3746/5263/5967
s 149
f 3505/4379/5468 3503/4368/5504 3637/4398/5964 3642/4405/5965
s 199
f 3741/5266/5960 3745/5262/5966 3746/5263/5967 3743/5267/5961
s 200
f 3737/5274/5951 3747/5276/5968 3748/5277/5969 3738/5275/5952
s 148
f 3508/4407/5491 3497/4382/5481 3625/4406/5950 3647/4431/5970
s off
f 3747/5276/5971 3749/5278/5972 3750/5279/5973 3748/5277/5974
f 4030/5282/5975 4029/5283/5976 4031/5284/5977 4032/5285/5978
s 156
f 3510/7280/5517 3508/7284/5516 3647/7285/5979 3652/7281/5980
s 148
f 3494/4329/5484 3499/4310/5461 3629/4328/5954 3620/4352/5944
s 200
f 3739/5264/5956 3734/5268/5946 3736/5269/5949 3740/5265/5957
s 158
f 3511/4394/5527 3512/4420/5530 3656/4445/5981 3653/4422/5982
s 202
f 3752/5286/5983 3751/5287/5984 3753/5288/5985 3754/5289/5986
s 160
f 3515/4443/5541 3516/4466/5544 3664/4491/5987 3661/4492/5988
s 203
f 3756/5296/5989 3755/5292/5990 3757/5293/5991 3758/5297/5992
s 162
f 3519/4515/5555 3520/4543/5558 3672/4569/5993 3669/4544/5994
s 163
f 3520/6844/5559 3521/6845/5562 3674/6853/5995 3672/6854/5996
s off
f 3760/5302/5997 3759/5300/5998 3761/5301/5999 3762/5303/6000
s 160
f 3523/4489/5546 3519/4515/5554 3669/4544/6001 3677/4517/6002
s 203
f 3759/5300/6003 3763/5298/6004 3764/5299/6005 3761/5301/6006
s 160
f 3516/4466/5544 3523/4489/5546 3677/4517/6002 3664/4491/5987
s 203
f 3763/5298/6004 3756/5296/5989 3758/5297/5992 3764/5299/6005
s off
f 4852/5304/6007 4851/5305/6008 4853/5306/6009 4854/5307/6010
s 202
f 3755/5292/6011 3752/5286/5983 3754/5289/5986 3757/5293/6012
s 155
f 3504/4341/5507 3525/4342/5510 3682/4370/6013 3640/4371/6014
s 202
f 3765/7144/6015 3742/7145/6016 3744/7146/6017 3766/7147/6018
s 155
f 3527/4366/5525 3511/4394/5524 3653/4422/6019 3685/4396/6020
s 202
f 3751/5287/5984 3767/5290/6021 3768/5291/6022 3753/5288/5985
s 155
f 3525/4342/5510 3527/4366/5525 3685/4396/6020 3682/4370/6013
s 202
f 3767/5290/6021 3765/5294/6015 3766/5295/6018 3768/5291/6022
s 205
f 4915/2156/6023 3452/2158/6024 3689/2159/6025 4914/2157/6026
s 206
f 3536/2231/6027 4912/2226/6028 4913/2230/6029 3691/2235/6030
s off
f 3455/2148/6031 3456/2150/6032 3693/2151/6033 3694/2149/6034
f 3544/2213/6035 3541/2208/6036 3696/2214/6037 3695/2219/6038
f 3458/2146/6039 3455/2148/6040 3694/2149/6041 3697/2147/6042
f 3541/2208/6043 3547/2202/6044 3698/2209/6045 3696/2214/6046
f 3460/2152/6047 3451/2154/6048 3690/2155/6049 3699/2153/6050
f 3533/2221/6051 3551/2215/6052 3700/2220/6053 3692/2225/6054
f 3463/2162/6055 3464/2164/6056 3701/2165/6057 3702/2163/6058
f 3560/2246/6059 3557/2241/6060 3704/2245/6061 3703/2250/6062
f 3452/2158/6063 3466/2160/6064 3705/2161/6065 3689/2159/6066
f 3564/2236/6067 3536/2231/6068 3691/2235/6069 3706/2240/6070
f 3466/2160/6071 3463/2162/6072 3702/2163/6073 3705/2161/6074
f 3557/2241/6075 3564/2236/6076 3706/2240/6077 3704/2245/6078
f 3468/2141/6079 3458/2146/6080 3697/2147/6081 3707/2144/6082
f 3547/2202/6083 3567/2198/6084 3708/2204/6085 3698/2209/6086
f 3470/2139/6087 3468/2141/6088 3707/2144/6089 3709/2145/6090
f 3567/2198/6091 3572/2190/6092 3710/2203/6093 3708/2204/6094
f 3572/5228/6095 3470/5229/6096 3709/5226/6097 3710/5227/6098
f 3456/2150/6099 3460/2152/6100 3699/2153/6101 3693/2151/6102
f 3551/2215/6103 3544/2213/6104 3695/2219/6105 3700/2220/6106
f 3473/2170/6107 3474/2172/6108 3711/2173/6109 3712/2171/6110
f 3580/2266/6111 3577/2261/6112 3714/2265/6113 3713/2272/6114
f 3477/2174/6115 3478/2176/6116 3715/2177/6117 3716/2175/6118
f 3588/2278/6119 3585/2273/6120 3718/2277/6121 3717/2282/6122
f 3481/2180/6123 3482/2182/6124 3719/2183/6125 3720/2181/6126
f 3482/6961/6127 3596/6965/6128 3721/6968/6129 3719/6969/6130
f 3596/2290/6131 3593/2288/6132 3722/2291/6133 3721/2292/6134
f 3484/2178/6135 3481/2180/6136 3720/2181/6137 3723/2179/6138
f 3593/2288/6139 3599/2283/6140 3724/2287/6141 3722/2291/6142
f 3478/2176/6143 3484/2178/6144 3723/2179/6145 3715/2177/6146
f 3599/2283/6147 3588/2278/6148 3717/2282/6149 3724/2287/6150
f 3474/2172/6151 3477/2174/6152 3716/2175/6153 3711/2173/6154
f 3585/2273/6155 3580/2266/6156 3713/2272/6157 3718/2277/6158
f 3464/2164/6159 3486/2166/6160 3725/2167/6161 3701/2165/6162
f 3604/2251/6163 3560/2246/6164 3703/2250/6165 3726/2255/6166
f 3488/2168/6167 3473/2170/6168 3712/2171/6169 3727/2169/6170
f 3577/2261/6171 3607/2256/6172 3728/2260/6173 3714/2265/6174
f 3486/2166/6175 3488/2168/6176 3727/2169/6177 3725/2167/6178
f 3607/2256/6179 3604/2251/6180 3726/2255/6181 3728/2260/6182
s 207
f 3492/2420/6183 4876/2417/6184 4877/2416/6185 3730/2421/6186
s 208
f 4879/2329/6187 3615/2334/6188 3732/2340/6189 4878/2335/6190
s off
f 3496/2402/6191 3495/2403/6192 3733/2404/6193 3734/2405/6194
f 3622/2305/6195 3623/2312/6196 3736/2319/6197 3735/2313/6198
f 3495/2403/6199 3498/2406/6200 3737/2407/6201 3733/2404/6202
f 3628/2298/6203 3622/2305/6204 3735/2313/6205 3738/2306/6206
f 3491/2412/6207 3500/2408/6208 3739/2409/6209 3729/2413/6210
f 3632/2318/6211 3614/2324/6212 3731/2330/6213 3740/2325/6214
f 3501/2426/6215 3502/2424/6216 3741/2425/6217 3742/2427/6218
f 3636/2344/6219 3633/2349/6220 3744/2355/6221 3743/2350/6222
f 3506/2422/6223 3492/2420/6224 3730/2421/6225 3745/2423/6226
f 3615/2334/6227 3643/2339/6228 3746/2345/6229 3732/2340/6230
f 3502/2424/6231 3506/2422/6232 3745/2423/6233 3741/2425/6234
f 3643/2339/6235 3636/2344/6236 3743/2350/6237 3746/2345/6238
f 3498/2406/6239 3507/2410/6240 3747/2411/6241 3737/2407/6242
f 3646/2294/6243 3628/2298/6244 3738/2306/6245 3748/2299/6246
f 3507/2410/6247 3509/2414/6248 3749/2415/6249 3747/2411/6250
f 3509/5280/6251 3650/5281/6252 3750/5279/6253 3749/5278/6254
f 3650/2295/6255 3646/2294/6256 3748/2299/6257 3750/2300/6258
f 3500/2408/6259 3496/2402/6260 3734/2405/6261 3739/2409/6262
f 3623/2312/6263 3632/2318/6264 3740/2325/6265 3736/2319/6266
f 3514/2434/6267 3513/2432/6268 3751/2433/6269 3752/2435/6270
f 3658/2364/6271 3659/2369/6272 3754/2375/6273 3753/2370/6274
f 3518/2438/6275 3517/2436/6276 3755/2437/6277 3756/2439/6278
f 3666/2374/6279 3667/2379/6280 3758/2385/6281 3757/2380/6282
f 3521/2444/6283 3522/2442/6284 3759/2443/6285 3760/2445/6286
f 3676/2391/6287 3674/2396/6288 3762/2401/6289 3761/2397/6290
f 3674/6853/6291 3521/6845/6292 3760/6861/6293 3762/6862/6294
f 3522/2442/6295 3524/2440/6296 3763/2441/6297 3759/2443/6298
f 3680/2384/6299 3676/2391/6300 3761/2397/6301 3764/2392/6302
f 3524/2440/6303 3518/2438/6304 3756/2439/6305 3763/2441/6306
f 3667/2379/6307 3680/2384/6308 3764/2392/6309 3758/2385/6310
f 3517/2436/6311 3514/2434/6312 3752/2435/6313 3755/2437/6314
f 3659/2369/6315 3666/2374/6316 3757/2380/6317 3754/2375/6318
f 3526/2428/6319 3501/2426/6320 3742/2427/6321 3765/2429/6322
f 3633/2349/6323 3683/2354/6324 3766/2360/6325 3744/2355/6326
f 3513/2432/6327 3528/2430/6328 3767/2431/6329 3751/2433/6330
f 3688/2359/6331 3658/2364/6332 3753/2370/6333 3768/2365/6334
f 3528/2430/6335 3526/2428/6336 3765/2429/6337 3767/2431/6338
f 3683/2354/6339 3688/2359/6340 3768/2365/6341 3766/2360/6342
s 114
f 3370/5021/6343 3770/5022/6344 3769/5003/6345 3345/5002/6346
f 3338/5037/6347 3771/5038/6348 3770/5022/6344 3370/5021/6343
f 3341/5051/6349 3772/5052/6350 3771/5038/6348 3338/5037/6347
f 3773/5063/6351 3772/5052/6350 3341/5051/6349 3368/5064/6352
f 3774/5074/6353 3773/5063/6351 3368/5064/6352 3364/5075/6354
s 129
f 4607/7105/6355 4608/7096/6356 3774/7097/6357 3364/7106/6358
s 119
f 4009/5122/6359 4010/5120/6360 4011/5121/6361 4012/5123/6362
s 115
f 3339/4757/6363 3778/4742/6364 3777/4756/6365 3342/4774/6366
f 3371/4743/6367 3779/4726/6368 3778/4742/6364 3339/4757/6363
f 3346/4727/6369 3780/4705/6370 3779/4726/6368 3371/4743/6367
f 3335/4706/6371 3781/4683/6372 3780/4705/6370 3346/4727/6369
s 213
f 4671/4708/6373 4672/4685/6374 4905/4686/6375 4906/4709/6376
f 4675/4723/6377 4676/4701/6378 4672/4685/6374 4671/4708/6373
f 4677/4740/6379 4678/4722/6380 4676/4701/6378 4675/4723/6377
f 4679/4739/6381 4680/4721/6382 4678/4722/6380 4677/4740/6379
s 121
f 3403/4755/6383 3783/4737/6384 3782/4720/6385 3399/4738/6386
f 3406/4771/6387 3784/4754/6388 3783/4737/6384 3403/4755/6383
f 3375/4787/6389 3785/4770/6390 3784/4754/6388 3406/4771/6387
f 3395/4804/6391 3786/4786/6392 3785/4770/6390 3375/4787/6389
f 3379/4817/6393 3787/4803/6394 3786/4786/6392 3395/4804/6391
f 3391/4825/6395 3788/4816/6396 3787/4803/6394 3379/4817/6393
f 3387/4831/6397 3789/4824/6398 3788/4816/6396 3391/4825/6395
f 3383/4835/6399 3790/4830/6400 3789/4824/6398 3387/4831/6397
s 124
f 4811/4843/6401 4812/4840/6402 4813/4833/6403 4814/4839/6404
s 112
f 3438/6955/6405 3792/6949/6406 3791/6950/6407 3331/6956/6408
f 3329/6966/6409 3793/6967/6410 4587/6963/6411 4588/6962/6412
s 218
f 3382/4986/6413 3794/4934/6414 3793/4933/6415 3329/4987/6416
f 3386/4988/6417 3795/4935/6418 3794/4934/6414 3382/4986/6413
f 3390/4989/6419 3796/4936/6420 3795/4935/6418 3386/4988/6417
f 3378/4990/6421 3797/4937/6422 3796/4936/6420 3390/4989/6419
f 3394/4991/6423 3798/4938/6424 3797/4937/6422 3378/4990/6421
f 3374/4992/6425 3799/4939/6426 3798/4938/6424 3394/4991/6423
f 3407/4993/6427 3800/4940/6428 3799/4939/6426 3374/4992/6425
f 3402/4994/6429 3801/4941/6430 3800/4940/6428 3407/4993/6427
f 3398/4943/6431 4922/4942/6432 3801/4941/6430 3402/4994/6429
s off
f 3350/4946/6433 4924/4945/6434 4921/4944/6435 3398/4943/6436
s 219
f 3358/4995/6437 3804/4948/6438 4923/4947/6439 3350/4946/6440
f 3353/4881/6441 3805/4949/6442 3804/4948/6438 3358/4995/6437
s 114
f 3345/5002/6346 3769/5003/6345 3806/4958/6443 3334/4957/6444
f 3770/5022/6344 3808/5023/6445 3807/5004/6446 3769/5003/6345
f 3771/5038/6348 3809/5039/6447 3808/5023/6445 3770/5022/6344
f 3772/5052/6350 3810/5053/6448 3809/5039/6447 3771/5038/6348
f 3811/5065/6449 3810/5053/6448 3772/5052/6350 3773/5063/6351
f 3812/5076/6450 3811/5065/6449 3773/5063/6351 3774/5074/6353
s 129
f 4608/7096/6356 4609/7089/6451 3812/7090/6452 3774/7097/6357
s 119
f 4010/5120/6360 4013/5118/6453 4014/5119/6454 4011/5121/6361
s 115
f 3778/4742/6364 3816/4725/6455 3815/4741/6456 3777/4756/6365
f 3779/4726/6368 3817/4704/6457 3816/4725/6455 3778/4742/6364
f 3780/4705/6370 3818/4682/6458 3817/4704/6457 3779/4726/6368
f 3781/4683/6372 3819/4659/6459 3818/4682/6458 3780/4705/6370
s 220
f 4672/4685/6460 4681/4663/6461 4904/4662/6462 4905/4686/6463
f 4676/4701/6464 4683/4678/6465 4681/4663/6461 4672/4685/6460
f 4678/4722/6466 4684/4700/6467 4683/4678/6465 4676/4701/6464
f 4680/4721/6468 4685/4698/6469 4684/4700/6467 4678/4722/6466
s 121
f 3783/4737/6384 3821/4719/6470 3820/4697/6471 3782/4720/6385
f 3784/4754/6388 3822/4736/6472 3821/4719/6470 3783/4737/6384
f 3785/4770/6390 3823/4753/6473 3822/4736/6472 3784/4754/6388
f 3786/4786/6392 3824/4769/6474 3823/4753/6473 3785/4770/6390
f 3787/4803/6394 3825/4785/6475 3824/4769/6474 3786/4786/6392
f 3788/4816/6396 3826/4802/6476 3825/4785/6475 3787/4803/6394
f 3789/4824/6398 3827/4815/6477 3826/4802/6476 3788/4816/6396
f 3790/4830/6400 3828/4823/6478 3827/4815/6477 3789/4824/6398
s 124
f 4812/4840/6402 4815/4834/6479 4816/4828/6480 4813/4833/6403
s 112
f 3792/6949/6406 3830/6943/6481 3829/6944/6482 3791/6950/6407
s off
f 4645/7148/6483 4646/7149/6484 4647/7150/6485 4648/7151/6486
s 114
f 3806/4958/6443 3769/5003/6345 3807/5004/6446 3834/4959/6487
f 3808/5023/6445 4183/5024/6488 4184/5005/6489 3807/5004/6446
f 3809/5039/6447 4182/5040/6490 4183/5024/6488 3808/5023/6445
f 3810/5053/6448 4181/5054/6491 4182/5040/6490 3809/5039/6447
f 4180/5066/6492 4181/5054/6491 3810/5053/6448 3811/5065/6449
f 4179/5077/6493 4180/5066/6492 3811/5065/6449 3812/5076/6450
s 129
f 4609/7089/6451 4610/7081/6494 4179/7080/6495 3812/7090/6452
s 119
f 4013/5118/6453 4206/5117/6496 4207/5116/6497 4014/5119/6454
s 115
f 3816/4725/6455 4202/4703/6498 4203/4724/6499 3815/4741/6456
f 3817/4704/6457 4201/4681/6500 4202/4703/6498 3816/4725/6455
f 3818/4682/6458 4200/4658/6501 4201/4681/6500 3817/4704/6457
f 3819/4659/6459 4199/4635/6502 4200/4658/6501 3818/4682/6458
s 221
f 4723/4638/6503 4724/4615/6504 4902/4614/6505 4903/4639/6506
f 4727/4654/6507 4728/4630/6508 4724/4615/6504 4723/4638/6503
f 4729/4677/6509 4730/4653/6510 4728/4630/6508 4727/4654/6507
f 4731/4699/6511 4732/4676/6512 4730/4653/6510 4729/4677/6509
s 121
f 3821/4719/6470 4197/4696/6513 4198/4674/6514 3820/4697/6471
f 3822/4736/6472 4196/4718/6515 4197/4696/6513 3821/4719/6470
f 3823/4753/6473 4195/4735/6516 4196/4718/6515 3822/4736/6472
f 3824/4769/6474 4194/4752/6517 4195/4735/6516 3823/4753/6473
f 3825/4785/6475 4193/4768/6518 4194/4752/6517 3824/4769/6474
f 3826/4802/6476 4192/4784/6519 4193/4768/6518 3825/4785/6475
f 3827/4815/6477 4191/4801/6520 4192/4784/6519 3826/4802/6476
f 3828/4823/6478 4190/4814/6521 4191/4801/6520 3827/4815/6477
s 124
f 4815/4834/6479 4817/4829/6522 4818/4821/6523 4816/4828/6480
s 112
f 3830/6943/6481 4188/6938/6524 4189/6937/6525 3829/6944/6482
f 3831/6957/6526 4186/6951/6527 4585/6946/6528 4586/6952/6529
s 114
f 3834/4959/6487 3807/5004/6446 4184/5005/6489 4185/4960/6530
f 3836/5026/6531 4251/5027/6532 4252/5008/6533 3835/5007/6534
f 3837/5042/6535 4250/5043/6536 4251/5027/6532 3836/5026/6531
f 3838/5056/6537 4249/5057/6538 4250/5043/6536 3837/5042/6535
f 4248/5069/6539 4249/5057/6538 3838/5056/6537 3839/5068/6540
f 4247/5080/6541 4248/5069/6539 3839/5068/6540 3840/5079/6542
s 129
f 4612/7064/6543 4613/7058/6544 4247/7057/6545 3840/7065/6546
s 119
f 4015/5112/6547 4274/5111/6548 4275/5110/6549 4016/5113/6550
s 115
f 3844/4656/6551 4270/4632/6552 4271/4655/6553 3843/4679/6554
f 3845/4633/6555 4269/4609/6556 4270/4632/6552 3844/4656/6551
f 3846/4610/6557 4268/4586/6558 4269/4609/6556 3845/4633/6555
f 3847/4587/6559 4267/4562/6560 4268/4586/6558 3846/4610/6557
s 221
f 4733/4565/6561 4734/4538/6562 4899/4537/6563 4900/4566/6564
f 4737/4582/6565 4738/4557/6566 4734/4538/6562 4733/4565/6561
f 4739/4605/6567 4740/4581/6568 4738/4557/6566 4737/4582/6565
f 4741/4628/6569 4742/4604/6570 4740/4581/6568 4739/4605/6567
s 121
f 3849/4649/6571 4265/4625/6572 4266/4602/6573 3848/4626/6574
f 3850/4672/6575 4264/4648/6576 4265/4625/6572 3849/4649/6571
f 3851/4694/6577 4263/4671/6578 4264/4648/6576 3850/4672/6575
f 3852/4716/6579 4262/4693/6580 4263/4671/6578 3851/4694/6577
f 3853/4733/6581 4261/4715/6582 4262/4693/6580 3852/4716/6579
f 3854/4750/6583 4260/4732/6584 4261/4715/6582 3853/4733/6581
f 3855/4766/6585 4259/4749/6586 4260/4732/6584 3854/4750/6583
f 3856/4782/6587 4258/4765/6588 4259/4749/6586 3855/4766/6585
s 124
f 4819/4813/6589 4820/4799/6590 4821/4780/6591 4822/4798/6592
s 112
f 3858/6925/6593 4256/6920/6594 4257/6919/6595 3857/6926/6596
f 3859/6939/6597 4254/6933/6598 4582/6928/6599 4583/6934/6600
s 114
f 3860/4962/6601 3835/5007/6534 4252/5008/6533 4253/4963/6602
f 3862/5029/6603 4319/5030/6604 4320/5011/6605 3861/5010/6606
f 3863/5045/6607 4318/5046/6608 4319/5030/6604 3862/5029/6603
f 3864/5059/6609 4317/5060/6610 4318/5046/6608 3863/5045/6607
f 4316/5072/6611 4317/5060/6610 3864/5059/6609 3865/5071/6612
f 4315/5083/6613 4316/5072/6611 3865/5071/6612 3866/5082/6614
s 129
f 4615/7041/6615 4616/7033/6616 4315/7032/6617 3866/7042/6618
s 119
f 4017/5106/6619 4342/5105/6620 4343/5104/6621 4018/5107/6622
s 115
f 3870/4584/6623 4338/4559/6624 4339/4583/6625 3869/4607/6626
f 3871/4560/6627 4337/4532/6628 4338/4559/6624 3870/4584/6623
f 3872/4533/6629 4336/4507/6630 4337/4532/6628 3871/4560/6627
f 3873/4508/6631 4335/4482/6632 4336/4507/6630 3872/4533/6629
s 221
f 4743/4485/6633 4744/4463/6634 4896/4462/6635 4897/4486/6636
f 4747/4503/6637 4748/4477/6638 4744/4463/6634 4743/4485/6633
f 4749/4528/6639 4750/4502/6640 4748/4477/6638 4747/4503/6637
f 4751/4555/6641 4752/4527/6642 4750/4502/6640 4749/4528/6639
s 121
f 3875/4577/6643 4333/4552/6644 4334/4525/6645 3874/4553/6646
f 3876/4600/6647 4332/4576/6648 4333/4552/6644 3875/4577/6643
f 3877/4623/6649 4331/4599/6650 4332/4576/6648 3876/4600/6647
f 3878/4646/6651 4330/4622/6652 4331/4599/6650 3877/4623/6649
f 3879/4669/6653 4329/4645/6654 4330/4622/6652 3878/4646/6651
f 3880/4691/6655 4328/4668/6656 4329/4645/6654 3879/4669/6653
f 3881/4713/6657 4327/4690/6658 4328/4668/6656 3880/4691/6655
f 3882/4730/6659 4326/4712/6660 4327/4690/6658 3881/4713/6657
s 124
f 4823/4764/6661 4824/4747/6662 4825/4728/6663 4826/4746/6664
s 112
f 3884/6907/6665 4324/6902/6666 4325/6901/6667 3883/6908/6668
f 3885/6921/6669 4322/6915/6670 4579/6910/6671 4580/6916/6672
s 114
f 3886/4965/6673 3861/5010/6606 4320/5011/6605 4321/4966/6674
f 3888/5032/6675 4387/5016/6676 4388/5014/6677 3887/5013/6678
f 3889/5033/6679 4386/5017/6680 4387/5016/6676 3888/5032/6675
f 3890/5036/6681 4385/5020/6682 4386/5017/6680 3889/5033/6679
f 4384/5034/6683 4385/5020/6682 3890/5036/6681 3891/5048/6684
f 4383/5049/6685 4384/5034/6683 3891/5048/6684 3892/5062/6686
s 129
f 4618/7017/6687 4619/7011/6688 4383/7010/6689 3892/7018/6690
s 119
f 4019/5100/6691 4410/5099/6692 4411/5098/6693 4020/5101/6694
s 115
f 3896/4505/6695 4406/4479/6696 4407/4504/6697 3895/4530/6698
f 3897/4480/6699 4405/4457/6700 4406/4479/6696 3896/4505/6695
f 3898/4458/6701 4404/4435/6702 4405/4457/6700 3897/4480/6699
f 3899/4436/6703 4403/4413/6704 4404/4435/6702 3898/4458/6701
s 221
f 4753/4416/6705 4754/4391/6706 4893/4390/6707 4894/4417/6708
f 4757/4430/6709 4758/4404/6710 4754/4391/6706 4753/4416/6705
f 4759/4453/6711 4760/4429/6712 4758/4404/6710 4757/4430/6709
f 4761/4475/6713 4762/4452/6714 4760/4429/6712 4759/4453/6711
s 121
f 3901/4498/6715 4401/4472/6716 4402/4450/6717 3900/4473/6718
f 3902/4523/6719 4400/4497/6720 4401/4472/6716 3901/4498/6715
f 3903/4550/6721 4399/4522/6722 4400/4497/6720 3902/4523/6719
f 3904/4574/6723 4398/4549/6724 4399/4522/6722 3903/4550/6721
f 3905/4597/6725 4397/4573/6726 4398/4549/6724 3904/4574/6723
f 3906/4620/6727 4396/4596/6728 4397/4573/6726 3905/4597/6725
f 3907/4643/6729 4395/4619/6730 4396/4596/6728 3906/4620/6727
f 3908/4666/6731 4394/4642/6732 4395/4619/6730 3907/4643/6729
s 124
f 4827/4711/6733 4828/4688/6734 4829/4664/6735 4830/4687/6736
s 112
f 3910/6889/6737 4392/6884/6738 4393/6883/6739 3909/6890/6740
f 3911/6903/6741 4390/6897/6742 4576/6892/6743 4577/6898/6744
s 114
f 3912/4968/6745 3887/5013/6678 4388/5014/6677 4389/4969/6746
f 3914/4952/6747 4455/4874/6748 4456/4950/6749 3913/4996/6750
f 3915/4951/6751 4454/4875/6752 4455/4874/6748 3914/4952/6747
f 3916/4955/6753 4453/4878/6754 4454/4875/6752 3915/4951/6751
f 4452/4953/6755 4453/4878/6754 3916/4955/6753 3917/4999/6756
f 4451/5000/6757 4452/4953/6755 3917/4999/6756 3918/5019/6758
s 129
f 4621/6993/6759 4622/6987/6760 4451/6986/6761 3918/6994/6762
s 119
f 4021/5094/6763 4478/5093/6764 4479/5092/6765 4022/5095/6766
s 115
f 3922/4433/6767 4474/4410/6768 4475/4432/6769 3921/4455/6770
f 3923/4411/6771 4473/4385/6772 4474/4410/6768 3922/4433/6767
f 3924/4386/6773 4472/4358/6774 4473/4385/6772 3923/4411/6771
f 3925/4359/6775 4471/4334/6776 4472/4358/6774 3924/4386/6773
s 221
f 4763/4337/6777 4764/4318/6778 4890/4317/6779 4891/4338/6780
f 4767/4348/6781 4768/4324/6782 4764/4318/6778 4763/4337/6777
f 4769/4376/6783 4770/4347/6784 4768/4324/6782 4767/4348/6781
f 4771/4402/6785 4772/4375/6786 4770/4347/6784 4769/4376/6783
s 121
f 3927/4425/6787 4469/4399/6788 4470/4373/6789 3926/4400/6790
f 3928/4448/6791 4468/4424/6792 4469/4399/6788 3927/4425/6787
f 3929/4470/6793 4467/4447/6794 4468/4424/6792 3928/4448/6791
f 3930/4495/6795 4466/4469/6796 4467/4447/6794 3929/4470/6793
f 3931/4520/6797 4465/4494/6798 4466/4469/6796 3930/4495/6795
f 3932/4547/6799 4464/4519/6800 4465/4494/6798 3931/4520/6797
f 3933/4571/6801 4463/4546/6802 4464/4519/6800 3932/4547/6799
f 3934/4594/6803 4462/4570/6804 4463/4546/6802 3933/4571/6801
s 124
f 4831/4641/6805 4832/4617/6806 4833/4592/6807 4834/4616/6808
s 112
f 3936/6870/6809 4460/6865/6810 4461/6864/6811 3935/6871/6812
f 3937/6885/6813 4458/6881/6814 4573/6873/6815 4574/6879/6816
s 114
f 3938/4971/6817 3913/4996/6750 4456/4950/6749 4457/4956/6818
f 3940/4857/6819 3968/4851/5174 3967/4855/5188 3939/4863/6820
f 3941/4856/6821 3969/4848/5171 3968/4851/5174 3940/4857/6819
f 3942/4860/6822 3970/4852/5181 3969/4848/5171 3941/4856/6821
f 3971/4858/5211 3970/4852/5181 3942/4860/6822 3943/4866/6823
f 3972/4867/5213 3971/4858/5211 3943/4866/6823 3944/4877/6824
s 129
f 4624/6976/6825 4625/6970/5279 3972/6973/5282 3944/6977/6826
s 119
f 4023/5088/6827 4005/5084/5207 4008/5087/5210 4024/5089/6828
s 115
f 3948/4356/6829 3976/4331/5178 3975/4355/5180 3947/4383/6830
f 3949/4332/6831 3977/4312/5175 3976/4331/5178 3948/4356/6829
f 3950/4313/6832 3978/4299/5186 3977/4312/5175 3949/4332/6831
f 3951/4300/6833 3979/4290/5183 3978/4299/5186 3950/4313/6832
s 259
f 4704/4284/6834 4661/4276/6835 4886/4279/6836 4887/4285/6837
f 4706/4288/6838 4669/4280/6839 4661/4276/6835 4704/4284/6834
f 4707/4296/6840 4668/4286/6841 4669/4280/6839 4706/4288/6838
f 4708/4306/6842 4665/4294/6843 4668/4286/6841 4707/4296/6840
s 121
f 3953/4343/6844 3981/4319/5249 3980/4304/5252 3952/4321/6845
f 3954/4367/6846 3982/4339/5256 3981/4319/5249 3953/4343/6844
f 3955/4395/6847 3983/4364/5222 3982/4339/5256 3954/4367/6846
f 3956/4421/6848 3984/4392/5219 3983/4364/5222 3955/4395/6847
f 3957/4444/6849 3985/4418/5230 3984/4392/5219 3956/4421/6848
f 3958/4467/6850 3986/4441/5227 3985/4418/5230 3957/4444/6849
f 3959/4490/6851 3987/4464/5244 3986/4441/5227 3958/4467/6850
f 3960/4516/6852 3988/4487/5241 3987/4464/5244 3959/4490/6851
s 124
f 4835/4568/6853 4807/4540/5235 4810/4513/5238 4836/4539/6854
s 112
f 3962/6848/6855 3990/6838/5163 3989/6841/5166 3961/6849/6856
s off
f 4649/7152/6857 4650/7153/6858 4651/7154/6859 4652/7155/6860
s 114
f 3966/4870/6861 3939/4863/6820 3967/4855/5188 4004/4861/5187
s 260
f 3975/7156/6862 3343/7157/6863 4110/7158/6864 4111/7159/6865
s 261
f 3343/2446/6866 3366/2447/6867 4109/2448/6868 4110/2449/6869
s 262
f 3366/6984/6870 3974/6983/6871 4128/6988/6872 4109/6989/6873
s 260
f 3342/7231/6874 3777/7227/6875 4118/7228/6876 4119/7232/6877
s 264
f 3776/7121/6878 3367/7120/6879 4120/7126/6880 4121/7122/6881
s 265
f 3367/2454/6882 3342/2455/6883 4119/2456/6884 4120/2457/6885
s 260
f 3777/7227/6875 3815/7223/6886 4117/7224/6887 4118/7228/6876
s off
f 4129/7236/6888 4130/7237/6889 4131/7238/6890 4132/7239/6891
s 260
f 3815/7223/6886 4203/7220/6892 4204/7219/6893 4117/7224/6887
s 264
f 4210/7108/6894 3814/7107/6895 4122/7112/6896 4209/7113/6897
s 260
f 3843/7211/6898 4271/7208/6899 4272/7207/6900 4116/7212/6901
s 268
f 4485/7244/6902 4486/7245/6903 4487/7246/6904 4488/7247/6905
s 260
f 3869/7199/6906 4339/7196/6907 4340/7195/6908 4115/7200/6909
s 270
f 4346/7060/6910 3868/7059/6911 4124/7066/6912 4345/7067/6913
s 260
f 3895/7187/6914 4407/7184/6915 4408/7183/6916 4114/7188/6917
s 272
f 4497/7256/6918 4498/7257/6919 4499/7258/6920 4500/7259/6921
s 260
f 3921/7175/6922 4475/7172/6923 4476/7171/6924 4113/7176/6925
s 274
f 4482/7015/6926 3920/7014/6927 4126/7020/6928 4481/7021/6929
s 260
f 3947/7162/6930 3975/7156/6862 4111/7159/6865 4112/7163/6931
s off
f 4137/7268/6932 4138/7269/6933 4139/7270/6934 4140/7271/6935
f 3469/2136/6936 3470/2139/6937 4025/2142/6938 4026/2143/6939
f 3470/7276/6940 3572/7277/6941 4027/7278/6942 4025/7279/6943
f 3572/2190/6944 3570/2186/6945 4028/2196/6946 4027/2197/6947
f 3570/7136/6948 3469/7135/6949 4026/7138/6950 4028/7139/6951
f 3509/2462/6952 3510/2463/6953 4029/2464/6954 4030/2465/6955
f 3510/7280/6956 3652/7281/6957 4031/7282/6958 4029/7283/6959
f 3652/2301/6960 3650/2295/6961 4032/2308/6962 4031/2309/6963
f 3650/7286/6964 3509/7287/6965 4030/7288/6966 4032/7289/6967
s 264
f 4034/7123/6968 4033/7127/6969 4012/7129/6970 4011/7128/6971
f 4035/7118/6972 4034/7123/6968 4011/7128/6971 4014/7124/6973
f 4208/7119/6974 4035/7118/6972 4014/7124/6973 4207/7125/6975
s 268
f 4490/7251/6976 4489/7250/6977 4491/7254/6978 4492/7255/6979
s 270
f 4344/7076/6980 4037/7075/6981 4018/7082/6982 4343/7083/6983
s 272
f 4502/7263/6984 4501/7262/6985 4503/7266/6986 4504/7267/6987
s 274
f 4480/7028/6988 4039/7027/6989 4022/7034/6990 4479/7035/6991
s 262
f 4041/6995/6992 4040/7003/6993 4024/7013/6994 4008/7004/6995
f 4042/6996/6996 4041/6995/6992 4008/7004/6995 4007/7005/6997
s 261
f 4043/2451/6998 4042/2450/6999 4007/2452/7000 4006/2453/7001
s 260
f 4044/7161/7002 4043/7160/7003 4006/7164/7004 4005/7165/7005
f 4045/7166/7006 4044/7161/7002 4005/7165/7005 4023/7169/7007
f 4046/7178/7008 4477/7174/7009 4478/7177/7010 4021/7181/7011
f 4047/7190/7012 4409/7186/7013 4410/7189/7014 4019/7193/7015
f 4048/7202/7016 4341/7198/7017 4342/7201/7018 4017/7205/7019
f 4049/7214/7020 4273/7210/7021 4274/7213/7022 4015/7217/7023
f 4050/7226/7024 4205/7222/7025 4206/7225/7026 4013/7229/7027
f 4051/7230/7028 4050/7226/7024 4013/7229/7027 4010/7233/7029
f 4052/7234/7030 4051/7230/7028 4010/7233/7029 4009/7235/7031
s 265
f 4033/2459/7032 4052/2458/7033 4009/2460/7034 4012/2461/7035
s off
f 3367/7120/7036 3776/7121/7037 3775/7115/7038 3419/7114/7039
f 4130/7237/7040 4129/7236/7041 4133/7240/7042 4134/7241/7043
f 3814/7107/7044 4210/7108/7045 4211/7099/7046 3813/7098/7047
f 4486/7245/7048 4485/7244/7049 4493/7248/7050 4494/7249/7051
f 3868/7059/7052 4346/7060/7053 4347/7051/7054 3867/7050/7055
f 4498/7257/7056 4497/7256/7057 4505/7260/7058 4506/7261/7059
f 3920/7014/7060 4482/7015/7061 4483/7007/7062 3919/7006/7063
f 4138/7269/7064 4137/7268/7065 4141/7272/7066 4142/7273/7067
f 3974/6983/7068 3366/6984/7069 3418/6979/7070 3973/6978/7071
s 127
f 3418/2043/7072 3417/2037/7073 4054/2029/7074 4053/2038/7075
f 3417/2037/7073 3416/2032/7076 4055/2023/7077 4054/2029/7074
f 4056/2015/7078 4055/2023/7077 3416/2032/7076 3415/2024/7079
f 4057/2007/7080 4056/2015/7078 3415/2024/7079 3414/2016/7081
f 4058/1999/7082 4057/2007/7080 3414/2016/7081 3413/2008/7083
f 4059/1991/7084 4058/1999/7082 3413/2008/7083 3412/2000/7085
f 4060/1975/7086 4874/1983/7087 4875/1992/7088 3411/1984/7089
f 4061/1969/7090 4060/1975/7086 3411/1984/7089 3410/1976/7091
f 4062/1970/7092 4061/1969/7090 3410/1976/7091 3409/1977/7093
f 4063/1978/7094 4062/1970/7092 3409/1977/7093 3448/1985/7095
f 4064/1986/7096 4063/1978/7094 3448/1985/7095 3447/1993/7097
f 4065/1994/7098 4064/1986/7096 3447/1993/7097 3446/2001/7099
f 4066/2002/7100 4065/1994/7098 3446/2001/7099 3445/2009/7101
f 4067/2010/7102 4066/2002/7100 3445/2009/7101 3444/2017/7103
f 4068/2018/7104 4067/2010/7102 3444/2017/7103 3443/2025/7105
f 4069/2026/7106 4068/2018/7104 3443/2025/7105 3442/2033/7107
f 4070/2034/7108 4069/2026/7106 3442/2033/7107 3441/2039/7109
f 4071/2040/7110 4070/2034/7108 3441/2039/7109 3440/2044/7111
f 4072/2045/7112 4071/2040/7110 3440/2044/7111 3439/2046/7113
s 112
f 4073/6842/7114 4072/6843/7115 3439/6839/5164 3990/6838/5163
f 4074/6852/7116 4073/6842/7114 3990/6838/5163 3962/6848/6855
f 4075/6872/7117 4459/6866/7118 4460/6865/6810 3936/6870/6809
f 4076/6893/7119 4391/6887/7120 4392/6884/6738 3910/6889/6737
f 4077/6911/7121 4323/6905/7122 4324/6902/6666 3884/6907/6665
f 4078/6929/7123 4255/6923/7124 4256/6920/6594 3858/6925/6593
f 4079/6947/7125 4187/6941/7126 4188/6938/6524 3830/6943/6481
f 4080/6953/7127 4079/6947/7125 3830/6943/6481 3792/6949/6406
f 4081/6958/7128 4080/6953/7127 3792/6949/6406 3438/6955/6405
s 130
f 3438/2130/7129 3437/2128/7130 4082/2125/7131 4081/2129/7132
f 3437/2128/7130 3436/2124/7133 4083/2121/7134 4082/2125/7131
f 3436/2124/7133 3435/2120/7135 4084/2117/7136 4083/2121/7134
f 3435/2120/7135 3434/2116/7137 4085/2113/7138 4084/2117/7136
f 3434/2116/7137 3433/2112/7139 4086/2109/7140 4085/2113/7138
f 3433/2112/7139 3432/2108/7141 4087/2105/7142 4086/2109/7140
f 3432/2108/7141 3431/2104/7143 4088/2101/7144 4087/2105/7142
f 4089/2097/7145 4088/2101/7144 3431/2104/7143 3430/2100/7146
f 3430/2100/7146 3429/2096/7147 4090/2093/7148 4089/2097/7145
f 3429/2096/7147 3428/2092/7149 4091/2089/7150 4090/2093/7148
f 3428/2092/7149 3427/2088/7151 4092/2085/7152 4091/2089/7150
f 3427/2088/7151 3426/2084/7153 4093/2081/7154 4092/2085/7152
f 3426/2084/7153 4916/2080/7155 4917/2077/7156 4093/2081/7154
f 3425/2076/7157 3424/2072/7158 4095/2069/7159 4094/2073/7160
f 3424/2072/7158 3423/2068/7161 4096/2065/7162 4095/2069/7159
f 3423/2068/7161 3422/2064/7163 4097/2060/7164 4096/2065/7162
f 3422/2064/7163 3421/2063/7165 4098/2057/7166 4097/2060/7164
f 4099/2053/7167 4098/2057/7166 3421/2063/7165 3420/2058/7168
f 4100/2054/7169 4099/2053/7167 3420/2058/7168 3419/2059/7170
s 129
f 3419/7114/7171 3775/7115/7172 4101/7100/7173 4100/7109/7174
s off
f 4134/7241/7175 4133/7240/7176 4135/7242/7177 4136/7243/7178
s 129
f 3813/7098/7179 4211/7099/7180 4212/7084/7181 4102/7091/7182
s off
f 4494/7249/7183 4493/7248/7184 4495/7252/7185 4496/7253/7186
s 129
f 3867/7050/7187 4347/7051/7188 4348/7036/7189 4104/7043/7190
s off
f 4506/7261/7191 4505/7260/7192 4507/7264/7193 4508/7265/7194
s 129
f 3919/7006/7195 4483/7007/7196 4484/6990/7197 4106/6997/7198
s off
f 4142/7273/7199 4141/7272/7200 4143/7274/7201 4144/7275/7202
s 129
f 3973/6978/7203 3418/6979/7204 4053/6975/7205 4108/6974/7206
s 261
f 4110/2449/6869 4109/2448/6868 4042/2450/6999 4043/2451/6998
s 260
f 4111/7159/6865 4110/7158/6864 4043/7160/7003 4044/7161/7002
f 4112/7163/6931 4111/7159/6865 4044/7161/7002 4045/7166/7006
f 4113/7176/6925 4476/7171/6924 4477/7174/7009 4046/7178/7008
f 4114/7188/6917 4408/7183/6916 4409/7186/7013 4047/7190/7012
f 4115/7200/6909 4340/7195/6908 4341/7198/7017 4048/7202/7016
f 4116/7212/6901 4272/7207/6900 4273/7210/7021 4049/7214/7020
f 4117/7224/6887 4204/7219/6893 4205/7222/7025 4050/7226/7024
f 4118/7228/6876 4117/7224/6887 4050/7226/7024 4051/7230/7028
f 4119/7232/6877 4118/7228/6876 4051/7230/7028 4052/7234/7030
s 265
f 4120/2457/6885 4119/2456/6884 4052/2458/7033 4033/2459/7032
s 264
f 4121/7122/6881 4120/7126/6880 4033/7127/6969 4034/7123/6968
f 4122/7112/6896 4121/7122/6881 4034/7123/6968 4035/7118/6972
f 4209/7113/6897 4122/7112/6896 4035/7118/6972 4208/7119/6974
s 268
f 4488/7247/6905 4487/7246/6904 4489/7250/6977 4490/7251/6976
s 270
f 4345/7067/6913 4124/7066/6912 4037/7075/6981 4344/7076/6980
s 272
f 4500/7259/6921 4499/7258/6920 4501/7262/6985 4502/7263/6984
s 274
f 4481/7021/6929 4126/7020/6928 4039/7027/6989 4480/7028/6988
s 262
f 4128/6988/6872 4127/7002/7207 4040/7003/6993 4041/6995/6992
f 4109/6989/6873 4128/6988/6872 4041/6995/6992 4042/6996/6996
s 279
f 3776/2466/7208 4121/2467/7209 4131/2468/7210 4130/2469/7211
s off
f 4121/5308/7212 4122/5309/7213 4132/5310/7214 4131/5311/7215
s 280
f 4122/2474/7216 3814/2475/7217 4129/2476/7218 4132/2477/7219
f 3814/2475/7217 3813/2478/7220 4133/2479/7221 4129/2476/7218
s 279
f 3775/2470/7222 3776/2466/7208 4130/2469/7211 4134/2471/7223
s 280
f 3813/2478/7220 4102/2480/7224 4135/2481/7225 4133/2479/7221
s off
f 4102/5312/7226 4101/5313/7227 4136/5314/7228 4135/5315/7229
s 279
f 4101/2472/7230 3775/2470/7222 4134/2471/7223 4136/2473/7231
s 281
f 3946/2482/7232 4127/2483/7233 4139/2484/7234 4138/2485/7235
s off
f 4127/5316/7236 4128/5317/7237 4140/5318/7238 4139/5319/7239
s 282
f 4128/2490/7240 3974/2491/7241 4137/2492/7242 4140/2493/7243
f 3974/2491/7241 3973/2494/7244 4141/2495/7245 4137/2492/7242
s 281
f 3945/2486/7246 3946/2482/7232 4138/2485/7235 4142/2487/7247
s 282
f 3973/2494/7244 4108/2496/7248 4143/2497/7249 4141/2495/7245
s off
f 4108/5320/7250 4107/5321/7251 4144/5322/7252 4143/5323/7253
s 281
f 4107/2488/7254 3945/2486/7246 4142/2487/7247 4144/2489/7255
s 114
f 3840/5079/6542 3839/5068/6540 4146/5067/7256 4145/5078/7257
f 3839/5068/6540 3838/5056/6537 4147/5055/7258 4146/5067/7256
f 4148/5041/7259 4147/5055/7258 3838/5056/6537 3837/5042/6535
f 4149/5025/7260 4148/5041/7259 3837/5042/6535 3836/5026/6531
f 4150/5006/7261 4149/5025/7260 3836/5026/6531 3835/5007/6534
f 4151/4961/7262 4150/5006/7261 3835/5007/6534 3860/4962/6601
s 112
f 4584/6940/7263 4152/6945/7264 3859/6939/6597 4583/6934/6600
f 4154/6932/7265 4153/6935/7266 4078/6929/7123 3858/6925/6593
f 4155/6931/7267 4154/6932/7265 3858/6925/6593 3857/6926/6596
s 124
f 4838/4812/7268 4837/4822/7269 4819/4813/6589 4822/4798/6592
s 121
f 4157/4783/7270 4156/4800/7271 3856/4782/6587 3855/4766/6585
f 4158/4767/7272 4157/4783/7270 3855/4766/6585 3854/4750/6583
f 4159/4751/7273 4158/4767/7272 3854/4750/6583 3853/4733/6581
f 4160/4734/7274 4159/4751/7273 3853/4733/6581 3852/4716/6579
f 4161/4717/7275 4160/4734/7274 3852/4716/6579 3851/4694/6577
f 4162/4695/7276 4161/4717/7275 3851/4694/6577 3850/4672/6575
f 4163/4673/7277 4162/4695/7276 3850/4672/6575 3849/4649/6571
f 4164/4650/7278 4163/4673/7277 3849/4649/6571 3848/4626/6574
s 221
f 4774/4629/7279 4773/4652/7280 4741/4628/6569 4739/4605/6567
f 4775/4606/7281 4774/4629/7279 4739/4605/6567 4737/4582/6565
f 4776/4591/7282 4775/4606/7281 4737/4582/6565 4733/4565/6561
f 4901/4590/7283 4776/4591/7282 4733/4565/6561 4900/4566/6564
s 115
f 4166/4634/7284 4165/4611/7285 3847/4587/6559 3846/4610/6557
f 4167/4657/7286 4166/4634/7284 3846/4610/6557 3845/4633/6555
f 4168/4680/7287 4167/4657/7286 3845/4633/6555 3844/4656/6551
f 4169/4702/7288 4168/4680/7287 3844/4656/6551 3843/4679/6554
s 260
f 4170/7215/7289 4169/7216/7290 3843/7211/6898 4116/7212/6901
f 4171/7218/7291 4170/7215/7289 4116/7212/6901 4049/7214/7020
f 4172/7221/7292 4171/7218/7291 4049/7214/7020 4015/7217/7023
s 119
f 4173/5114/7293 4172/5115/7294 4015/5112/6547 4016/5113/6550
s 283
f 4036/7111/7295 4174/7110/7296 4173/7116/7297 4016/7117/7298
f 4123/7102/7299 4175/7101/7300 4174/7110/7296 4036/7111/7295
f 3842/7093/7301 4176/7092/7302 4175/7101/7300 4123/7102/7299
s off
f 4177/7085/7303 4176/7092/7304 3842/7093/7305 3841/7086/7306
s 129
f 4178/7077/7307 4177/7085/7308 3841/7086/7309 4103/7068/7310
f 4145/7073/7311 4611/7074/7312 4612/7064/6543 3840/7065/6546
s 114
f 4145/5078/7257 4146/5067/7256 4180/5066/6492 4179/5077/6493
f 4146/5067/7256 4147/5055/7258 4181/5054/6491 4180/5066/6492
f 4182/5040/6490 4181/5054/6491 4147/5055/7258 4148/5041/7259
f 4183/5024/6488 4182/5040/6490 4148/5041/7259 4149/5025/7260
f 4184/5005/6489 4183/5024/6488 4149/5025/7260 4150/5006/7261
f 4185/4960/6530 4184/5005/6489 4150/5006/7261 4151/4961/7262
s 112
f 4585/6946/6528 4186/6951/6527 4152/6945/7264 4584/6940/7263
f 4188/6938/6524 4187/6941/7126 4153/6935/7266 4154/6932/7265
f 4189/6937/6525 4188/6938/6524 4154/6932/7265 4155/6931/7267
s 124
f 4818/4821/6523 4817/4829/6522 4837/4822/7269 4838/4812/7268
s 121
f 4191/4801/6520 4190/4814/6521 4156/4800/7271 4157/4783/7270
f 4192/4784/6519 4191/4801/6520 4157/4783/7270 4158/4767/7272
f 4193/4768/6518 4192/4784/6519 4158/4767/7272 4159/4751/7273
f 4194/4752/6517 4193/4768/6518 4159/4751/7273 4160/4734/7274
f 4195/4735/6516 4194/4752/6517 4160/4734/7274 4161/4717/7275
f 4196/4718/6515 4195/4735/6516 4161/4717/7275 4162/4695/7276
f 4197/4696/6513 4196/4718/6515 4162/4695/7276 4163/4673/7277
f 4198/4674/6514 4197/4696/6513 4163/4673/7277 4164/4650/7278
s 221
f 4730/4653/6510 4732/4676/6512 4773/4652/7280 4774/4629/7279
f 4728/4630/6508 4730/4653/6510 4774/4629/7279 4775/4606/7281
f 4724/4615/6504 4728/4630/6508 4775/4606/7281 4776/4591/7282
f 4902/4614/6505 4724/4615/6504 4776/4591/7282 4901/4590/7283
s 115
f 4200/4658/6501 4199/4635/6502 4165/4611/7285 4166/4634/7284
f 4201/4681/6500 4200/4658/6501 4166/4634/7284 4167/4657/7286
f 4202/4703/6498 4201/4681/6500 4167/4657/7286 4168/4680/7287
f 4203/4724/6499 4202/4703/6498 4168/4680/7287 4169/4702/7288
s 260
f 4204/7219/6893 4203/7220/6892 4169/7216/7290 4170/7215/7289
f 4205/7222/7025 4204/7219/6893 4170/7215/7289 4171/7218/7291
f 4206/7225/7026 4205/7222/7025 4171/7218/7291 4172/7221/7292
s 119
f 4207/5116/6497 4206/5117/6496 4172/5115/7294 4173/5114/7293
s 285
f 4510/7290/7313 4509/7291/7314 4511/7292/7315 4512/7293/7316
f 4514/7294/7317 4513/7295/7318 4509/7291/7314 4510/7290/7313
f 4515/7296/7319 4516/7297/7320 4513/7295/7318 4514/7294/7317
s off
f 4517/7298/7321 4516/7297/7322 4515/7296/7323 4518/7299/7324
f 4519/7300/7325 4517/7298/7326 4518/7299/7327 4520/7301/7328
s 129
f 4179/7080/6495 4610/7081/6494 4611/7074/7312 4145/7073/7311
s 114
f 3866/5082/6614 3865/5071/6612 4214/5070/7329 4213/5081/7330
f 3865/5071/6612 3864/5059/6609 4215/5058/7331 4214/5070/7329
f 4216/5044/7332 4215/5058/7331 3864/5059/6609 3863/5045/6607
f 4217/5028/7333 4216/5044/7332 3863/5045/6607 3862/5029/6603
f 4218/5009/7334 4217/5028/7333 3862/5029/6603 3861/5010/6606
f 4219/4964/7335 4218/5009/7334 3861/5010/6606 3886/4965/6673
s 112
f 4581/6922/7336 4220/6927/7337 3885/6921/6669 4580/6916/6672
f 4222/6914/7338 4221/6917/7339 4077/6911/7121 3884/6907/6665
f 4223/6913/7340 4222/6914/7338 3884/6907/6665 3883/6908/6668
s 124
f 4840/4763/7341 4839/4781/7342 4823/4764/6661 4826/4746/6664
s 121
f 4225/4731/7343 4224/4748/7344 3882/4730/6659 3881/4713/6657
f 4226/4714/7345 4225/4731/7343 3881/4713/6657 3880/4691/6655
f 4227/4692/7346 4226/4714/7345 3880/4691/6655 3879/4669/6653
f 4228/4670/7347 4227/4692/7346 3879/4669/6653 3878/4646/6651
f 4229/4647/7348 4228/4670/7347 3878/4646/6651 3877/4623/6649
f 4230/4624/7349 4229/4647/7348 3877/4623/6649 3876/4600/6647
f 4231/4601/7350 4230/4624/7349 3876/4600/6647 3875/4577/6643
f 4232/4578/7351 4231/4601/7350 3875/4577/6643 3874/4553/6646
s 221
f 4779/4556/7352 4778/4580/7353 4751/4555/6641 4749/4528/6639
f 4780/4529/7354 4779/4556/7352 4749/4528/6639 4747/4503/6637
f 4781/4512/7355 4780/4529/7354 4747/4503/6637 4743/4485/6633
f 4898/4511/7356 4781/4512/7355 4743/4485/6633 4897/4486/6636
s 115
f 4234/4561/7357 4233/4534/7358 3873/4508/6631 3872/4533/6629
f 4235/4585/7359 4234/4561/7357 3872/4533/6629 3871/4560/6627
f 4236/4608/7360 4235/4585/7359 3871/4560/6627 3870/4584/6623
f 4237/4631/7361 4236/4608/7360 3870/4584/6623 3869/4607/6626
s 260
f 4238/7203/7362 4237/7204/7363 3869/7199/6906 4115/7200/6909
f 4239/7206/7364 4238/7203/7362 4115/7200/6909 4048/7202/7016
f 4240/7209/7365 4239/7206/7364 4048/7202/7016 4017/7205/7019
s 119
f 4241/5108/7366 4240/5109/7367 4017/5106/6619 4018/5107/6622
s 286
f 4522/7302/7368 4521/7303/7369 4523/7304/7370 4524/7305/7371
f 4526/7306/7372 4525/7307/7373 4521/7303/7369 4522/7302/7368
f 4527/7308/7374 4528/7309/7375 4525/7307/7373 4526/7306/7372
s off
f 4529/7310/7376 4528/7309/7377 4527/7308/7378 4530/7311/7379
f 4531/7312/7380 4529/7310/7381 4530/7311/7382 4532/7313/7383
s 129
f 4213/7048/7384 4614/7049/7385 4615/7041/6615 3866/7042/6618
s 114
f 4213/5081/7330 4214/5070/7329 4248/5069/6539 4247/5080/6541
f 4214/5070/7329 4215/5058/7331 4249/5057/6538 4248/5069/6539
f 4250/5043/6536 4249/5057/6538 4215/5058/7331 4216/5044/7332
f 4251/5027/6532 4250/5043/6536 4216/5044/7332 4217/5028/7333
f 4252/5008/6533 4251/5027/6532 4217/5028/7333 4218/5009/7334
f 4253/4963/6602 4252/5008/6533 4218/5009/7334 4219/4964/7335
s 112
f 4582/6928/6599 4254/6933/6598 4220/6927/7337 4581/6922/7336
f 4256/6920/6594 4255/6923/7124 4221/6917/7339 4222/6914/7338
f 4257/6919/6595 4256/6920/6594 4222/6914/7338 4223/6913/7340
s 124
f 4821/4780/6591 4820/4799/6590 4839/4781/7342 4840/4763/7341
s 121
f 4259/4749/6586 4258/4765/6588 4224/4748/7344 4225/4731/7343
f 4260/4732/6584 4259/4749/6586 4225/4731/7343 4226/4714/7345
f 4261/4715/6582 4260/4732/6584 4226/4714/7345 4227/4692/7346
f 4262/4693/6580 4261/4715/6582 4227/4692/7346 4228/4670/7347
f 4263/4671/6578 4262/4693/6580 4228/4670/7347 4229/4647/7348
f 4264/4648/6576 4263/4671/6578 4229/4647/7348 4230/4624/7349
f 4265/4625/6572 4264/4648/6576 4230/4624/7349 4231/4601/7350
f 4266/4602/6573 4265/4625/6572 4231/4601/7350 4232/4578/7351
s 221
f 4740/4581/6568 4742/4604/6570 4778/4580/7353 4779/4556/7352
f 4738/4557/6566 4740/4581/6568 4779/4556/7352 4780/4529/7354
f 4734/4538/6562 4738/4557/6566 4780/4529/7354 4781/4512/7355
f 4899/4537/6563 4734/4538/6562 4781/4512/7355 4898/4511/7356
s 115
f 4268/4586/6558 4267/4562/6560 4233/4534/7358 4234/4561/7357
f 4269/4609/6556 4268/4586/6558 4234/4561/7357 4235/4585/7359
f 4270/4632/6552 4269/4609/6556 4235/4585/7359 4236/4608/7360
f 4271/4655/6553 4270/4632/6552 4236/4608/7360 4237/4631/7361
s 260
f 4272/7207/6900 4271/7208/6899 4237/7204/7363 4238/7203/7362
f 4273/7210/7021 4272/7207/6900 4238/7203/7362 4239/7206/7364
f 4274/7213/7022 4273/7210/7021 4239/7206/7364 4240/7209/7365
s 119
f 4275/5110/6549 4274/5111/6548 4240/5109/7367 4241/5108/7366
s 287
f 4242/7095/7386 4276/7094/7387 4275/7103/7388 4241/7104/7389
f 4243/7088/7390 4277/7087/7391 4276/7094/7387 4242/7095/7386
f 4244/7079/7392 4278/7078/7393 4277/7087/7391 4243/7088/7390
s off
f 4279/7069/7394 4278/7078/7395 4244/7079/7396 4245/7070/7397
s 129
f 4280/7061/7398 4279/7069/7399 4245/7070/7400 4246/7052/7401
f 4247/7057/6545 4613/7058/6544 4614/7049/7385 4213/7048/7384
s 114
f 3892/5062/6686 3891/5048/6684 4282/5061/7402 4281/5073/7403
f 3891/5048/6684 3890/5036/6681 4283/5050/7404 4282/5061/7402
f 4284/5047/7405 4283/5050/7404 3890/5036/6681 3889/5033/6679
f 4285/5031/7406 4284/5047/7405 3889/5033/6679 3888/5032/6675
f 4286/5012/7407 4285/5031/7406 3888/5032/6675 3887/5013/6678
f 4287/4967/7408 4286/5012/7407 3887/5013/6678 3912/4968/6745
s 112
f 4578/6904/7409 4288/6909/7410 3911/6903/6741 4577/6898/6744
f 4290/6896/7411 4289/6899/7412 4076/6893/7119 3910/6889/6737
f 4291/6895/7413 4290/6896/7411 3910/6889/6737 3909/6890/6740
s 124
f 4842/4710/7414 4841/4729/7415 4827/4711/6733 4830/4687/6736
s 121
f 4293/4667/7416 4292/4689/7417 3908/4666/6731 3907/4643/6729
f 4294/4644/7418 4293/4667/7416 3907/4643/6729 3906/4620/6727
f 4295/4621/7419 4294/4644/7418 3906/4620/6727 3905/4597/6725
f 4296/4598/7420 4295/4621/7419 3905/4597/6725 3904/4574/6723
f 4297/4575/7421 4296/4598/7420 3904/4574/6723 3903/4550/6721
f 4298/4551/7422 4297/4575/7421 3903/4550/6721 3902/4523/6719
f 4299/4524/7423 4298/4551/7422 3902/4523/6719 3901/4498/6715
f 4300/4499/7424 4299/4524/7423 3901/4498/6715 3900/4473/6718
s 221
f 4784/4476/7425 4783/4501/7426 4761/4475/6713 4759/4453/6711
f 4785/4454/7427 4784/4476/7425 4759/4453/6711 4757/4430/6709
f 4786/4440/7428 4785/4454/7427 4757/4430/6709 4753/4416/6705
f 4895/4439/7429 4786/4440/7428 4753/4416/6705 4894/4417/6708
s 115
f 4302/4481/7430 4301/4459/7431 3899/4436/6703 3898/4458/6701
f 4303/4506/7432 4302/4481/7430 3898/4458/6701 3897/4480/6699
f 4304/4531/7433 4303/4506/7432 3897/4480/6699 3896/4505/6695
f 4305/4558/7434 4304/4531/7433 3896/4505/6695 3895/4530/6698
s 260
f 4306/7191/7435 4305/7192/7436 3895/7187/6914 4114/7188/6917
f 4307/7194/7437 4306/7191/7435 4114/7188/6917 4047/7190/7012
f 4308/7197/7438 4307/7194/7437 4047/7190/7012 4019/7193/7015
s 119
f 4309/5102/7439 4308/5103/7440 4019/5100/6691 4020/5101/6694
s 289
f 4038/7063/7441 4310/7062/7442 4309/7071/7443 4020/7072/7444
f 4125/7054/7445 4311/7053/7446 4310/7062/7442 4038/7063/7441
f 3894/7045/7447 4312/7044/7448 4311/7053/7446 4125/7054/7445
s off
f 4313/7037/7449 4312/7044/7450 3894/7045/7451 3893/7038/7452
s 129
f 4314/7029/7453 4313/7037/7454 3893/7038/7455 4105/7022/7456
f 4281/7025/7457 4617/7026/7458 4618/7017/6687 3892/7018/6690
s 114
f 4281/5073/7403 4282/5061/7402 4316/5072/6611 4315/5083/6613
f 4282/5061/7402 4283/5050/7404 4317/5060/6610 4316/5072/6611
f 4318/5046/6608 4317/5060/6610 4283/5050/7404 4284/5047/7405
f 4319/5030/6604 4318/5046/6608 4284/5047/7405 4285/5031/7406
f 4320/5011/6605 4319/5030/6604 4285/5031/7406 4286/5012/7407
f 4321/4966/6674 4320/5011/6605 4286/5012/7407 4287/4967/7408
s 112
f 4579/6910/6671 4322/6915/6670 4288/6909/7410 4578/6904/7409
f 4324/6902/6666 4323/6905/7122 4289/6899/7412 4290/6896/7411
f 4325/6901/6667 4324/6902/6666 4290/6896/7411 4291/6895/7413
s 124
f 4825/4728/6663 4824/4747/6662 4841/4729/7415 4842/4710/7414
s 121
f 4327/4690/6658 4326/4712/6660 4292/4689/7417 4293/4667/7416
f 4328/4668/6656 4327/4690/6658 4293/4667/7416 4294/4644/7418
f 4329/4645/6654 4328/4668/6656 4294/4644/7418 4295/4621/7419
f 4330/4622/6652 4329/4645/6654 4295/4621/7419 4296/4598/7420
f 4331/4599/6650 4330/4622/6652 4296/4598/7420 4297/4575/7421
f 4332/4576/6648 4331/4599/6650 4297/4575/7421 4298/4551/7422
f 4333/4552/6644 4332/4576/6648 4298/4551/7422 4299/4524/7423
f 4334/4525/6645 4333/4552/6644 4299/4524/7423 4300/4499/7424
s 221
f 4750/4502/6640 4752/4527/6642 4783/4501/7426 4784/4476/7425
f 4748/4477/6638 4750/4502/6640 4784/4476/7425 4785/4454/7427
f 4744/4463/6634 4748/4477/6638 4785/4454/7427 4786/4440/7428
f 4896/4462/6635 4744/4463/6634 4786/4440/7428 4895/4439/7429
s 115
f 4336/4507/6630 4335/4482/6632 4301/4459/7431 4302/4481/7430
f 4337/4532/6628 4336/4507/6630 4302/4481/7430 4303/4506/7432
f 4338/4559/6624 4337/4532/6628 4303/4506/7432 4304/4531/7433
f 4339/4583/6625 4338/4559/6624 4304/4531/7433 4305/4558/7434
s 260
f 4340/7195/6908 4339/7196/6907 4305/7192/7436 4306/7191/7435
f 4341/7198/7017 4340/7195/6908 4306/7191/7435 4307/7194/7437
f 4342/7201/7018 4341/7198/7017 4307/7194/7437 4308/7197/7438
s 119
f 4343/5104/6621 4342/5105/6620 4308/5103/7440 4309/5102/7439
s 291
f 4534/7314/7459 4533/7315/7460 4535/7316/7461 4536/7317/7462
f 4538/7318/7463 4537/7319/7464 4533/7315/7460 4534/7314/7459
f 4539/7320/7465 4540/7321/7466 4537/7319/7464 4538/7318/7463
s off
f 4541/7322/7467 4540/7321/7468 4539/7320/7469 4542/7323/7470
f 4543/7324/7471 4541/7322/7472 4542/7323/7473 4544/7325/7474
s 129
f 4315/7032/6617 4616/7033/6616 4617/7026/7458 4281/7025/7457
s 114
f 3918/5019/6758 3917/4999/6756 4350/5018/7475 4349/5035/7476
f 3917/4999/6756 3916/4955/6753 4351/5001/7477 4350/5018/7475
f 4352/4998/7478 4351/5001/7477 3916/4955/6753 3915/4951/6751
f 4353/4997/7479 4352/4998/7478 3915/4951/6751 3914/4952/6747
f 4354/5015/7480 4353/4997/7479 3914/4952/6747 3913/4996/6750
f 4355/4970/7481 4354/5015/7480 3913/4996/6750 3938/4971/6817
s 112
f 4575/6886/7482 4356/6891/7483 3937/6885/6813 4574/6879/6816
f 4358/6878/7484 4357/6880/7485 4075/6872/7117 3936/6870/6809
f 4359/6877/7486 4358/6878/7484 3936/6870/6809 3935/6871/6812
s 124
f 4844/4640/7487 4843/4665/7488 4831/4641/6805 4834/4616/6808
s 121
f 4361/4595/7489 4360/4618/7490 3934/4594/6803 3933/4571/6801
f 4362/4572/7491 4361/4595/7489 3933/4571/6801 3932/4547/6799
f 4363/4548/7492 4362/4572/7491 3932/4547/6799 3931/4520/6797
f 4364/4521/7493 4363/4548/7492 3931/4520/6797 3930/4495/6795
f 4365/4496/7494 4364/4521/7493 3930/4495/6795 3929/4470/6793
f 4366/4471/7495 4365/4496/7494 3929/4470/6793 3928/4448/6791
f 4367/4449/7496 4366/4471/7495 3928/4448/6791 3927/4425/6787
f 4368/4426/7497 4367/4449/7496 3927/4425/6787 3926/4400/6790
s 221
f 4789/4403/7498 4788/4428/7499 4771/4402/6785 4769/4376/6783
f 4790/4377/7500 4789/4403/7498 4769/4376/6783 4767/4348/6781
f 4791/4363/7501 4790/4377/7500 4767/4348/6781 4763/4337/6777
f 4892/4362/7502 4791/4363/7501 4763/4337/6777 4891/4338/6780
s 115
f 4370/4412/7503 4369/4387/7504 3925/4359/6775 3924/4386/6773
f 4371/4434/7505 4370/4412/7503 3924/4386/6773 3923/4411/6771
f 4372/4456/7506 4371/4434/7505 3923/4411/6771 3922/4433/6767
f 4373/4478/7507 4372/4456/7506 3922/4433/6767 3921/4455/6770
s 260
f 4374/7179/7508 4373/7180/7509 3921/7175/6922 4113/7176/6925
f 4375/7182/7510 4374/7179/7508 4113/7176/6925 4046/7178/7008
f 4376/7185/7511 4375/7182/7510 4046/7178/7008 4021/7181/7011
s 119
f 4377/5096/7512 4376/5097/7513 4021/5094/6763 4022/5095/6766
s 292
f 4546/7326/7514 4545/7327/7515 4547/7328/7516 4548/7329/7517
f 4550/7330/7518 4549/7331/7519 4545/7327/7515 4546/7326/7514
f 4551/7332/7520 4552/7333/7521 4549/7331/7519 4550/7330/7518
s off
f 4553/7334/7522 4552/7333/7523 4551/7332/7524 4554/7335/7525
f 4555/7336/7526 4553/7334/7527 4554/7335/7528 4556/7337/7529
s 129
f 4349/7000/7530 4620/7001/7531 4621/6993/6759 3918/6994/6762
s 114
f 4349/5035/7476 4350/5018/7475 4384/5034/6683 4383/5049/6685
f 4350/5018/7475 4351/5001/7477 4385/5020/6682 4384/5034/6683
f 4386/5017/6680 4385/5020/6682 4351/5001/7477 4352/4998/7478
f 4387/5016/6676 4386/5017/6680 4352/4998/7478 4353/4997/7479
f 4388/5014/6677 4387/5016/6676 4353/4997/7479 4354/5015/7480
f 4389/4969/6746 4388/5014/6677 4354/5015/7480 4355/4970/7481
s 112
f 4576/6892/6743 4390/6897/6742 4356/6891/7483 4575/6886/7482
f 4392/6884/6738 4391/6887/7120 4357/6880/7485 4358/6878/7484
f 4393/6883/6739 4392/6884/6738 4358/6878/7484 4359/6877/7486
s 124
f 4829/4664/6735 4828/4688/6734 4843/4665/7488 4844/4640/7487
s 121
f 4395/4619/6730 4394/4642/6732 4360/4618/7490 4361/4595/7489
f 4396/4596/6728 4395/4619/6730 4361/4595/7489 4362/4572/7491
f 4397/4573/6726 4396/4596/6728 4362/4572/7491 4363/4548/7492
f 4398/4549/6724 4397/4573/6726 4363/4548/7492 4364/4521/7493
f 4399/4522/6722 4398/4549/6724 4364/4521/7493 4365/4496/7494
f 4400/4497/6720 4399/4522/6722 4365/4496/7494 4366/4471/7495
f 4401/4472/6716 4400/4497/6720 4366/4471/7495 4367/4449/7496
f 4402/4450/6717 4401/4472/6716 4367/4449/7496 4368/4426/7497
s 221
f 4760/4429/6712 4762/4452/6714 4788/4428/7499 4789/4403/7498
f 4758/4404/6710 4760/4429/6712 4789/4403/7498 4790/4377/7500
f 4754/4391/6706 4758/4404/6710 4790/4377/7500 4791/4363/7501
f 4893/4390/6707 4754/4391/6706 4791/4363/7501 4892/4362/7502
s 115
f 4404/4435/6702 4403/4413/6704 4369/4387/7504 4370/4412/7503
f 4405/4457/6700 4404/4435/6702 4370/4412/7503 4371/4434/7505
f 4406/4479/6696 4405/4457/6700 4371/4434/7505 4372/4456/7506
f 4407/4504/6697 4406/4479/6696 4372/4456/7506 4373/4478/7507
s 260
f 4408/7183/6916 4407/7184/6915 4373/7180/7509 4374/7179/7508
f 4409/7186/7013 4408/7183/6916 4374/7179/7508 4375/7182/7510
f 4410/7189/7014 4409/7186/7013 4375/7182/7510 4376/7185/7511
s 119
f 4411/5098/6693 4410/5099/6692 4376/5097/7513 4377/5096/7512
s 293
f 4378/7047/7532 4412/7046/7533 4411/7055/7534 4377/7056/7535
f 4379/7040/7536 4413/7039/7537 4412/7046/7533 4378/7047/7532
f 4380/7031/7538 4414/7030/7539 4413/7039/7537 4379/7040/7536
s off
f 4415/7023/7540 4414/7030/7541 4380/7031/7542 4381/7024/7543
s 129
f 4416/7016/7544 4415/7023/7545 4381/7024/7546 4382/7008/7547
f 4383/7010/6689 4619/7011/6688 4620/7001/7531 4349/7000/7530
s 114
f 3944/4877/6824 3943/4866/6823 4418/4876/7548 4417/4954/7549
f 3943/4866/6823 3942/4860/6822 4419/4869/7550 4418/4876/7548
f 4420/4865/7551 4419/4869/7550 3942/4860/6822 3941/4856/6821
f 4421/4864/7552 4420/4865/7551 3941/4856/6821 3940/4857/6819
f 4422/4873/7553 4421/4864/7552 3940/4857/6819 3939/4863/6820
f 4423/4879/7554 4422/4873/7553 3939/4863/6820 3966/4870/6861
s 112
f 4572/6867/7555 4424/6874/7556 3963/6875/7557 4571/6868/7558
f 4426/6857/7559 4425/6860/7560 4074/6852/7116 3962/6848/6855
f 4427/6856/7561 4426/6857/7559 3962/6848/6855 3961/6849/6856
s 124
f 4846/4567/7562 4845/4593/7563 4835/4568/6853 4836/4539/6854
s 121
f 4429/4518/7564 4428/4545/7565 3960/4516/6852 3959/4490/6851
f 4430/4493/7566 4429/4518/7564 3959/4490/6851 3958/4467/6850
f 4431/4468/7567 4430/4493/7566 3958/4467/6850 3957/4444/6849
f 4432/4446/7568 4431/4468/7567 3957/4444/6849 3956/4421/6848
f 4433/4423/7569 4432/4446/7568 3956/4421/6848 3955/4395/6847
f 4434/4397/7570 4433/4423/7569 3955/4395/6847 3954/4367/6846
f 4435/4372/7571 4434/4397/7570 3954/4367/6846 3953/4343/6844
f 4436/4344/7572 4435/4372/7571 3953/4343/6844 3952/4321/6845
s 221
f 4794/4323/7573 4793/4346/7574 4795/4322/7575 4796/4307/7576
f 4797/4308/7577 4794/4323/7573 4796/4307/7576 4798/4297/7578
f 4799/4303/7579 4797/4308/7577 4798/4297/7578 4800/4293/7580
f 4889/4302/7581 4799/4303/7579 4800/4293/7580 4888/4292/7582
s 115
f 4438/4333/7583 4437/4314/7584 3951/4300/6833 3950/4313/6832
f 4439/4357/7585 4438/4333/7583 3950/4313/6832 3949/4332/6831
f 4440/4384/7586 4439/4357/7585 3949/4332/6831 3948/4356/6829
f 4441/4409/7587 4440/4384/7586 3948/4356/6829 3947/4383/6830
s 260
f 4442/7167/7588 4441/7168/7589 3947/7162/6930 4112/7163/6931
f 4443/7170/7590 4442/7167/7588 4112/7163/6931 4045/7166/7006
f 4444/7173/7591 4443/7170/7590 4045/7166/7006 4023/7169/7007
s 119
f 4445/5090/7592 4444/5091/7593 4023/5088/6827 4024/5089/6828
s 262
f 4040/7003/6993 4446/7012/7594 4445/7019/7595 4024/7013/6994
f 4127/7002/7207 4447/7009/7596 4446/7012/7594 4040/7003/6993
f 3946/6999/7597 4448/6998/7598 4447/7009/7596 4127/7002/7207
s off
f 4449/6991/7599 4448/6998/7600 3946/6999/7601 3945/6992/7602
s 129
f 4450/6985/7603 4449/6991/7604 3945/6992/7605 4107/6980/7606
f 4417/6981/7607 4623/6982/7608 4624/6976/6825 3944/6977/6826
s 114
f 4417/4954/7549 4418/4876/7548 4452/4953/6755 4451/5000/6757
f 4418/4876/7548 4419/4869/7550 4453/4878/6754 4452/4953/6755
f 4454/4875/6752 4453/4878/6754 4419/4869/7550 4420/4865/7551
f 4455/4874/6748 4454/4875/6752 4420/4865/7551 4421/4864/7552
f 4456/4950/6749 4455/4874/6748 4421/4864/7552 4422/4873/7553
f 4457/4956/6818 4456/4950/6749 4422/4873/7553 4423/4879/7554
s 112
f 4573/6873/6815 4458/6881/6814 4424/6874/7556 4572/6867/7555
f 4460/6865/6810 4459/6866/7118 4425/6860/7560 4426/6857/7559
f 4461/6864/6811 4460/6865/6810 4426/6857/7559 4427/6856/7561
s 124
f 4833/4592/6807 4832/4617/6806 4845/4593/7563 4846/4567/7562
s 121
f 4463/4546/6802 4462/4570/6804 4428/4545/7565 4429/4518/7564
f 4464/4519/6800 4463/4546/6802 4429/4518/7564 4430/4493/7566
f 4465/4494/6798 4464/4519/6800 4430/4493/7566 4431/4468/7567
f 4466/4469/6796 4465/4494/6798 4431/4468/7567 4432/4446/7568
f 4467/4447/6794 4466/4469/6796 4432/4446/7568 4433/4423/7569
f 4468/4424/6792 4467/4447/6794 4433/4423/7569 4434/4397/7570
f 4469/4399/6788 4468/4424/6792 4434/4397/7570 4435/4372/7571
f 4470/4373/6789 4469/4399/6788 4435/4372/7571 4436/4344/7572
s 221
f 4770/4347/6784 4772/4375/6786 4793/4346/7574 4794/4323/7573
f 4768/4324/6782 4770/4347/6784 4794/4323/7573 4797/4308/7577
f 4764/4318/6778 4768/4324/6782 4797/4308/7577 4799/4303/7579
f 4890/4317/6779 4764/4318/6778 4799/4303/7579 4889/4302/7581
s 115
f 4472/4358/6774 4471/4334/6776 4437/4314/7584 4438/4333/7583
f 4473/4385/6772 4472/4358/6774 4438/4333/7583 4439/4357/7585
f 4474/4410/6768 4473/4385/6772 4439/4357/7585 4440/4384/7586
f 4475/4432/6769 4474/4410/6768 4440/4384/7586 4441/4409/7587
s 260
f 4476/7171/6924 4475/7172/6923 4441/7168/7589 4442/7167/7588
f 4477/7174/7009 4476/7171/6924 4442/7167/7588 4443/7170/7590
f 4478/7177/7010 4477/7174/7009 4443/7170/7590 4444/7173/7591
s 119
f 4479/5092/6765 4478/5093/6764 4444/5091/7593 4445/5090/7592
s 296
f 4558/7338/7609 4557/7339/7610 4559/7340/7611 4560/7341/7612
f 4562/7342/7613 4561/7343/7614 4557/7339/7610 4558/7338/7609
f 4563/7344/7615 4564/7345/7616 4561/7343/7614 4562/7342/7613
s off
f 4565/7346/7617 4564/7345/7618 4563/7344/7619 4566/7347/7620
f 4567/7348/7621 4565/7346/7622 4566/7347/7623 4568/7349/7624
s 129
f 4451/6986/6761 4622/6987/6760 4623/6982/7608 4417/6981/7607
s 297
f 3842/2498/7625 4123/2499/7626 4487/2500/7627 4486/2501/7628
s 298
f 4277/2510/7629 4278/2511/7630 4485/2512/7631 4488/2513/7632
s 297
f 4036/2502/7633 4016/2506/7634 4491/2507/7635 4489/2503/7636
s off
f 4016/5324/7637 4275/5325/7638 4492/5326/7639 4491/5327/7640
s 298
f 4275/2520/7641 4276/2516/7642 4490/2517/7643 4492/2521/7644
f 4278/2511/7630 4279/2514/7645 4493/2515/7646 4485/2512/7631
s 297
f 3841/2504/7647 3842/2498/7625 4486/2501/7628 4494/2505/7648
s 298
f 4279/2514/7645 4280/2518/7649 4495/2519/7650 4493/2515/7646
s off
f 4280/5328/7651 4103/5329/7652 4496/5330/7653 4495/5331/7654
s 297
f 4103/2508/7655 3841/2504/7647 4494/2505/7648 4496/2509/7656
f 4123/2499/7626 4036/2502/7633 4489/2503/7636 4487/2500/7627
s 298
f 4276/2516/7642 4277/2510/7629 4488/2513/7632 4490/2517/7643
s 299
f 3894/2522/7657 4125/2523/7658 4499/2524/7659 4498/2525/7660
s 300
f 4413/2534/7661 4414/2535/7662 4497/2536/7663 4500/2537/7664
s 299
f 4038/2526/7665 4020/2530/7666 4503/2531/7667 4501/2527/7668
s off
f 4020/5332/7669 4411/5333/7670 4504/5334/7671 4503/5335/7672
s 300
f 4411/2544/7673 4412/2540/7674 4502/2541/7675 4504/2545/7676
f 4414/2535/7662 4415/2538/7677 4505/2539/7678 4497/2536/7663
s 299
f 3893/2528/7679 3894/2522/7657 4498/2525/7660 4506/2529/7680
s 300
f 4415/2538/7677 4416/2542/7681 4507/2543/7682 4505/2539/7678
s off
f 4416/5336/7683 4105/5337/7684 4508/5338/7685 4507/5339/7686
s 299
f 4105/2532/7687 3893/2528/7679 4506/2529/7680 4508/2533/7688
f 4125/2523/7658 4038/2526/7665 4501/2527/7668 4499/2524/7659
s 300
f 4412/2540/7674 4413/2534/7661 4500/2537/7664 4502/2541/7675
s 301
f 4208/2546/7689 4207/2547/7690 4511/2548/7691 4509/2549/7692
s off
f 4207/5340/7693 4173/5341/7694 4512/5342/7695 4511/5343/7696
s 302
f 4173/2558/7697 4174/2559/7698 4510/2560/7699 4512/2561/7700
s 301
f 4209/2550/7701 4208/2546/7689 4509/2549/7692 4513/2551/7702
s 302
f 4174/2559/7698 4175/2562/7703 4514/2563/7704 4510/2560/7699
s 301
f 4210/2552/7705 4209/2550/7701 4513/2551/7702 4516/2553/7706
s 302
f 4175/2562/7703 4176/2564/7707 4515/2565/7708 4514/2563/7704
s 301
f 4211/2554/7709 4210/2552/7705 4516/2553/7706 4517/2555/7710
s 302
f 4176/2564/7707 4177/2566/7711 4518/2567/7712 4515/2565/7708
s 301
f 4212/2556/7713 4211/2554/7709 4517/2555/7710 4519/2557/7714
s 302
f 4177/2566/7711 4178/2568/7715 4520/2569/7716 4518/2567/7712
s off
f 4178/5344/7717 4212/5345/7718 4519/5346/7719 4520/5347/7720
s 303
f 4242/2570/7721 4241/2571/7722 4523/2572/7723 4521/2573/7724
s off
f 4241/5348/7725 4018/5349/7726 4524/5350/7727 4523/5351/7728
s 304
f 4018/2582/7729 4037/2583/7730 4522/2584/7731 4524/2585/7732
s 303
f 4243/2574/7733 4242/2570/7721 4521/2573/7724 4525/2575/7734
s 304
f 4037/2583/7730 4124/2586/7735 4526/2587/7736 4522/2584/7731
s 303
f 4244/2576/7737 4243/2574/7733 4525/2575/7734 4528/2577/7738
s 304
f 4124/2586/7735 3868/2588/7739 4527/2589/7740 4526/2587/7736
s 303
f 4245/2578/7741 4244/2576/7737 4528/2577/7738 4529/2579/7742
s 304
f 3868/2588/7739 3867/2590/7743 4530/2591/7744 4527/2589/7740
s 303
f 4246/2580/7745 4245/2578/7741 4529/2579/7742 4531/2581/7746
s 304
f 3867/2590/7743 4104/2592/7747 4532/2593/7748 4530/2591/7744
s off
f 4104/5352/7749 4246/5353/7750 4531/5354/7751 4532/5355/7752
s 305
f 4344/2594/7753 4343/2595/7754 4535/2596/7755 4533/2597/7756
s off
f 4343/5356/7757 4309/5357/7758 4536/5358/7759 4535/5359/7760
s 306
f 4309/2606/7761 4310/2607/7762 4534/2608/7763 4536/2609/7764
s 305
f 4345/2598/7765 4344/2594/7753 4533/2597/7756 4537/2599/7766
s 306
f 4310/2607/7762 4311/2610/7767 4538/2611/7768 4534/2608/7763
s 305
f 4346/2600/7769 4345/2598/7765 4537/2599/7766 4540/2601/7770
s 306
f 4311/2610/7767 4312/2612/7771 4539/2613/7772 4538/2611/7768
s 305
f 4347/2602/7773 4346/2600/7769 4540/2601/7770 4541/2603/7774
s 306
f 4312/2612/7771 4313/2614/7775 4542/2615/7776 4539/2613/7772
s 305
f 4348/2604/7777 4347/2602/7773 4541/2603/7774 4543/2605/7778
s 306
f 4313/2614/7775 4314/2616/7779 4544/2617/7780 4542/2615/7776
s off
f 4314/5360/7781 4348/5361/7782 4543/5362/7783 4544/5363/7784
s 307
f 4378/2618/7785 4377/2619/7786 4547/2620/7787 4545/2621/7788
s off
f 4377/5364/7789 4022/5365/7790 4548/5366/7791 4547/5367/7792
s 308
f 4022/2630/7793 4039/2631/7794 4546/2632/7795 4548/2633/7796
s 307
f 4379/2622/7797 4378/2618/7785 4545/2621/7788 4549/2623/7798
s 308
f 4039/2631/7794 4126/2634/7799 4550/2635/7800 4546/2632/7795
s 307
f 4380/2624/7801 4379/2622/7797 4549/2623/7798 4552/2625/7802
s 308
f 4126/2634/7799 3920/2636/7803 4551/2637/7804 4550/2635/7800
s 307
f 4381/2626/7805 4380/2624/7801 4552/2625/7802 4553/2627/7806
s 308
f 3920/2636/7803 3919/2638/7807 4554/2639/7808 4551/2637/7804
s 307
f 4382/2628/7809 4381/2626/7805 4553/2627/7806 4555/2629/7810
s 308
f 3919/2638/7807 4106/2640/7811 4556/2641/7812 4554/2639/7808
s off
f 4106/5368/7813 4382/5369/7814 4555/5370/7815 4556/5371/7816
s 309
f 4480/2642/7817 4479/2643/7818 4559/2644/7819 4557/2645/7820
s off
f 4479/5372/7821 4445/5373/7822 4560/5374/7823 4559/5375/7824
s 310
f 4445/2654/7825 4446/2655/7826 4558/2656/7827 4560/2657/7828
s 309
f 4481/2646/7829 4480/2642/7817 4557/2645/7820 4561/2647/7830
s 310
f 4446/2655/7826 4447/2658/7831 4562/2659/7832 4558/2656/7827
s 309
f 4482/2648/7833 4481/2646/7829 4561/2647/7830 4564/2649/7834
s 310
f 4447/2658/7831 4448/2660/7835 4563/2661/7836 4562/2659/7832
s 309
f 4483/2650/7837 4482/2648/7833 4564/2649/7834 4565/2651/7838
s 310
f 4448/2660/7835 4449/2662/7839 4566/2663/7840 4563/2661/7836
s 309
f 4484/2652/7841 4483/2650/7837 4565/2651/7838 4567/2653/7842
s 310
f 4449/2662/7839 4450/2664/7843 4568/2665/7844 4566/2663/7840
s off
f 4450/5376/7845 4484/5377/7846 4567/5378/7847 4568/5379/7848
s 112
f 4570/6850/5328 4569/6851/5327 4072/6843/7115 4073/6842/7114
s off
f 4654/7350/7849 4653/7351/7850 4655/7352/7851 4656/7353/7852
s 112
f 4425/6860/7560 4572/6867/7555 4571/6868/7558 4074/6852/7116
f 4459/6866/7118 4573/6873/6815 4572/6867/7555 4425/6860/7560
f 4574/6879/6816 4573/6873/6815 4459/6866/7118 4075/6872/7117
f 4357/6880/7485 4575/6886/7482 4574/6879/6816 4075/6872/7117
f 4391/6887/7120 4576/6892/6743 4575/6886/7482 4357/6880/7485
f 4577/6898/6744 4576/6892/6743 4391/6887/7120 4076/6893/7119
f 4289/6899/7412 4578/6904/7409 4577/6898/6744 4076/6893/7119
f 4323/6905/7122 4579/6910/6671 4578/6904/7409 4289/6899/7412
f 4580/6916/6672 4579/6910/6671 4323/6905/7122 4077/6911/7121
f 4221/6917/7339 4581/6922/7336 4580/6916/6672 4077/6911/7121
f 4255/6923/7124 4582/6928/6599 4581/6922/7336 4221/6917/7339
f 4583/6934/6600 4582/6928/6599 4255/6923/7124 4078/6929/7123
f 4153/6935/7266 4584/6940/7263 4583/6934/6600 4078/6929/7123
f 4187/6941/7126 4585/6946/6528 4584/6940/7263 4153/6935/7266
f 4586/6952/6529 4585/6946/6528 4187/6941/7126 4079/6947/7125
s off
f 4658/7354/7853 4657/7355/7854 4659/7356/7855 4660/7357/7856
s 112
f 4588/6962/6412 4587/6963/6411 4080/6953/7127 4081/6958/7128
s 130
f 4081/2129/7132 4082/2125/7131 4589/2122/5321 4588/2126/5323
f 4082/2125/7131 4083/2121/7134 4590/2118/5319 4589/2122/5321
f 4083/2121/7134 4084/2117/7136 4591/2114/5317 4590/2118/5319
f 4084/2117/7136 4085/2113/7138 4592/2110/5315 4591/2114/5317
f 4085/2113/7138 4086/2109/7140 4593/2106/5313 4592/2110/5315
f 4086/2109/7140 4087/2105/7142 4594/2102/5311 4593/2106/5313
f 4087/2105/7142 4088/2101/7144 4595/2099/5310 4594/2102/5311
f 4596/2094/5307 4595/2099/5310 4088/2101/7144 4089/2097/7145
f 4089/2097/7145 4090/2093/7148 4597/2090/5305 4596/2094/5307
f 4090/2093/7148 4091/2089/7150 4598/2086/5303 4597/2090/5305
f 4091/2089/7150 4092/2085/7152 4599/2082/5301 4598/2086/5303
f 4092/2085/7152 4093/2081/7154 4600/2078/5297 4599/2082/5301
f 4093/2081/7154 4917/2077/7156 4918/2075/5298 4600/2078/5297
f 4094/2073/7160 4095/2069/7159 4602/2066/5293 4601/2070/5295
f 4095/2069/7159 4096/2065/7162 4603/2061/5291 4602/2066/5293
f 4096/2065/7162 4097/2060/7164 4604/2055/5289 4603/2061/5291
f 4097/2060/7164 4098/2057/7166 4605/2052/5288 4604/2055/5289
f 4606/2048/5284 4605/2052/5288 4098/2057/7166 4099/2053/7167
f 4607/2049/5285 4606/2048/5284 4099/2053/7167 4100/2054/7857
s 129
f 4100/7109/7174 4101/7100/7173 4608/7096/6356 4607/7105/6355
f 4101/7100/7173 4102/7091/7182 4609/7089/6451 4608/7096/6356
f 4102/7091/7182 4212/7084/7181 4610/7081/6494 4609/7089/6451
f 4611/7074/7312 4610/7081/6494 4212/7084/7181 4178/7077/7307
f 4612/7064/6543 4611/7074/7312 4178/7077/7307 4103/7068/7310
f 4103/7068/7310 4280/7061/7398 4613/7058/6544 4612/7064/6543
f 4614/7049/7385 4613/7058/6544 4280/7061/7398 4246/7052/7401
f 4615/7041/6615 4614/7049/7385 4246/7052/7401 4104/7043/7190
f 4104/7043/7190 4348/7036/7189 4616/7033/6616 4615/7041/6615
f 4617/7026/7458 4616/7033/6616 4348/7036/7189 4314/7029/7453
f 4618/7017/6687 4617/7026/7458 4314/7029/7453 4105/7022/7456
f 4105/7022/7456 4416/7016/7544 4619/7011/6688 4618/7017/6687
f 4620/7001/7531 4619/7011/6688 4416/7016/7544 4382/7008/7547
f 4621/6993/6759 4620/7001/7531 4382/7008/7547 4106/6997/7198
f 4106/6997/7198 4484/6990/7197 4622/6987/6760 4621/6993/6759
f 4623/6982/7608 4622/6987/6760 4484/6990/7197 4450/6985/7603
f 4624/6976/6825 4623/6982/7608 4450/6985/7603 4107/6980/7606
f 4107/6980/7606 4108/6974/7206 4625/6970/5279 4624/6976/6825
f 4108/6974/7206 4053/6975/7205 4626/6971/5280 4625/6970/5279
s 127
f 4053/2038/7858 4054/2029/7074 4627/2021/5275 4626/2030/5277
f 4054/2029/7074 4055/2023/7077 4628/2014/5274 4627/2021/5275
f 4629/2006/5272 4628/2014/5274 4055/2023/7077 4056/2015/7078
f 4630/1998/5270 4629/2006/5272 4056/2015/7078 4057/2007/7080
f 4631/1990/5266 4630/1998/5270 4057/2007/7080 4058/1999/7082
f 4632/1982/5267 4631/1990/5266 4058/1999/7082 4059/1991/7084
f 4633/1968/5262 4873/1974/5264 4874/1983/7087 4060/1975/7086
f 4634/1964/5258 4633/1968/5262 4060/1975/7086 4061/1969/7090
f 4635/1965/5259 4634/1964/5258 4061/1969/7090 4062/1970/7092
f 4636/1971/5348 4635/1965/5259 4062/1970/7092 4063/1978/7094
f 4637/1979/5346 4636/1971/5348 4063/1978/7094 4064/1986/7096
f 4638/1987/5344 4637/1979/5346 4064/1986/7096 4065/1994/7098
f 4639/1995/5342 4638/1987/5344 4065/1994/7098 4066/2002/7100
f 4640/2003/5340 4639/1995/5342 4066/2002/7100 4067/2010/7102
f 4641/2011/5338 4640/2003/5340 4067/2010/7102 4068/2018/7104
f 4642/2019/5336 4641/2011/5338 4068/2018/7104 4069/2026/7106
f 4643/2027/5334 4642/2019/5336 4069/2026/7106 4070/2034/7108
f 4644/2035/5330 4643/2027/5334 4070/2034/7108 4071/2040/7110
f 4569/2041/5331 4644/2035/5330 4071/2040/7110 4072/2045/7112
s off
f 3793/4933/7859 3831/4932/7860 4646/4984/7861 4645/4985/7862
f 3831/2666/7863 4586/2667/7864 4647/2668/7865 4646/2669/7866
f 4586/5380/7867 4587/5381/7868 4648/5382/7869 4647/5383/7870
f 4587/2670/7871 3793/2671/7872 4645/2672/7873 4648/2673/7874
f 3963/4917/7875 3991/4916/7876 4650/4982/7877 4649/4983/7878
f 3991/2674/7879 4570/2675/7880 4651/2676/7881 4650/2677/7882
f 4570/5384/7883 4571/5385/7884 4652/5386/7885 4651/5387/7886
f 4571/2678/7887 3963/2679/7888 4649/2680/7889 4652/2681/7890
f 4571/5388/7891 4570/5389/7892 4653/5390/7893 4654/5391/7894
f 4570/2682/7895 4073/2683/7896 4655/2684/7897 4653/2685/7898
f 4073/5392/7899 4074/5393/7900 4656/5394/7901 4655/5395/7902
f 4074/2686/7903 4571/2687/7904 4654/2688/7905 4656/2689/7906
f 4587/5396/7907 4586/5397/7908 4657/5398/7909 4658/5399/7910
f 4586/2690/7911 4079/2691/7912 4659/2692/7913 4657/2693/7914
f 4079/5400/7915 4080/5401/7916 4660/5402/7917 4659/5403/7918
f 4080/2694/7919 4587/2695/7920 4658/2696/7921 4660/2697/7922
s 311
f 3355/2698/7923 4884/2699/7924 4885/2700/7925 4662/2701/7926
s 312
f 3336/4289/7927 3979/4290/7928 4664/4283/7929 4663/4282/7930
s off
f 3980/4304/7931 3400/4305/7932 4666/4295/7933 4665/4294/7934
s 311
f 3400/2708/7935 3352/2706/7936 4667/2707/7937 4666/2709/7938
f 3360/2704/7939 3355/2698/7923 4662/2701/7926 4670/2705/7940
f 3352/2706/7936 3360/2704/7939 4670/2705/7940 4667/2707/7937
s 312
f 3781/4683/7941 3335/4706/7942 4674/4707/7943 4673/4684/7944
s 315
f 4907/2710/7945 3354/2711/7946 4671/2712/7947 4906/2713/7948
f 3354/2711/7946 3359/2714/7949 4675/2715/7950 4671/2712/7947
f 3359/2714/7949 3351/2718/7951 4677/2719/7952 4675/2715/7950
s off
f 3399/4738/7953 3782/4720/7954 4680/4721/7955 4679/4739/7956
s 315
f 3351/2718/7951 3399/2720/7957 4679/2721/7958 4677/2719/7952
s 312
f 3819/4659/7959 3781/4683/7941 4673/4684/7944 4682/4660/7960
s 316
f 3782/4720/7961 3820/4697/7962 4685/4698/7963 4680/4721/7964
s 312
f 4199/4635/7965 3819/4659/7959 4682/4660/7960 4686/4636/7966
s 316
f 3820/4697/7962 4198/4674/7967 4687/4675/7968 4685/4698/7963
s 312
f 4267/4562/7969 3847/4587/7970 4689/4588/7971 4688/4563/7972
s 316
f 3848/4626/7973 4266/4602/7974 4691/4603/7975 4690/4627/7976
s 312
f 4335/4482/7977 3873/4508/7978 4693/4509/7979 4692/4483/7980
s 316
f 3874/4553/7981 4334/4525/7982 4695/4526/7983 4694/4554/7984
s 312
f 4403/4413/7985 3899/4436/7986 4697/4437/7987 4696/4414/7988
s 316
f 3900/4473/7989 4402/4450/7990 4699/4451/7991 4698/4474/7992
s 312
f 4471/4334/7993 3925/4359/7994 4701/4360/7995 4700/4335/7996
s 316
f 3926/4400/7997 4470/4373/7998 4703/4374/7999 4702/4401/8000
s 312
f 3979/4290/7928 3951/4300/8001 4705/4291/8002 4664/4283/7929
s 316
f 3952/4321/8003 3980/4304/8004 4665/4294/8005 4708/4306/8006
f 4164/4650/8007 3848/4626/7973 4690/4627/7976 4709/4651/8008
s 312
f 3847/4587/7970 4165/4611/8009 4710/4612/8010 4689/4588/7971
s 316
f 4198/4674/7967 4164/4650/8007 4709/4651/8008 4687/4675/7968
s 312
f 4165/4611/8009 4199/4635/7965 4686/4636/7966 4710/4612/8010
s 316
f 4232/4578/8011 3874/4553/7981 4694/4554/7984 4711/4579/8012
s 312
f 3873/4508/7978 4233/4534/8013 4712/4535/8014 4693/4509/7979
s 316
f 4266/4602/7974 4232/4578/8011 4711/4579/8012 4691/4603/7975
s 312
f 4233/4534/8013 4267/4562/7969 4688/4563/7972 4712/4535/8014
s 316
f 4300/4499/8015 3900/4473/7989 4698/4474/7992 4713/4500/8016
s 312
f 3899/4436/7986 4301/4459/8017 4714/4460/8018 4697/4437/7987
s 316
f 4334/4525/7982 4300/4499/8015 4713/4500/8016 4695/4526/7983
s 312
f 4301/4459/8017 4335/4482/7977 4692/4483/7980 4714/4460/8018
s 316
f 4368/4426/8019 3926/4400/7997 4702/4401/8000 4715/4427/8020
s 312
f 3925/4359/7994 4369/4387/8021 4716/4388/8022 4701/4360/7995
s 316
f 4402/4450/7990 4368/4426/8019 4715/4427/8020 4699/4451/7991
s 312
f 4369/4387/8021 4403/4413/7985 4696/4414/7988 4716/4388/8022
s 316
f 4436/4344/8023 3952/4321/8003 4708/4306/8006 4717/4345/8024
s 312
f 3951/4300/8001 4437/4314/8025 4718/4315/8026 4705/4291/8002
s 316
f 4470/4373/7998 4436/4344/8023 4717/4345/8024 4703/4374/7999
s 312
f 4437/4314/8025 4471/4334/7993 4700/4335/7996 4718/4315/8026
s off
f 3803/7358/8027 3833/7359/8028 4719/7360/8029 4720/7361/8030
f 3833/5404/8031 3832/5405/8032 4721/5406/8033 4719/5407/8034
f 3832/7362/8035 3802/7363/8036 4722/7364/8037 4721/7365/8038
s 326
f 4686/7366/8039 4682/7367/8040 4726/7368/8041 4725/7369/8042
s 327
f 4904/4662/8043 4681/4663/8044 4723/4638/8045 4903/4639/8046
f 4681/4663/8044 4683/4678/8047 4727/4654/8048 4723/4638/8045
f 4683/4678/8047 4684/4700/8049 4729/4677/8050 4727/4654/8048
s 328
f 4685/7398/8051 4687/7399/8052 4732/7400/8053 4731/7401/8054
s 327
f 4684/4700/8049 4685/4698/8055 4731/4699/8056 4729/4677/8050
s 326
f 4688/7374/8057 4689/7372/8058 4736/7373/8059 4735/7375/8060
s 328
f 4690/7404/8061 4691/7406/8062 4742/7407/8063 4741/7405/8064
s 326
f 4692/7380/8065 4693/7378/8066 4746/7379/8067 4745/7381/8068
s 328
f 4694/7410/8069 4695/7412/8070 4752/7413/8071 4751/7411/8072
s 326
f 4696/7386/8073 4697/7384/8074 4756/7385/8075 4755/7387/8076
s 328
f 4698/7416/8077 4699/7418/8078 4762/7419/8079 4761/7417/8080
s 326
f 4700/7392/8081 4701/7390/8082 4766/7391/8083 4765/7393/8084
s 328
f 4702/7422/8085 4703/7424/8086 4772/7425/8087 4771/7423/8088
f 4709/7402/8089 4690/7404/8061 4741/7405/8064 4773/7403/8090
s 326
f 4689/7372/8058 4710/7370/8091 4777/7371/8092 4736/7373/8059
s 328
f 4687/7399/8052 4709/7402/8089 4773/7403/8090 4732/7400/8053
s 326
f 4710/7370/8091 4686/7366/8039 4725/7369/8042 4777/7371/8092
s 328
f 4711/7408/8093 4694/7410/8069 4751/7411/8072 4778/7409/8094
s 326
f 4693/7378/8066 4712/7376/8095 4782/7377/8096 4746/7379/8067
s 328
f 4691/7406/8062 4711/7408/8093 4778/7409/8094 4742/7407/8063
s 326
f 4712/7376/8095 4688/7374/8057 4735/7375/8060 4782/7377/8096
s 328
f 4713/7414/8097 4698/7416/8077 4761/7417/8080 4783/7415/8098
s 326
f 4697/7384/8074 4714/7382/8099 4787/7383/8100 4756/7385/8075
s 328
f 4695/7412/8070 4713/7414/8097 4783/7415/8098 4752/7413/8071
s 326
f 4714/7382/8099 4692/7380/8065 4745/7381/8068 4787/7383/8100
s 328
f 4715/7420/8101 4702/7422/8085 4771/7423/8088 4788/7421/8102
s 326
f 4701/7390/8082 4716/7388/8103 4792/7389/8104 4766/7391/8083
s 328
f 4699/7418/8078 4715/7420/8101 4788/7421/8102 4762/7419/8079
s 326
f 4716/7388/8103 4696/7386/8073 4755/7387/8076 4792/7389/8104
s 328
f 4717/7426/8105 4708/7428/8106 4795/7429/8107 4793/7427/8108
s 337
f 4708/4306/8109 4707/4296/8110 4796/4307/8111 4795/4322/8112
f 4707/4296/8110 4706/4288/8113 4798/4297/8114 4796/4307/8111
f 4706/4288/8113 4704/4284/8115 4800/4293/8116 4798/4297/8114
f 4704/4284/8115 4887/4285/8117 4888/4292/8118 4800/4293/8116
s 326
f 4705/7396/8119 4718/7394/8120 4801/7395/8121 4802/7397/8122
s 328
f 4703/7424/8086 4717/7426/8105 4793/7427/8108 4772/7425/8087
s 326
f 4718/7394/8120 4700/7392/8081 4765/7393/8084 4801/7395/8121
s off
f 3965/7430/8123 4001/7431/8124 4803/7432/8125 4804/7433/8126
f 4000/7434/8127 3964/7435/8128 4806/7436/8129 4805/7437/8130
f 3964/5408/8131 3965/5409/8132 4804/5410/8133 4806/5411/8134
s 112
f 3989/6841/5166 3332/6840/5165 4808/6846/8135 4807/6847/8136
s off
f 3332/2722/8137 3384/2723/8138 4809/2724/8139 4808/2725/8140
s 338
f 3384/4488/8141 3988/4487/8142 4810/4513/8143 4809/4514/8144
s 112
f 3331/6956/6408 3791/6950/6407 4812/6954/8145 4811/6959/8146
s 338
f 3790/4830/8147 3383/4835/8148 4814/4839/8149 4813/4833/8150
s off
f 3383/2726/8151 3331/2727/8152 4811/2728/8153 4814/2729/8154
s 112
f 3791/6950/6407 3829/6944/6482 4815/6948/8155 4812/6954/8145
s 338
f 3828/4823/8156 3790/4830/8147 4813/4833/8150 4816/4828/8157
s 112
f 3829/6944/6482 4189/6937/6525 4817/6942/8158 4815/6948/8155
s 338
f 4190/4814/8159 3828/4823/8156 4816/4828/8157 4818/4821/8160
s 112
f 3857/6926/6596 4257/6919/6595 4820/6924/8161 4819/6930/8162
s 338
f 4258/4765/8163 3856/4782/8164 4822/4798/8165 4821/4780/8166
s 112
f 3883/6908/6668 4325/6901/6667 4824/6906/8167 4823/6912/8168
s 338
f 4326/4712/8169 3882/4730/8170 4826/4746/8171 4825/4728/8172
s 112
f 3909/6890/6740 4393/6883/6739 4828/6888/8173 4827/6894/8174
s 338
f 4394/4642/8175 3908/4666/8176 4830/4687/8177 4829/4664/8178
s 112
f 3935/6871/6812 4461/6864/6811 4832/6869/8179 4831/6876/8180
s 338
f 4462/4570/8181 3934/4594/8182 4834/4616/8183 4833/4592/8184
s 112
f 3961/6849/6856 3989/6841/5166 4807/6847/8136 4835/6855/8185
s 338
f 3988/4487/8142 3960/4516/8186 4836/4539/8187 4810/4513/8143
s 112
f 4155/6931/7267 3857/6926/6596 4819/6930/8162 4837/6936/8188
s 338
f 3856/4782/8164 4156/4800/8189 4838/4812/8190 4822/4798/8165
s 112
f 4189/6937/6525 4155/6931/7267 4837/6936/8188 4817/6942/8158
s 338
f 4156/4800/8189 4190/4814/8159 4818/4821/8160 4838/4812/8190
s 112
f 4223/6913/7340 3883/6908/6668 4823/6912/8168 4839/6918/8191
s 338
f 3882/4730/8170 4224/4748/8192 4840/4763/8193 4826/4746/8171
s 112
f 4257/6919/6595 4223/6913/7340 4839/6918/8191 4820/6924/8161
s 338
f 4224/4748/8192 4258/4765/8163 4821/4780/8166 4840/4763/8193
s 112
f 4291/6895/7413 3909/6890/6740 4827/6894/8174 4841/6900/8194
s 338
f 3908/4666/8176 4292/4689/8195 4842/4710/8196 4830/4687/8177
s 112
f 4325/6901/6667 4291/6895/7413 4841/6900/8194 4824/6906/8167
s 338
f 4292/4689/8195 4326/4712/8169 4825/4728/8172 4842/4710/8196
s 112
f 4359/6877/7486 3935/6871/6812 4831/6876/8180 4843/6882/8197
s 338
f 3934/4594/8182 4360/4618/8198 4844/4640/8199 4834/4616/8183
s 112
f 4393/6883/6739 4359/6877/7486 4843/6882/8197 4828/6888/8173
s 338
f 4360/4618/8198 4394/4642/8175 4829/4664/8178 4844/4640/8199
s 112
f 4427/6856/7561 3961/6849/6856 4835/6855/8185 4845/6863/8200
s 338
f 3960/4516/8186 4428/4545/8201 4846/4567/8202 4836/4539/8187
s 112
f 4461/6864/6811 4427/6856/7561 4845/6863/8200 4832/6869/8179
s 338
f 4428/4545/8201 4462/4570/8181 4833/4592/8184 4846/4567/8202
s off
f 3476/2730/8203 3471/2731/8204 4847/2732/8205 4848/2733/8206
f 3471/7438/8207 3573/7439/8208 4849/7440/8209 4847/7441/8210
f 3573/2259/8211 3584/2264/8212 4850/2270/8213 4849/2271/8214
f 3584/7442/8215 3476/7443/8216 4848/7444/8217 4850/7445/8218
f 3512/2734/8219 3515/2735/8220 4851/2736/8221 4852/2737/8222
f 3515/7446/8223 3661/7447/8224 4853/7448/8225 4851/7449/8226
f 3661/2381/8227 3656/2376/8228 4854/2386/8229 4853/2387/8230
f 3656/7450/8231 3512/7451/8232 4852/7452/8233 4854/7453/8234
s 114
f 3834/4959/6487 4185/4960/6530 4856/4885/8235 4855/4884/8236
f 4857/4886/8237 4856/4885/8235 4185/4960/6530 4151/4961/7262
f 4858/4887/8238 4857/4886/8237 4151/4961/7262 3860/4962/6601
f 3860/4962/6601 4253/4963/6602 4859/4888/8239 4858/4887/8238
f 4860/4889/8240 4859/4888/8239 4253/4963/6602 4219/4964/7335
f 4861/4890/8241 4860/4889/8240 4219/4964/7335 3886/4965/6673
f 3886/4965/6673 4321/4966/6674 4862/4891/8242 4861/4890/8241
f 4863/4892/8243 4862/4891/8242 4321/4966/6674 4287/4967/7408
f 4864/4893/8244 4863/4892/8243 4287/4967/7408 3912/4968/6745
f 3912/4968/6745 4389/4969/6746 4865/4894/8245 4864/4893/8244
f 4866/4895/8246 4865/4894/8245 4389/4969/6746 4355/4970/7481
f 4867/4896/8247 4866/4895/8246 4355/4970/7481 3938/4971/6817
f 3938/4971/6817 4457/4956/6818 4868/4897/8248 4867/4896/8247
f 4869/4898/8249 4868/4897/8248 4457/4956/6818 4423/4879/7554
f 4870/4880/8250 4869/4898/8249 4423/4879/7554 3966/4870/6861
f 3966/4870/6861 4004/4861/5187 4871/4872/8251 4870/4880/8250
f 4004/4861/5187 3333/4862/5190 4872/4871/8252 4871/4872/8251
s 127
f 3333/1981/5268 4632/1982/5267 4873/1974/5264 4872/1973/5263
f 4874/1983/7087 4873/1974/5264 4632/1982/5267 4059/1991/7084
f 4875/1992/7088 4874/1983/7087 4059/1991/7084 3412/2000/7085
s 150
f 3412/5168/8253 3491/5169/8254 4876/5165/5470 4875/5164/5469
s 207
f 4877/2416/6185 4876/2417/6184 3491/2412/8255 3729/2413/8256
s 199
f 4878/5258/5942 4877/5257/5941 3729/5260/8257 3731/5261/8258
s 208
f 3614/2324/8259 4879/2329/6187 4878/2335/6190 3731/2330/8260
s 176
f 3614/2324/8261 3613/2323/8262 4880/2328/5684 4879/2329/5683
s 184
f 3613/2323/5796 3610/2327/5795 4881/2332/5774 4880/2328/5773
s 174
f 3610/2327/8263 3609/2331/8264 4882/2336/5674 4881/2332/5673
s 149
f 3489/4309/8265 4883/4326/5463 4882/4351/5939 3609/4327/8266
f 3489/4309/8265 3336/4289/8267 4884/4325/5464 4883/4326/5463
s 311
f 4885/2700/7925 4884/2699/7924 3336/2702/8268 4663/2703/8269
s 113
f 4886/4279/5170 4885/4278/5169 4663/4282/8270 4664/4283/8271
s 259
f 4887/4285/6837 4886/4279/6836 4664/4283/8272 4705/4291/8273
s 337
f 4888/4292/8118 4887/4285/8117 4705/4291/8274 4802/4301/8275
s 221
f 4801/4316/8276 4889/4302/7581 4888/4292/7582 4802/4301/8277
f 4765/4336/8278 4890/4317/6779 4889/4302/7581 4801/4316/8276
f 4891/4338/6780 4890/4317/6779 4765/4336/8278 4766/4361/8279
f 4792/4389/8280 4892/4362/7502 4891/4338/6780 4766/4361/8279
f 4755/4415/8281 4893/4390/6707 4892/4362/7502 4792/4389/8280
f 4894/4417/6708 4893/4390/6707 4755/4415/8281 4756/4438/8282
f 4787/4461/8283 4895/4439/7429 4894/4417/6708 4756/4438/8282
f 4745/4484/8284 4896/4462/6635 4895/4439/7429 4787/4461/8283
f 4897/4486/6636 4896/4462/6635 4745/4484/8284 4746/4510/8285
f 4782/4536/8286 4898/4511/7356 4897/4486/6636 4746/4510/8285
f 4735/4564/8287 4899/4537/6563 4898/4511/7356 4782/4536/8286
f 4900/4566/6564 4899/4537/6563 4735/4564/8287 4736/4589/8288
f 4777/4613/8289 4901/4590/7283 4900/4566/6564 4736/4589/8288
f 4725/4637/8290 4902/4614/6505 4901/4590/7283 4777/4613/8289
f 4903/4639/6506 4902/4614/6505 4725/4637/8290 4726/4661/8291
s 327
f 4682/4660/8292 4904/4662/8043 4903/4639/8046 4726/4661/8293
s 220
f 4905/4686/6463 4904/4662/6462 4682/4660/8294 4673/4684/8295
s 213
f 4906/4709/6376 4905/4686/6375 4673/4684/8296 4674/4707/8297
s 315
f 3335/2716/8298 4907/2710/7945 4906/2713/7948 4674/2717/8299
s 134
f 4908/4759/5354 4907/4760/5353 3335/4706/8300 3450/4744/8301
f 4909/4779/5853 4908/4759/5354 3450/4744/8301 3532/4762/8302
s 164
f 4910/2217/5574 4909/2218/5573 3532/2212/8303 3531/2211/8304
s 183
f 4911/2222/5771 4910/2217/5770 3531/2211/5789 3534/2216/5792
s 167
f 3534/2216/8305 3533/2221/8306 4912/2226/5584 4911/2222/5583
s 206
f 4913/2230/6029 4912/2226/6028 3533/2221/8307 3692/2225/8308
s 193
f 3690/5210/8309 4914/5204/5855 4913/5207/5858 3692/5211/8310
s 205
f 3451/2154/8311 4915/2156/6023 4914/2157/6026 3690/2155/8312
s 137
f 3451/5128/8313 3425/5129/8314 4916/5125/5364 4915/5124/5363
s 130
f 4917/2077/7156 4916/2080/7155 3425/2076/7157 4094/2073/7160
f 4918/2075/5298 4917/2077/7156 4094/2073/7160 4601/2070/5295
f 4919/2074/5299 4918/2075/5298 4601/2070/5295 3334/2071/5296
s 114
f 3334/4957/6444 3806/4958/6443 4920/4883/8315 4919/4882/8316
f 3806/4958/6443 3834/4959/6487 4855/4884/8236 4920/4883/8315
s off
f 3419/2135/8317 3363/2133/8318 3367/2132/8319
f 3362/2738/8320 3418/2739/8321 3366/2740/8322
f 3353/4881/8323 4919/4882/8324 4920/4883/8325 4855/4884/8326 4856/4885/8327 4857/4886/8328 4858/4887/8329 4859/4888/8330 4860/4889/8331 4861/4890/8332 4862/4891/8333 4863/4892/8334 4864/4893/8335 4865/4894/8336 4866/4895/8337 4867/4896/8338 4868/4897/8339 4869/4898/8340 4870/4880/8341 4871/4872/8342 4872/4871/8343 3356/4899/8344 4003/4900/8345 4002/4901/8346 4927/4902/8347 3349/4903/8348 4928/4904/8349 4925/4905/8350 3397/4906/8351 4926/4907/8352 3999/4908/8353 3998/4909/8354 3997/4910/8355 3996/4911/8356 3995/4912/8357 3994/4913/8358 3993/4914/8359 3992/4915/8360 3991/4916/8361 3963/4917/8362 4424/4918/8363 4458/4919/8364 3937/4920/8365 4356/4921/8366 4390/4922/8367 3911/4923/8368 4288/4924/8369 4322/4925/8370 3885/4926/8371 4220/4927/8372 4254/4928/8373 3859/4929/8374 4152/4930/8375 4186/4931/8376 3831/4932/8377 3793/4933/8378 3794/4934/8379 3795/4935/8380 3796/4936/8381 3797/4937/8382 3798/4938/8383 3799/4939/8384 3800/4940/8385 3801/4941/8386 4922/4942/8387 3398/4943/8388 4921/4944/8389 4924/4945/8390 3350/4946/8391 4923/4947/8392 3804/4948/8393 3805/4949/8394
